lsoa,0
E01000006,2.0
E01000007,0.9166666666666666
E01000008,1.0
E01000009,1.4
E01000010,2.9166666666666665
E01000011,0.2857142857142857
E01000012,0.0
E01000013,1.2
E01000014,1.1666666666666667
E01000015,1.0
E01000016,0.8
E01000017,0.8571428571428571
E01000018,1.0
E01000019,1.0
E01000020,0.8888888888888888
E01000021,0.6923076923076923
E01000022,0.6666666666666666
E01000023,1.5294117647058822
E01000024,0.0
E01000025,0.7
E01000027,1.9333333333333333
E01000028,0.7142857142857143
E01000029,1.0625
E01000030,0.8
E01000031,0.375
E01000032,1.5555555555555556
E01000033,0.5
E01000034,0.5
E01000035,1.5714285714285714
E01000036,0.75
E01000037,0.6
E01000038,1.6666666666666667
E01000039,2.3333333333333335
E01000040,1.7777777777777777
E01000041,0.6666666666666666
E01000042,0.9230769230769231
E01000043,0.75
E01000044,1.3333333333333333
E01000045,1.1176470588235294
E01000046,0.6666666666666666
E01000048,0.5
E01000049,0.75
E01000050,0.8333333333333334
E01000051,0.8
E01000052,1.0833333333333333
E01000053,0.8461538461538461
E01000054,1.0833333333333333
E01000055,1.0
E01000056,1.125
E01000057,1.0
E01000058,1.5
E01000059,0.8333333333333334
E01000060,1.25
E01000061,1.0
E01000062,1.1818181818181819
E01000063,0.5
E01000064,1.0
E01000065,1.75
E01000066,1.2
E01000067,0.75
E01000068,1.1428571428571428
E01000069,0.8
E01000070,1.25
E01000071,1.8888888888888888
E01000072,1.0769230769230769
E01000073,0.5
E01000074,0.25
E01000075,1.3571428571428572
E01000076,1.75
E01000077,0.7857142857142857
E01000078,1.0
E01000079,0.75
E01000080,1.0
E01000081,0.6666666666666666
E01000082,0.6666666666666666
E01000083,0.3333333333333333
E01000084,0.5
E01000085,1.0
E01000086,0.5714285714285714
E01000087,1.3333333333333333
E01000088,0.35714285714285715
E01000089,0.7142857142857143
E01000090,0.6666666666666666
E01000091,1.6153846153846154
E01000092,2.7083333333333335
E01000093,1.6666666666666667
E01000094,0.9
E01000095,1.5
E01000096,0.9230769230769231
E01000097,1.0
E01000098,0.6
E01000099,0.9
E01000100,0.6
E01000101,1.4
E01000102,0.8333333333333334
E01000103,0.14285714285714285
E01000104,0.8571428571428571
E01000105,2.0869565217391304
E01000106,1.5
E01000107,0.8
E01000108,0.8
E01000109,1.5555555555555556
E01000110,1.25
E01000111,1.5294117647058822
E01000112,1.588235294117647
E01000113,1.0714285714285714
E01000114,2.1538461538461537
E01000115,0.7142857142857143
E01000116,0.5
E01000117,1.0
E01000118,1.9
E01000119,0.875
E01000120,0.7272727272727273
E01000121,0.3
E01000122,1.6363636363636365
E01000123,1.1111111111111112
E01000124,0.9230769230769231
E01000125,1.625
E01000126,0.0
E01000127,0.6666666666666666
E01000128,1.3888888888888888
E01000129,1.25
E01000130,1.4285714285714286
E01000131,1.6875
E01000132,0.8571428571428571
E01000133,0.16666666666666666
E01000134,0.9
E01000135,2.0
E01000136,1.375
E01000137,0.6
E01000138,1.6
E01000139,2.0
E01000140,1.8333333333333333
E01000141,1.5909090909090908
E01000142,1.3333333333333333
E01000143,1.1875
E01000144,2.4375
E01000145,1.15
E01000146,2.652173913043478
E01000147,1.0
E01000148,1.1
E01000150,1.6666666666666667
E01000151,1.4
E01000152,1.2857142857142858
E01000153,1.0909090909090908
E01000154,0.5714285714285714
E01000155,1.1333333333333333
E01000156,0.875
E01000157,1.0
E01000158,0.7692307692307693
E01000159,0.9375
E01000160,1.105263157894737
E01000161,1.8125
E01000162,0.8181818181818182
E01000163,0.6363636363636364
E01000164,0.9090909090909091
E01000165,1.6
E01000166,1.3571428571428572
E01000167,0.5714285714285714
E01000168,0.6666666666666666
E01000169,0.4
E01000170,0.6363636363636364
E01000171,0.6666666666666666
E01000172,1.8333333333333333
E01000173,1.0
E01000174,1.7692307692307692
E01000175,1.25
E01000176,1.0769230769230769
E01000177,1.1428571428571428
E01000178,1.0
E01000179,0.5
E01000180,0.75
E01000181,0.7857142857142857
E01000182,1.75
E01000183,0.8571428571428571
E01000184,1.3333333333333333
E01000185,0.0
E01000186,0.75
E01000187,0.875
E01000188,1.0
E01000189,1.1111111111111112
E01000190,1.5714285714285714
E01000191,0.9285714285714286
E01000192,1.4
E01000193,1.1818181818181819
E01000194,1.625
E01000195,0.6666666666666666
E01000196,1.625
E01000197,0.7857142857142857
E01000198,1.0
E01000199,1.3571428571428572
E01000200,0.4666666666666667
E01000201,1.2857142857142858
E01000202,1.411764705882353
E01000203,1.8
E01000204,1.0
E01000205,1.6666666666666667
E01000206,1.7058823529411764
E01000207,1.5384615384615385
E01000208,2.0555555555555554
E01000209,0.6666666666666666
E01000210,1.4166666666666667
E01000211,1.9411764705882353
E01000212,0.6666666666666666
E01000213,1.3333333333333333
E01000214,0.9
E01000215,1.2727272727272727
E01000216,1.6666666666666667
E01000217,0.7692307692307693
E01000218,1.3571428571428572
E01000219,1.3125
E01000220,1.1818181818181819
E01000221,0.8888888888888888
E01000222,1.5
E01000223,1.5294117647058822
E01000224,0.9
E01000225,1.0714285714285714
E01000226,1.5454545454545454
E01000227,1.2352941176470589
E01000228,1.0714285714285714
E01000229,0.3333333333333333
E01000230,1.0
E01000231,1.0625
E01000232,0.8181818181818182
E01000233,2.0
E01000234,1.125
E01000235,1.5
E01000236,0.9230769230769231
E01000237,1.7058823529411764
E01000238,1.8
E01000239,1.4
E01000240,1.5384615384615385
E01000241,0.8888888888888888
E01000242,0.9166666666666666
E01000243,1.2352941176470589
E01000244,1.8235294117647058
E01000245,2.857142857142857
E01000246,1.2857142857142858
E01000247,0.5
E01000248,1.0
E01000249,1.0
E01000250,2.125
E01000251,1.5333333333333334
E01000252,0.6666666666666666
E01000253,1.7692307692307692
E01000254,0.5
E01000255,1.0
E01000256,0.6666666666666666
E01000257,1.0666666666666667
E01000258,1.0666666666666667
E01000259,2.5714285714285716
E01000260,1.0769230769230769
E01000261,1.3076923076923077
E01000262,1.588235294117647
E01000263,1.1538461538461537
E01000264,1.6521739130434783
E01000265,0.9090909090909091
E01000266,1.3846153846153846
E01000267,1.6428571428571428
E01000268,0.4666666666666667
E01000269,0.5
E01000270,0.14285714285714285
E01000271,1.3076923076923077
E01000272,0.8888888888888888
E01000273,0.6666666666666666
E01000274,1.1538461538461537
E01000275,1.0714285714285714
E01000276,1.25
E01000277,0.8
E01000278,1.0833333333333333
E01000279,1.2
E01000280,0.7272727272727273
E01000281,1.1428571428571428
E01000282,1.4545454545454546
E01000283,1.0833333333333333
E01000284,1.5555555555555556
E01000285,1.125
E01000286,1.625
E01000287,1.0
E01000288,0.2857142857142857
E01000289,2.466666666666667
E01000290,0.6666666666666666
E01000291,1.8181818181818181
E01000292,2.0
E01000293,1.9230769230769231
E01000294,0.4
E01000295,0.8
E01000296,2.2857142857142856
E01000297,1.0
E01000298,1.25
E01000299,0.8666666666666667
E01000300,0.875
E01000301,1.1333333333333333
E01000302,0.4166666666666667
E01000303,1.1333333333333333
E01000304,1.0
E01000305,1.5384615384615385
E01000306,0.2857142857142857
E01000307,1.2352941176470589
E01000308,1.8461538461538463
E01000309,1.3333333333333333
E01000310,2.0
E01000311,1.5555555555555556
E01000312,1.6363636363636365
E01000313,0.75
E01000314,1.1904761904761905
E01000315,1.7857142857142858
E01000316,1.4
E01000317,1.5833333333333333
E01000318,1.375
E01000319,0.25
E01000320,1.3636363636363635
E01000321,1.0666666666666667
E01000322,1.4166666666666667
E01000323,1.3888888888888888
E01000324,0.5
E01000325,2.0
E01000326,0.5
E01000327,0.4
E01000328,0.4444444444444444
E01000329,0.8888888888888888
E01000330,0.25
E01000331,0.6666666666666666
E01000332,1.625
E01000333,1.9090909090909092
E01000334,1.0
E01000335,1.8125
E01000336,1.4666666666666666
E01000337,0.8571428571428571
E01000338,1.1111111111111112
E01000339,0.6666666666666666
E01000340,0.5
E01000341,0.0
E01000342,0.7142857142857143
E01000343,0.5714285714285714
E01000344,0.2
E01000345,0.0
E01000346,1.5
E01000347,2.0
E01000348,0.8571428571428571
E01000349,0.6666666666666666
E01000350,0.8
E01000351,0.8181818181818182
E01000352,0.6666666666666666
E01000353,1.25
E01000354,0.8571428571428571
E01000355,0.25
E01000356,0.5555555555555556
E01000357,2.8
E01000358,1.0
E01000359,0.4
E01000360,2.3333333333333335
E01000361,2.5
E01000362,0.9166666666666666
E01000363,1.75
E01000364,1.9
E01000365,0.0
E01000366,0.8888888888888888
E01000367,1.0833333333333333
E01000369,0.6
E01000370,0.75
E01000371,0.8
E01000372,0.75
E01000374,0.8
E01000375,0.5
E01000376,0.4
E01000377,0.625
E01000378,2.4
E01000379,1.2
E01000380,1.125
E01000381,0.6
E01000382,0.7
E01000383,2.3333333333333335
E01000384,0.6666666666666666
E01000385,1.2666666666666666
E01000386,1.8
E01000387,1.0
E01000388,1.1818181818181819
E01000389,1.0
E01000390,1.0
E01000391,0.6666666666666666
E01000392,1.0
E01000393,0.5
E01000394,0.16666666666666666
E01000396,1.0
E01000398,0.75
E01000399,0.875
E01000400,1.0
E01000401,0.42857142857142855
E01000402,0.6666666666666666
E01000403,1.7391304347826086
E01000404,1.2727272727272727
E01000405,1.0
E01000406,1.0
E01000407,0.5
E01000408,1.3571428571428572
E01000409,0.5714285714285714
E01000410,0.75
E01000411,1.0
E01000412,0.4
E01000413,1.375
E01000414,1.375
E01000415,0.0
E01000416,0.5
E01000417,0.6666666666666666
E01000418,0.5714285714285714
E01000419,2.0
E01000420,0.8333333333333334
E01000421,1.1666666666666667
E01000422,0.5454545454545454
E01000423,0.4444444444444444
E01000424,0.4
E01000425,0.2857142857142857
E01000426,0.5
E01000427,1.1666666666666667
E01000428,1.7777777777777777
E01000429,1.4
E01000430,1.4285714285714286
E01000431,0.8333333333333334
E01000432,0.8
E01000433,0.625
E01000434,0.5714285714285714
E01000435,0.42857142857142855
E01000436,0.4
E01000437,1.0
E01000438,0.6666666666666666
E01000439,1.0
E01000440,0.75
E01000441,0.8
E01000442,0.5555555555555556
E01000443,1.3333333333333333
E01000444,0.7142857142857143
E01000445,0.8
E01000446,0.0
E01000447,1.0
E01000448,1.0
E01000449,0.7777777777777778
E01000450,0.4
E01000451,1.0
E01000452,0.0
E01000453,0.6
E01000454,0.375
E01000455,1.6666666666666667
E01000456,1.0
E01000457,1.6666666666666667
E01000458,0.5714285714285714
E01000459,1.0
E01000460,0.9166666666666666
E01000461,1.0
E01000462,1.5
E01000463,0.0
E01000464,0.0
E01000465,0.0
E01000466,1.0
E01000467,1.5
E01000468,0.9
E01000469,0.42857142857142855
E01000470,0.0
E01000471,0.5
E01000472,1.1666666666666667
E01000473,0.5555555555555556
E01000474,1.2857142857142858
E01000475,0.7272727272727273
E01000476,0.5
E01000477,1.8
E01000478,1.0
E01000479,1.3
E01000480,0.75
E01000481,1.2
E01000482,1.2666666666666666
E01000483,0.75
E01000484,1.125
E01000485,1.0
E01000486,1.5555555555555556
E01000487,1.3636363636363635
E01000488,1.0909090909090908
E01000489,1.2727272727272727
E01000490,3.05
E01000491,1.25
E01000492,0.3
E01000493,0.6363636363636364
E01000494,1.5
E01000495,1.0
E01000497,2.0625
E01000498,0.6
E01000499,1.5
E01000501,1.6
E01000502,1.625
E01000503,1.2941176470588236
E01000504,1.1111111111111112
E01000505,1.4285714285714286
E01000506,1.1111111111111112
E01000507,0.9
E01000508,1.5384615384615385
E01000509,1.2222222222222223
E01000510,1.631578947368421
E01000511,1.1666666666666667
E01000512,2.1666666666666665
E01000513,0.5454545454545454
E01000514,0.5
E01000515,1.9166666666666667
E01000516,0.8421052631578947
E01000517,0.6666666666666666
E01000518,1.1666666666666667
E01000519,1.2857142857142858
E01000520,0.8571428571428571
E01000521,1.0588235294117647
E01000522,1.4285714285714286
E01000523,0.7777777777777778
E01000524,2.9545454545454546
E01000525,0.625
E01000526,0.5
E01000527,1.2
E01000528,0.375
E01000530,1.1818181818181819
E01000531,1.3076923076923077
E01000532,1.0
E01000533,1.4
E01000534,0.6363636363636364
E01000535,1.1333333333333333
E01000536,0.9333333333333333
E01000538,0.5714285714285714
E01000539,1.0
E01000540,0.5833333333333334
E01000541,0.8333333333333334
E01000543,0.4444444444444444
E01000544,1.0
E01000545,2.4583333333333335
E01000546,1.1111111111111112
E01000547,0.5
E01000548,1.4666666666666666
E01000549,1.3571428571428572
E01000550,1.3846153846153846
E01000551,1.125
E01000552,0.7777777777777778
E01000553,2.3333333333333335
E01000554,1.1
E01000555,1.5333333333333334
E01000556,2.0869565217391304
E01000557,1.4210526315789473
E01000558,2.6315789473684212
E01000559,1.1428571428571428
E01000560,3.1578947368421053
E01000561,1.1764705882352942
E01000562,1.4166666666666667
E01000563,1.3571428571428572
E01000564,1.0909090909090908
E01000565,0.7142857142857143
E01000566,0.4
E01000567,0.6363636363636364
E01000568,1.2307692307692308
E01000569,0.8571428571428571
E01000570,1.1818181818181819
E01000571,1.5
E01000572,0.75
E01000573,1.3
E01000574,1.3333333333333333
E01000575,1.0769230769230769
E01000576,1.2307692307692308
E01000577,1.7
E01000578,1.875
E01000579,1.0
E01000580,1.9583333333333333
E01000581,1.0
E01000582,2.0
E01000583,2.6
E01000584,0.6666666666666666
E01000585,1.5714285714285714
E01000586,2.409090909090909
E01000587,0.5714285714285714
E01000588,1.5625
E01000589,0.42857142857142855
E01000590,1.1818181818181819
E01000591,1.3125
E01000592,1.0769230769230769
E01000593,1.8
E01000594,1.4615384615384615
E01000595,0.6666666666666666
E01000596,1.7857142857142858
E01000599,0.0
E01000600,2.4782608695652173
E01000601,1.5714285714285714
E01000602,0.3333333333333333
E01000603,0.625
E01000604,1.2307692307692308
E01000605,0.6666666666666666
E01000606,1.0
E01000607,0.8571428571428571
E01000608,2.272727272727273
E01000609,0.75
E01000610,0.8333333333333334
E01000611,1.375
E01000612,0.875
E01000613,1.0
E01000615,1.4
E01000616,0.5714285714285714
E01000617,0.0
E01000618,0.7777777777777778
E01000619,0.7142857142857143
E01000620,0.75
E01000621,1.0
E01000622,1.0
E01000623,1.2
E01000624,1.5833333333333333
E01000625,1.3333333333333333
E01000626,1.0833333333333333
E01000627,1.7142857142857142
E01000628,0.6666666666666666
E01000629,1.5714285714285714
E01000630,2.2222222222222223
E01000631,0.7142857142857143
E01000632,0.16666666666666666
E01000633,0.5454545454545454
E01000634,0.16666666666666666
E01000635,1.8125
E01000636,0.8888888888888888
E01000637,0.75
E01000638,0.625
E01000639,1.0833333333333333
E01000640,1.0
E01000641,0.6875
E01000642,2.2222222222222223
E01000643,1.0
E01000644,1.4
E01000645,1.1
E01000646,0.8333333333333334
E01000647,1.0
E01000648,0.625
E01000649,1.5
E01000650,1.0
E01000651,0.4444444444444444
E01000652,0.5555555555555556
E01000653,1.5
E01000654,0.0
E01000655,1.0
E01000656,0.25
E01000657,0.6
E01000658,1.0
E01000659,1.0
E01000661,1.8571428571428572
E01000662,0.875
E01000663,0.5714285714285714
E01000664,0.5
E01000665,0.7
E01000666,0.9375
E01000667,1.0
E01000668,0.36363636363636365
E01000669,0.3333333333333333
E01000670,0.6666666666666666
E01000671,0.9
E01000672,1.1538461538461537
E01000673,1.4705882352941178
E01000674,0.8888888888888888
E01000675,2.6
E01000676,2.1875
E01000677,1.3571428571428572
E01000678,0.2857142857142857
E01000679,0.2
E01000680,2.3529411764705883
E01000681,0.2
E01000682,1.2
E01000683,0.6666666666666666
E01000684,1.5
E01000685,1.1333333333333333
E01000686,1.6666666666666667
E01000687,1.0
E01000688,0.625
E01000689,0.3333333333333333
E01000690,1.3333333333333333
E01000691,0.5789473684210527
E01000692,1.6
E01000693,1.875
E01000694,1.3333333333333333
E01000695,0.7
E01000696,2.1538461538461537
E01000697,1.75
E01000698,1.2307692307692308
E01000699,0.25
E01000700,0.3333333333333333
E01000701,0.0
E01000702,0.5
E01000703,0.75
E01000704,1.0
E01000705,0.5714285714285714
E01000706,1.375
E01000707,0.16666666666666666
E01000708,1.1111111111111112
E01000709,1.3333333333333333
E01000710,1.8571428571428572
E01000711,1.7
E01000712,1.3846153846153846
E01000713,1.2222222222222223
E01000714,1.6666666666666667
E01000715,1.3636363636363635
E01000716,1.2222222222222223
E01000717,1.5454545454545454
E01000718,2.230769230769231
E01000719,1.25
E01000720,0.3333333333333333
E01000721,0.5
E01000722,1.5
E01000723,1.5
E01000724,0.7
E01000725,0.8333333333333334
E01000726,1.375
E01000727,0.8666666666666667
E01000728,0.9285714285714286
E01000729,1.2857142857142858
E01000730,0.75
E01000731,1.375
E01000732,1.4285714285714286
E01000733,0.9
E01000734,1.25
E01000735,1.0
E01000736,0.7142857142857143
E01000737,1.8
E01000738,1.1333333333333333
E01000739,1.0588235294117647
E01000740,1.368421052631579
E01000741,1.0769230769230769
E01000742,1.7692307692307692
E01000743,1.0
E01000744,0.25
E01000745,0.9230769230769231
E01000746,1.2857142857142858
E01000747,0.7777777777777778
E01000748,1.6363636363636365
E01000749,0.7142857142857143
E01000750,0.25
E01000751,0.7142857142857143
E01000752,1.2727272727272727
E01000753,1.0
E01000754,1.1666666666666667
E01000755,1.2
E01000756,1.1428571428571428
E01000757,0.3333333333333333
E01000758,0.3333333333333333
E01000759,0.8
E01000760,0.8
E01000761,0.0
E01000762,0.8
E01000763,1.4444444444444444
E01000764,0.8571428571428571
E01000765,0.7692307692307693
E01000766,1.2
E01000767,0.75
E01000768,0.6666666666666666
E01000769,0.8333333333333334
E01000770,1.0
E01000771,0.8571428571428571
E01000772,1.0909090909090908
E01000773,1.4615384615384615
E01000774,1.6
E01000775,1.1875
E01000777,0.625
E01000778,0.2
E01000779,0.6363636363636364
E01000780,1.5384615384615385
E01000781,0.0
E01000782,0.7857142857142857
E01000783,0.7142857142857143
E01000784,0.0
E01000785,1.1111111111111112
E01000786,1.7692307692307692
E01000787,1.6153846153846154
E01000788,2.0
E01000789,0.7142857142857143
E01000790,1.4545454545454546
E01000791,0.6363636363636364
E01000792,1.8
E01000793,0.6666666666666666
E01000794,0.875
E01000795,0.75
E01000796,0.16666666666666666
E01000797,2.0
E01000798,0.2857142857142857
E01000799,1.411764705882353
E01000800,1.0
E01000801,0.7142857142857143
E01000802,1.0
E01000803,1.5
E01000804,1.2352941176470589
E01000805,0.25
E01000806,1.1666666666666667
E01000807,1.4285714285714286
E01000808,0.6666666666666666
E01000809,0.5
E01000810,1.7777777777777777
E01000811,0.25
E01000812,0.8571428571428571
E01000813,1.25
E01000814,0.9230769230769231
E01000815,1.1666666666666667
E01000816,0.625
E01000818,0.5714285714285714
E01000819,0.8461538461538461
E01000820,1.411764705882353
E01000822,0.7142857142857143
E01000823,0.875
E01000824,1.173913043478261
E01000825,0.75
E01000826,1.0
E01000827,0.5
E01000828,0.6363636363636364
E01000829,0.0
E01000830,0.6666666666666666
E01000831,0.5
E01000832,0.6666666666666666
E01000833,0.4
E01000834,0.0
E01000835,1.0714285714285714
E01000836,0.6
E01000837,0.8571428571428571
E01000838,1.0
E01000839,0.8333333333333334
E01000840,0.25
E01000841,0.8571428571428571
E01000842,1.2727272727272727
E01000843,1.0625
E01000844,1.75
E01000845,1.5
E01000846,0.5555555555555556
E01000847,2.4615384615384617
E01000848,2.0
E01000849,1.1333333333333333
E01000850,3.5
E01000851,4.166666666666667
E01000852,2.9
E01000853,1.7857142857142858
E01000854,2.3684210526315788
E01000855,3.3043478260869565
E01000856,1.5333333333333334
E01000857,0.8888888888888888
E01000858,1.9285714285714286
E01000859,1.55
E01000860,1.1111111111111112
E01000861,2.0
E01000862,2.227272727272727
E01000863,2.8095238095238093
E01000864,1.125
E01000865,0.9285714285714286
E01000866,0.9166666666666666
E01000867,1.6470588235294117
E01000868,0.25
E01000869,1.3846153846153846
E01000870,0.7272727272727273
E01000871,1.8235294117647058
E01000872,1.826086956521739
E01000873,2.0
E01000874,1.4736842105263157
E01000875,1.2222222222222223
E01000876,1.7692307692307692
E01000877,2.1818181818181817
E01000878,0.8333333333333334
E01000879,1.1176470588235294
E01000880,1.3333333333333333
E01000881,2.5
E01000882,1.0
E01000883,1.7391304347826086
E01000884,0.2857142857142857
E01000885,0.8333333333333334
E01000886,0.3333333333333333
E01000887,1.0
E01000888,1.2142857142857142
E01000889,0.6
E01000890,0.0
E01000891,1.4736842105263157
E01000892,1.5555555555555556
E01000893,1.2857142857142858
E01000894,1.3333333333333333
E01000895,1.6
E01000896,1.25
E01000897,0.9166666666666666
E01000898,1.4666666666666666
E01000899,1.9285714285714286
E01000900,1.4
E01000901,1.3157894736842106
E01000902,0.7272727272727273
E01000903,2.0
E01000904,1.0
E01000905,1.3333333333333333
E01000906,0.7777777777777778
E01000907,2.0
E01000908,0.6875
E01000909,1.3125
E01000910,1.5
E01000911,1.3846153846153846
E01000912,0.7272727272727273
E01000913,3.25
E01000914,3.875
E01000915,0.5555555555555556
E01000916,3.217391304347826
E01000917,0.3333333333333333
E01000918,4.125
E01000919,4.708333333333333
E01000920,1.9565217391304348
E01000921,2.066666666666667
E01000922,1.6
E01000923,1.0
E01000924,0.5
E01000925,0.2857142857142857
E01000926,1.5
E01000927,1.3157894736842106
E01000928,1.25
E01000929,0.2222222222222222
E01000930,1.5789473684210527
E01000931,2.1875
E01000932,1.0769230769230769
E01000933,1.8888888888888888
E01000934,1.125
E01000935,0.875
E01000936,1.5
E01000937,0.8333333333333334
E01000938,1.9444444444444444
E01000939,2.388888888888889
E01000940,0.5
E01000941,1.1111111111111112
E01000942,1.3571428571428572
E01000943,1.8888888888888888
E01000945,1.5555555555555556
E01000946,1.4736842105263157
E01000947,2.238095238095238
E01000948,2.125
E01000949,0.0
E01000950,1.1818181818181819
E01000951,1.6
E01000952,0.8333333333333334
E01000953,0.5
E01000954,0.875
E01000955,1.3076923076923077
E01000956,1.9545454545454546
E01000957,1.3333333333333333
E01000958,1.4210526315789473
E01000959,0.5
E01000960,1.0
E01000961,0.8181818181818182
E01000962,1.4166666666666667
E01000963,1.3333333333333333
E01000964,0.5714285714285714
E01000965,1.8421052631578947
E01000966,1.5
E01000967,1.4545454545454546
E01000968,1.0714285714285714
E01000969,1.8666666666666667
E01000970,1.2857142857142858
E01000971,0.25
E01000972,2.066666666666667
E01000973,2.75
E01000974,1.2352941176470589
E01000975,0.4444444444444444
E01000976,1.6666666666666667
E01000977,1.5
E01000978,1.25
E01000979,0.0
E01000980,0.75
E01000981,0.0
E01000982,0.0
E01000983,2.0
E01000985,0.875
E01000986,1.3846153846153846
E01000987,1.0
E01000989,0.5
E01000990,0.5
E01000991,0.625
E01000992,1.0
E01000993,1.1666666666666667
E01000994,0.875
E01000995,0.6666666666666666
E01000997,0.2857142857142857
E01000998,1.5
E01000999,0.0
E01001000,1.1666666666666667
E01001001,0.7777777777777778
E01001002,0.0
E01001003,0.0
E01001004,0.45454545454545453
E01001005,4.0
E01001006,0.4
E01001007,0.8
E01001008,0.3333333333333333
E01001009,0.4
E01001010,1.4444444444444444
E01001011,1.0
E01001012,1.0
E01001013,1.1875
E01001014,1.4782608695652173
E01001015,1.0
E01001016,0.9090909090909091
E01001017,0.0
E01001018,1.6
E01001019,1.0
E01001020,0.5714285714285714
E01001021,1.0
E01001022,0.2
E01001023,1.4444444444444444
E01001024,1.0
E01001025,0.8
E01001026,0.2
E01001027,0.4
E01001028,1.6666666666666667
E01001029,1.25
E01001030,1.0
E01001031,1.3333333333333333
E01001032,0.42857142857142855
E01001033,1.2777777777777777
E01001034,0.3333333333333333
E01001035,0.7272727272727273
E01001036,1.2727272727272727
E01001037,0.25
E01001038,1.0
E01001039,0.7777777777777778
E01001040,1.4615384615384615
E01001041,0.5
E01001042,2.05
E01001043,3.2083333333333335
E01001044,0.9090909090909091
E01001045,1.5909090909090908
E01001046,0.8
E01001047,0.8333333333333334
E01001048,3.1666666666666665
E01001049,1.5333333333333334
E01001050,1.0
E01001051,1.0
E01001052,0.2857142857142857
E01001053,0.6
E01001054,0.5
E01001055,1.0
E01001056,0.6
E01001057,0.4
E01001059,1.0
E01001060,0.5555555555555556
E01001061,1.0
E01001062,0.6666666666666666
E01001063,1.2
E01001064,1.0
E01001065,0.3333333333333333
E01001066,0.0
E01001067,1.1666666666666667
E01001068,1.0
E01001069,1.0
E01001070,0.5
E01001071,0.8333333333333334
E01001072,1.0
E01001073,0.5
E01001074,1.3125
E01001075,1.2
E01001076,0.75
E01001077,0.0
E01001078,0.6363636363636364
E01001079,0.42857142857142855
E01001080,0.75
E01001081,1.5
E01001082,1.6666666666666667
E01001083,0.75
E01001084,0.5
E01001085,1.0
E01001086,2.0
E01001087,1.5789473684210527
E01001089,0.6666666666666666
E01001090,1.0
E01001091,1.6666666666666667
E01001092,1.8
E01001093,1.6666666666666667
E01001094,0.9090909090909091
E01001095,1.0
E01001096,1.0
E01001097,1.8181818181818181
E01001098,1.0
E01001099,0.2727272727272727
E01001100,1.0
E01001101,0.5
E01001102,1.3846153846153846
E01001103,0.3333333333333333
E01001104,1.0
E01001105,0.0
E01001106,0.5
E01001107,0.25
E01001108,0.5
E01001109,0.8333333333333334
E01001110,1.3333333333333333
E01001111,1.0
E01001112,1.0909090909090908
E01001113,1.7857142857142858
E01001114,1.8333333333333333
E01001115,0.7272727272727273
E01001116,1.3333333333333333
E01001117,0.625
E01001118,0.7272727272727273
E01001119,0.0
E01001120,0.4
E01001121,0.75
E01001122,0.5
E01001123,0.2857142857142857
E01001124,0.0
E01001125,0.375
E01001127,1.3333333333333333
E01001128,1.0
E01001129,1.0
E01001130,1.0
E01001131,0.75
E01001132,1.3
E01001133,1.6666666666666667
E01001134,0.6666666666666666
E01001135,0.4
E01001136,2.15
E01001137,1.9411764705882353
E01001138,0.5555555555555556
E01001139,1.0769230769230769
E01001140,1.5
E01001141,0.5
E01001142,1.1666666666666667
E01001143,1.6666666666666667
E01001144,1.0
E01001145,1.5833333333333333
E01001147,1.3076923076923077
E01001148,1.1111111111111112
E01001149,0.6
E01001150,0.3333333333333333
E01001151,1.263157894736842
E01001152,0.5555555555555556
E01001153,0.625
E01001154,0.3
E01001155,1.0666666666666667
E01001156,1.0
E01001157,0.5
E01001158,0.7777777777777778
E01001159,0.8571428571428571
E01001160,1.0
E01001161,0.9166666666666666
E01001162,1.0
E01001163,0.5555555555555556
E01001164,1.8333333333333333
E01001165,1.0833333333333333
E01001166,1.1111111111111112
E01001167,0.875
E01001168,0.8181818181818182
E01001169,1.0
E01001170,1.5
E01001171,0.8
E01001172,2.1333333333333333
E01001173,1.105263157894737
E01001174,1.0
E01001175,0.9444444444444444
E01001176,0.5
E01001177,1.0666666666666667
E01001178,1.75
E01001179,2.5
E01001180,1.5
E01001181,1.2
E01001182,0.6
E01001183,0.5
E01001184,0.3333333333333333
E01001185,0.5
E01001186,1.4285714285714286
E01001187,0.5555555555555556
E01001188,1.4615384615384615
E01001189,0.0
E01001190,2.0
E01001191,1.1538461538461537
E01001192,0.6
E01001193,0.6666666666666666
E01001194,0.6666666666666666
E01001195,2.2142857142857144
E01001196,0.8666666666666667
E01001197,0.75
E01001198,0.7
E01001199,0.6
E01001200,0.0
E01001201,0.25
E01001202,1.0769230769230769
E01001203,1.25
E01001204,0.8571428571428571
E01001205,1.0
E01001206,0.0
E01001207,1.9
E01001208,0.625
E01001209,0.7777777777777778
E01001210,1.0
E01001211,1.0
E01001212,2.4
E01001213,1.1428571428571428
E01001214,1.1428571428571428
E01001215,1.4
E01001216,0.75
E01001217,0.3333333333333333
E01001218,0.6666666666666666
E01001219,1.25
E01001220,0.5714285714285714
E01001221,2.6956521739130435
E01001222,1.8125
E01001223,0.8666666666666667
E01001224,0.2857142857142857
E01001225,1.1
E01001226,1.7777777777777777
E01001227,0.0
E01001228,0.6666666666666666
E01001229,0.5555555555555556
E01001230,1.125
E01001231,0.9166666666666666
E01001232,1.3333333333333333
E01001233,1.3125
E01001234,1.1764705882352942
E01001235,1.5833333333333333
E01001236,0.75
E01001237,0.75
E01001238,1.3888888888888888
E01001239,1.0
E01001240,0.5833333333333334
E01001241,1.1764705882352942
E01001242,1.4375
E01001243,0.95
E01001244,0.9
E01001245,0.5555555555555556
E01001246,2.7083333333333335
E01001247,2.5217391304347827
E01001248,1.0
E01001249,1.588235294117647
E01001250,0.0
E01001251,0.6
E01001252,1.25
E01001253,1.25
E01001254,0.3333333333333333
E01001255,0.6666666666666666
E01001257,1.8571428571428572
E01001258,1.125
E01001259,1.25
E01001260,0.75
E01001261,1.1333333333333333
E01001262,0.5
E01001263,1.2857142857142858
E01001264,1.4
E01001265,0.75
E01001266,1.8235294117647058
E01001267,1.1111111111111112
E01001268,0.5714285714285714
E01001269,1.4615384615384615
E01001270,1.1538461538461537
E01001271,1.1428571428571428
E01001272,0.7272727272727273
E01001273,2.0714285714285716
E01001274,1.3333333333333333
E01001275,1.7857142857142858
E01001276,0.9
E01001277,1.4705882352941178
E01001278,1.3125
E01001279,1.8461538461538463
E01001280,1.6923076923076923
E01001281,0.42857142857142855
E01001282,1.5
E01001283,1.2777777777777777
E01001284,0.8333333333333334
E01001285,0.4
E01001286,0.6
E01001287,1.0
E01001288,0.3333333333333333
E01001289,0.0
E01001290,0.9
E01001291,0.75
E01001292,1.1666666666666667
E01001293,1.5
E01001294,1.8
E01001295,1.125
E01001296,0.7142857142857143
E01001297,1.125
E01001298,1.2222222222222223
E01001299,0.5
E01001300,0.5833333333333334
E01001301,1.0
E01001302,0.5454545454545454
E01001303,0.6
E01001305,1.7142857142857142
E01001306,2.2
E01001307,1.0
E01001308,0.8
E01001309,1.375
E01001310,0.75
E01001311,0.25
E01001312,1.5454545454545454
E01001313,0.4166666666666667
E01001314,1.0
E01001315,0.25
E01001316,0.8333333333333334
E01001317,1.3333333333333333
E01001318,1.5
E01001319,0.8
E01001320,0.42857142857142855
E01001321,1.2307692307692308
E01001322,2.0555555555555554
E01001323,1.9444444444444444
E01001324,0.625
E01001325,0.5
E01001326,0.8461538461538461
E01001327,1.5384615384615385
E01001328,0.5555555555555556
E01001329,0.7777777777777778
E01001330,0.2857142857142857
E01001331,0.25
E01001332,0.8888888888888888
E01001333,0.5555555555555556
E01001334,0.875
E01001335,0.9
E01001336,1.4
E01001337,1.0
E01001338,2.0625
E01001339,1.0
E01001340,0.3333333333333333
E01001341,0.6666666666666666
E01001342,0.3333333333333333
E01001343,1.0
E01001344,1.25
E01001345,0.75
E01001346,0.4444444444444444
E01001347,1.3888888888888888
E01001348,1.25
E01001349,0.6
E01001350,1.0
E01001351,1.25
E01001352,0.8333333333333334
E01001353,0.36363636363636365
E01001354,1.4166666666666667
E01001355,0.42857142857142855
E01001356,0.375
E01001357,0.3333333333333333
E01001358,0.9
E01001359,0.25
E01001360,0.16666666666666666
E01001361,1.8125
E01001362,1.4166666666666667
E01001363,0.6666666666666666
E01001364,1.25
E01001365,0.0
E01001366,2.2
E01001367,1.2
E01001369,0.6666666666666666
E01001370,1.2307692307692308
E01001371,0.8
E01001372,1.5
E01001373,0.4
E01001374,0.8333333333333334
E01001375,1.4
E01001376,1.0
E01001377,1.1428571428571428
E01001379,0.375
E01001380,0.9230769230769231
E01001381,1.8333333333333333
E01001382,0.0
E01001383,0.0
E01001385,1.7857142857142858
E01001386,1.6666666666666667
E01001387,1.4545454545454546
E01001388,1.1428571428571428
E01001389,1.2
E01001390,1.0
E01001391,1.5
E01001392,0.7142857142857143
E01001393,0.4
E01001394,1.8
E01001395,1.7
E01001396,0.9166666666666666
E01001397,0.8888888888888888
E01001398,0.75
E01001399,1.3333333333333333
E01001400,0.8181818181818182
E01001401,0.0
E01001402,2.25
E01001403,1.5833333333333333
E01001404,1.0666666666666667
E01001405,1.625
E01001406,0.7272727272727273
E01001407,0.5714285714285714
E01001408,0.5714285714285714
E01001409,1.1
E01001410,1.0666666666666667
E01001411,0.5454545454545454
E01001412,2.85
E01001413,1.0
E01001414,1.25
E01001415,1.95
E01001416,0.9090909090909091
E01001417,1.1904761904761905
E01001418,1.1176470588235294
E01001419,1.631578947368421
E01001420,1.3076923076923077
E01001421,1.0
E01001422,1.6363636363636365
E01001423,1.5714285714285714
E01001424,0.3333333333333333
E01001425,1.3888888888888888
E01001426,1.25
E01001427,1.65
E01001428,0.7142857142857143
E01001429,1.5
E01001430,0.5714285714285714
E01001431,1.1111111111111112
E01001432,0.8888888888888888
E01001433,1.2857142857142858
E01001434,1.6666666666666667
E01001435,1.2
E01001436,1.375
E01001437,1.263157894736842
E01001438,0.75
E01001439,0.9166666666666666
E01001440,1.0
E01001441,0.9375
E01001442,1.5
E01001444,0.9
E01001445,1.9090909090909092
E01001446,0.6666666666666666
E01001447,1.4444444444444444
E01001448,2.25
E01001449,1.5
E01001450,1.1875
E01001451,1.6363636363636365
E01001452,1.875
E01001453,0.8823529411764706
E01001454,1.3571428571428572
E01001455,0.45454545454545453
E01001456,1.0
E01001457,1.7857142857142858
E01001458,1.0
E01001459,1.0
E01001460,0.2222222222222222
E01001461,0.7857142857142857
E01001462,1.0
E01001463,2.0
E01001464,1.5
E01001465,1.2222222222222223
E01001466,0.4
E01001467,0.8181818181818182
E01001468,1.3333333333333333
E01001469,0.5
E01001470,1.0714285714285714
E01001471,0.8333333333333334
E01001472,1.0
E01001473,1.1428571428571428
E01001474,0.6
E01001475,1.0
E01001476,1.375
E01001477,1.7
E01001478,1.1333333333333333
E01001479,0.9
E01001480,1.5625
E01001481,1.1428571428571428
E01001482,0.6
E01001483,1.0
E01001484,0.8235294117647058
E01001485,0.4444444444444444
E01001486,1.0
E01001487,1.0
E01001488,0.9166666666666666
E01001489,0.8571428571428571
E01001491,1.2222222222222223
E01001492,0.625
E01001493,1.6923076923076923
E01001494,0.7857142857142857
E01001495,2.142857142857143
E01001496,1.2857142857142858
E01001497,1.5333333333333334
E01001498,1.8333333333333333
E01001499,1.1176470588235294
E01001500,1.5
E01001501,1.2941176470588236
E01001502,1.125
E01001503,0.7142857142857143
E01001504,0.25
E01001505,0.7272727272727273
E01001506,1.5555555555555556
E01001507,1.4736842105263157
E01001508,2.2222222222222223
E01001509,1.2
E01001510,0.0
E01001511,0.6666666666666666
E01001512,0.3
E01001513,1.5333333333333334
E01001514,0.375
E01001515,1.3888888888888888
E01001516,1.0909090909090908
E01001517,0.8
E01001518,1.25
E01001519,1.85
E01001520,0.7692307692307693
E01001521,1.2857142857142858
E01001522,1.3333333333333333
E01001523,1.375
E01001524,0.625
E01001525,0.6666666666666666
E01001526,0.6666666666666666
E01001527,1.411764705882353
E01001528,0.6666666666666666
E01001529,1.3529411764705883
E01001530,1.5454545454545454
E01001531,1.2222222222222223
E01001532,1.0625
E01001533,1.2
E01001534,1.8333333333333333
E01001535,0.7647058823529411
E01001536,1.6470588235294117
E01001537,1.2666666666666666
E01001538,0.6
E01001539,2.2222222222222223
E01001540,1.4
E01001541,0.6666666666666666
E01001542,1.25
E01001543,0.8181818181818182
E01001544,0.5714285714285714
E01001545,0.7857142857142857
E01001546,1.0
E01001547,1.0666666666666667
E01001548,0.7777777777777778
E01001549,0.9444444444444444
E01001550,0.8333333333333334
E01001551,0.8888888888888888
E01001552,1.9
E01001553,1.5555555555555556
E01001554,1.0
E01001555,1.6666666666666667
E01001556,0.9
E01001557,1.0
E01001558,1.1538461538461537
E01001559,2.1333333333333333
E01001560,1.0
E01001562,1.7692307692307692
E01001563,0.9444444444444444
E01001564,1.4285714285714286
E01001565,0.75
E01001566,0.6666666666666666
E01001567,1.0
E01001568,1.0
E01001569,1.0666666666666667
E01001570,2.4
E01001571,1.1538461538461537
E01001572,0.8
E01001573,2.3333333333333335
E01001574,0.5714285714285714
E01001575,1.0
E01001576,0.5833333333333334
E01001577,1.3333333333333333
E01001578,2.4375
E01001579,1.3
E01001580,0.6363636363636364
E01001581,2.0
E01001582,1.0526315789473684
E01001583,1.5555555555555556
E01001584,1.6666666666666667
E01001585,1.1818181818181819
E01001586,1.0
E01001587,1.3076923076923077
E01001588,1.0
E01001589,1.1666666666666667
E01001590,1.2222222222222223
E01001591,1.4
E01001592,1.5
E01001593,1.0
E01001594,0.5
E01001595,1.4285714285714286
E01001596,2.25
E01001597,0.625
E01001598,1.8461538461538463
E01001599,1.5
E01001600,0.7142857142857143
E01001601,0.9
E01001602,0.7777777777777778
E01001603,0.8333333333333334
E01001604,0.3333333333333333
E01001605,1.1428571428571428
E01001606,0.7142857142857143
E01001607,0.5714285714285714
E01001608,0.875
E01001609,0.7142857142857143
E01001610,1.6666666666666667
E01001611,1.125
E01001613,0.8
E01001614,2.0
E01001615,3.5454545454545454
E01001617,0.9285714285714286
E01001618,0.8333333333333334
E01001619,0.75
E01001620,0.6666666666666666
E01001621,0.875
E01001623,0.6363636363636364
E01001624,1.0
E01001625,1.0
E01001629,0.5
E01001631,1.1666666666666667
E01001632,0.5714285714285714
E01001633,1.1428571428571428
E01001634,0.2
E01001635,0.6
E01001636,0.2
E01001637,1.625
E01001638,0.2857142857142857
E01001640,1.2777777777777777
E01001641,2.5833333333333335
E01001642,1.3
E01001644,2.782608695652174
E01001645,0.7142857142857143
E01001646,1.3571428571428572
E01001647,0.5
E01001648,0.7272727272727273
E01001649,1.1
E01001650,1.7272727272727273
E01001651,1.588235294117647
E01001652,1.6666666666666667
E01001653,0.5
E01001654,0.8888888888888888
E01001655,0.875
E01001656,0.8571428571428571
E01001657,1.5625
E01001658,1.5
E01001659,1.0
E01001660,1.5714285714285714
E01001661,0.25
E01001662,2.4347826086956523
E01001664,2.142857142857143
E01001665,0.8333333333333334
E01001666,1.8888888888888888
E01001667,2.8181818181818183
E01001668,1.25
E01001669,0.7142857142857143
E01001671,0.75
E01001672,2.3333333333333335
E01001673,1.75
E01001674,0.9
E01001675,1.5
E01001676,1.0588235294117647
E01001677,0.25
E01001678,0.4
E01001679,1.3
E01001680,1.25
E01001681,0.6
E01001682,0.8571428571428571
E01001683,0.4
E01001684,0.7777777777777778
E01001685,0.875
E01001686,1.25
E01001687,0.4444444444444444
E01001688,1.0
E01001690,0.5
E01001692,0.0
E01001693,1.2857142857142858
E01001694,0.0
E01001695,0.8333333333333334
E01001696,0.875
E01001697,1.0625
E01001698,0.2
E01001699,0.6666666666666666
E01001700,1.625
E01001701,1.0625
E01001702,0.6666666666666666
E01001703,0.25
E01001704,1.0
E01001705,1.0
E01001706,1.3333333333333333
E01001708,0.7272727272727273
E01001709,1.8695652173913044
E01001710,0.3333333333333333
E01001711,1.1111111111111112
E01001712,1.8333333333333333
E01001713,1.7
E01001714,0.0
E01001715,1.1538461538461537
E01001716,1.0833333333333333
E01001717,2.6666666666666665
E01001718,0.5714285714285714
E01001719,1.0
E01001720,0.8888888888888888
E01001722,1.05
E01001723,0.5
E01001724,0.8181818181818182
E01001725,1.0
E01001727,0.3333333333333333
E01001728,0.8461538461538461
E01001729,0.7142857142857143
E01001730,1.1428571428571428
E01001731,2.65
E01001732,1.6470588235294117
E01001733,0.7272727272727273
E01001734,2.347826086956522
E01001735,1.6470588235294117
E01001736,1.5454545454545454
E01001737,1.125
E01001738,1.6666666666666667
E01001739,1.7142857142857142
E01001740,0.5555555555555556
E01001741,0.5555555555555556
E01001742,1.2307692307692308
E01001744,1.5
E01001745,0.9375
E01001746,0.0
E01001747,2.3636363636363638
E01001748,2.875
E01001749,1.4615384615384615
E01001750,2.9130434782608696
E01001751,2.1363636363636362
E01001752,2.15
E01001753,0.9
E01001754,1.55
E01001755,0.9444444444444444
E01001756,1.0476190476190477
E01001758,1.2222222222222223
E01001759,2.0526315789473686
E01001760,2.761904761904762
E01001761,2.0
E01001762,1.9166666666666667
E01001763,1.1176470588235294
E01001764,1.375
E01001765,0.8181818181818182
E01001767,2.2
E01001768,1.5263157894736843
E01001769,0.75
E01001770,1.5384615384615385
E01001772,0.45454545454545453
E01001773,3.7083333333333335
E01001774,0.46153846153846156
E01001775,1.125
E01001776,2.090909090909091
E01001777,1.4
E01001779,2.9130434782608696
E01001780,1.35
E01001781,0.2
E01001782,1.5454545454545454
E01001783,0.25
E01001784,0.6666666666666666
E01001785,1.5
E01001786,1.0
E01001787,0.25
E01001788,1.0714285714285714
E01001789,1.625
E01001790,0.0
E01001791,1.0909090909090908
E01001792,1.4444444444444444
E01001793,0.6
E01001794,1.4
E01001795,0.5
E01001796,1.5333333333333334
E01001798,1.1818181818181819
E01001799,1.0
E01001800,0.5
E01001801,0.7777777777777778
E01001802,1.0
E01001803,0.8571428571428571
E01001804,0.3333333333333333
E01001805,0.6
E01001806,1.7058823529411764
E01001807,0.9090909090909091
E01001808,2.1
E01001809,1.3333333333333333
E01001811,0.8181818181818182
E01001812,0.0
E01001813,0.9411764705882353
E01001814,0.9230769230769231
E01001815,0.5
E01001816,1.3
E01001819,2.2941176470588234
E01001820,1.0
E01001821,0.6666666666666666
E01001822,1.894736842105263
E01001823,1.7
E01001824,1.25
E01001825,1.0
E01001826,0.75
E01001827,1.1818181818181819
E01001828,1.9333333333333333
E01001829,1.1875
E01001830,1.3
E01001831,1.1666666666666667
E01001832,1.0
E01001833,2.1
E01001834,0.8
E01001835,0.3
E01001836,1.85
E01001837,2.6666666666666665
E01001838,2.7
E01001839,2.2083333333333335
E01001840,1.6153846153846154
E01001841,2.0
E01001842,0.5714285714285714
E01001843,0.875
E01001844,2.210526315789474
E01001845,0.42857142857142855
E01001846,1.4
E01001847,1.875
E01001848,1.5625
E01001849,2.5217391304347827
E01001850,0.5833333333333334
E01001851,1.6428571428571428
E01001852,1.0909090909090908
E01001853,1.2
E01001854,1.7222222222222223
E01001855,1.6666666666666667
E01001856,0.8181818181818182
E01001857,0.6923076923076923
E01001858,1.3529411764705883
E01001859,0.4444444444444444
E01001860,1.2727272727272727
E01001861,1.2222222222222223
E01001862,1.6
E01001863,0.5
E01001864,0.0
E01001865,1.0
E01001866,1.3571428571428572
E01001868,0.7142857142857143
E01001869,1.2857142857142858
E01001870,1.1875
E01001871,1.4
E01001872,0.7142857142857143
E01001873,0.7777777777777778
E01001874,1.2941176470588236
E01001875,2.0555555555555554
E01001876,1.5
E01001877,1.5
E01001878,0.6666666666666666
E01001879,1.6666666666666667
E01001880,1.0
E01001881,1.25
E01001882,2.0
E01001883,1.25
E01001884,2.3333333333333335
E01001885,0.0
E01001886,0.4166666666666667
E01001887,1.0
E01001888,0.5454545454545454
E01001889,1.1666666666666667
E01001890,1.3076923076923077
E01001891,1.0588235294117647
E01001892,0.625
E01001893,0.5
E01001894,1.5625
E01001895,1.125
E01001896,1.5
E01001897,1.0
E01001898,2.5454545454545454
E01001899,2.1666666666666665
E01001900,1.1818181818181819
E01001901,1.4615384615384615
E01001902,1.5
E01001903,0.75
E01001904,0.7777777777777778
E01001905,1.4166666666666667
E01001906,0.6
E01001907,0.6428571428571429
E01001908,2.375
E01001909,1.75
E01001910,1.0666666666666667
E01001911,0.0
E01001912,0.2857142857142857
E01001913,5.5
E01001914,2.0
E01001915,1.6842105263157894
E01001916,0.42857142857142855
E01001917,0.5454545454545454
E01001918,0.25
E01001919,0.16666666666666666
E01001920,1.4285714285714286
E01001921,1.7058823529411764
E01001922,1.4545454545454546
E01001923,1.7142857142857142
E01001924,1.0
E01001925,0.46153846153846156
E01001926,1.1428571428571428
E01001927,0.7142857142857143
E01001928,0.6428571428571429
E01001929,1.5333333333333334
E01001930,0.7647058823529411
E01001931,0.7142857142857143
E01001932,1.5
E01001933,1.4444444444444444
E01001934,0.3333333333333333
E01001935,1.5
E01001937,1.1428571428571428
E01001938,0.9090909090909091
E01001939,1.4285714285714286
E01001940,1.625
E01001941,1.631578947368421
E01001942,1.2307692307692308
E01001943,2.2916666666666665
E01001944,0.5
E01001945,0.8947368421052632
E01001946,0.6666666666666666
E01001947,0.16666666666666666
E01001948,1.105263157894737
E01001949,1.0588235294117647
E01001950,1.8636363636363635
E01001951,1.3076923076923077
E01001952,1.6875
E01001953,1.7058823529411764
E01001954,1.3333333333333333
E01001955,0.6923076923076923
E01001956,0.0
E01001957,1.0
E01001958,0.5
E01001959,0.6666666666666666
E01001960,1.5454545454545454
E01001962,1.2222222222222223
E01001963,0.46153846153846156
E01001964,1.3333333333333333
E01001965,0.6666666666666666
E01001966,1.4615384615384615
E01001967,1.0
E01001968,0.8181818181818182
E01001969,0.7142857142857143
E01001970,1.8888888888888888
E01001971,1.1428571428571428
E01001972,1.5
E01001973,1.4285714285714286
E01001974,1.2
E01001975,1.1818181818181819
E01001976,1.1538461538461537
E01001977,1.0909090909090908
E01001978,1.2222222222222223
E01001979,1.65
E01001980,1.6153846153846154
E01001981,1.0
E01001982,1.375
E01001983,0.25
E01001984,1.0625
E01001985,1.0
E01001986,2.0
E01001987,1.9375
E01001988,1.5
E01001989,1.5294117647058822
E01001990,2.869565217391304
E01001991,0.875
E01001992,1.5
E01001993,1.3636363636363635
E01001994,1.4736842105263157
E01001995,1.5384615384615385
E01001996,0.625
E01001997,2.0952380952380953
E01001998,1.0769230769230769
E01001999,1.1666666666666667
E01002000,1.375
E01002001,0.6428571428571429
E01002002,1.5294117647058822
E01002003,1.736842105263158
E01002004,0.7692307692307693
E01002005,0.7142857142857143
E01002006,1.3636363636363635
E01002007,1.4545454545454546
E01002008,1.2727272727272727
E01002009,1.6842105263157894
E01002010,2.0869565217391304
E01002011,1.9375
E01002013,1.25
E01002014,1.9565217391304348
E01002015,1.3333333333333333
E01002016,0.0
E01002017,0.875
E01002018,0.5
E01002019,0.8571428571428571
E01002020,0.8461538461538461
E01002021,1.0909090909090908
E01002022,1.5263157894736843
E01002023,1.1428571428571428
E01002024,1.4444444444444444
E01002025,0.75
E01002026,2.0625
E01002027,0.5
E01002028,1.8
E01002029,1.0555555555555556
E01002030,0.2857142857142857
E01002031,1.736842105263158
E01002032,0.625
E01002033,1.1428571428571428
E01002034,2.65
E01002036,1.4
E01002037,2.4285714285714284
E01002038,1.7692307692307692
E01002039,0.8
E01002040,1.0
E01002041,1.8888888888888888
E01002042,1.5
E01002043,1.4705882352941178
E01002044,1.75
E01002045,1.0769230769230769
E01002046,1.25
E01002047,1.3333333333333333
E01002048,1.6470588235294117
E01002049,0.875
E01002050,0.375
E01002051,0.8333333333333334
E01002052,0.75
E01002053,1.0
E01002054,0.8333333333333334
E01002055,1.3333333333333333
E01002056,1.8181818181818181
E01002057,1.1333333333333333
E01002058,1.3125
E01002059,1.1
E01002060,1.1818181818181819
E01002061,1.2
E01002062,1.6842105263157894
E01002063,1.368421052631579
E01002064,1.3333333333333333
E01002065,1.9565217391304348
E01002066,1.8421052631578947
E01002067,1.6666666666666667
E01002068,2.263157894736842
E01002069,2.526315789473684
E01002070,0.8
E01002071,1.2857142857142858
E01002072,1.263157894736842
E01002073,2.769230769230769
E01002074,0.8125
E01002075,1.25
E01002076,1.4444444444444444
E01002077,1.2941176470588236
E01002078,1.25
E01002079,0.14285714285714285
E01002080,1.4705882352941178
E01002081,1.3333333333333333
E01002082,0.6
E01002083,1.7692307692307692
E01002084,1.3333333333333333
E01002085,1.8
E01002086,1.3846153846153846
E01002087,1.5
E01002088,2.230769230769231
E01002089,0.8
E01002090,1.3846153846153846
E01002091,1.6111111111111112
E01002092,1.2
E01002093,1.6666666666666667
E01002094,0.625
E01002095,1.4705882352941178
E01002096,1.1875
E01002097,1.9444444444444444
E01002098,1.1764705882352942
E01002099,1.5454545454545454
E01002100,1.6428571428571428
E01002101,0.5714285714285714
E01002102,1.3
E01002103,1.2307692307692308
E01002104,1.9473684210526316
E01002105,0.875
E01002106,0.6666666666666666
E01002107,0.5555555555555556
E01002108,0.8888888888888888
E01002109,1.0714285714285714
E01002110,1.6428571428571428
E01002111,1.0
E01002112,1.5
E01002113,1.4666666666666666
E01002114,1.4666666666666666
E01002115,1.25
E01002116,0.6
E01002117,1.8461538461538463
E01002118,1.8333333333333333
E01002119,0.25
E01002120,1.5
E01002121,0.8333333333333334
E01002122,0.3333333333333333
E01002123,0.9090909090909091
E01002124,0.5
E01002125,1.2142857142857142
E01002126,1.619047619047619
E01002127,1.5
E01002128,0.4444444444444444
E01002129,1.65
E01002130,2.7083333333333335
E01002131,0.6666666666666666
E01002132,1.0
E01002133,0.9285714285714286
E01002134,0.75
E01002135,1.0625
E01002136,1.0
E01002137,1.0
E01002138,1.1428571428571428
E01002139,0.4
E01002140,1.1111111111111112
E01002141,1.7333333333333334
E01002142,1.1428571428571428
E01002143,1.0714285714285714
E01002144,0.7777777777777778
E01002145,1.0
E01002146,0.6
E01002147,0.6666666666666666
E01002148,0.8571428571428571
E01002149,0.8888888888888888
E01002150,1.2666666666666666
E01002151,0.8888888888888888
E01002152,1.0
E01002153,0.8333333333333334
E01002154,1.1
E01002155,1.7
E01002156,0.6666666666666666
E01002157,1.4
E01002158,0.875
E01002159,1.2857142857142858
E01002160,1.2727272727272727
E01002161,1.0
E01002162,0.5
E01002163,1.25
E01002164,0.75
E01002165,1.0
E01002166,0.75
E01002167,0.5
E01002168,0.8571428571428571
E01002169,0.8
E01002170,1.8571428571428572
E01002171,0.7272727272727273
E01002172,1.1428571428571428
E01002173,1.4
E01002174,1.0
E01002175,0.8
E01002176,0.5
E01002177,1.3333333333333333
E01002178,0.5
E01002179,1.7222222222222223
E01002180,0.5625
E01002181,1.2222222222222223
E01002182,1.1
E01002183,1.8
E01002184,1.1
E01002185,0.3333333333333333
E01002186,1.5625
E01002187,1.0
E01002188,1.2307692307692308
E01002189,1.3888888888888888
E01002190,1.3333333333333333
E01002191,1.125
E01002192,1.125
E01002193,1.6923076923076923
E01002194,0.5555555555555556
E01002195,1.0
E01002196,0.4
E01002197,1.0
E01002198,1.3571428571428572
E01002199,0.5833333333333334
E01002200,0.4166666666666667
E01002201,0.6666666666666666
E01002202,1.1578947368421053
E01002203,1.0714285714285714
E01002204,0.7647058823529411
E01002206,0.5
E01002207,1.0
E01002208,0.4
E01002209,1.3571428571428572
E01002210,0.8
E01002211,0.5
E01002212,1.9285714285714286
E01002213,1.6666666666666667
E01002214,1.125
E01002215,1.8333333333333333
E01002216,2.5
E01002217,1.0
E01002218,1.3333333333333333
E01002219,1.2857142857142858
E01002220,0.4444444444444444
E01002221,0.5
E01002222,1.6666666666666667
E01002223,1.1
E01002224,1.0
E01002225,1.5714285714285714
E01002226,1.3333333333333333
E01002227,1.5
E01002228,1.0
E01002229,1.0
E01002230,1.3333333333333333
E01002231,1.3
E01002232,1.0
E01002233,1.3846153846153846
E01002234,2.4615384615384617
E01002235,3.0
E01002236,1.8888888888888888
E01002237,1.5
E01002238,1.5
E01002239,1.1111111111111112
E01002240,0.6
E01002241,1.1428571428571428
E01002242,0.8
E01002243,1.2666666666666666
E01002244,2.0
E01002245,0.9166666666666666
E01002246,0.9166666666666666
E01002247,0.75
E01002248,0.9090909090909091
E01002249,1.9285714285714286
E01002250,1.4375
E01002251,0.4
E01002252,0.4
E01002253,0.5
E01002254,1.3076923076923077
E01002255,0.75
E01002256,0.6
E01002257,0.4
E01002258,1.0
E01002259,0.25
E01002260,1.0
E01002261,0.25
E01002262,1.6363636363636365
E01002264,1.2
E01002265,1.0
E01002266,1.3333333333333333
E01002267,0.42857142857142855
E01002268,0.8333333333333334
E01002269,0.5555555555555556
E01002270,0.5
E01002271,1.6
E01002272,0.5714285714285714
E01002273,0.0
E01002274,0.8181818181818182
E01002275,0.25
E01002276,0.875
E01002277,1.25
E01002278,2.5
E01002279,1.1111111111111112
E01002280,1.0
E01002281,1.0625
E01002282,1.6
E01002283,0.8181818181818182
E01002284,1.0
E01002286,1.0
E01002287,2.0
E01002288,0.6666666666666666
E01002289,0.6
E01002290,0.8333333333333334
E01002291,0.375
E01002292,0.42857142857142855
E01002293,3.1666666666666665
E01002294,0.6428571428571429
E01002295,1.2666666666666666
E01002296,1.6666666666666667
E01002297,1.2142857142857142
E01002298,1.2142857142857142
E01002299,1.0
E01002300,0.9090909090909091
E01002301,1.0
E01002302,1.0
E01002303,1.5333333333333334
E01002304,0.5
E01002305,1.5555555555555556
E01002306,1.0
E01002307,0.5
E01002308,0.5
E01002309,1.1666666666666667
E01002310,2.066666666666667
E01002311,0.8
E01002312,0.6
E01002313,1.8
E01002314,0.5
E01002315,1.8
E01002316,1.9411764705882353
E01002317,1.625
E01002319,1.7272727272727273
E01002320,1.2857142857142858
E01002321,1.4545454545454546
E01002322,1.0
E01002323,1.125
E01002324,0.8461538461538461
E01002325,1.1428571428571428
E01002326,1.3125
E01002327,0.0
E01002328,0.5
E01002329,1.8461538461538463
E01002330,0.625
E01002331,0.8
E01002332,0.8571428571428571
E01002333,1.625
E01002334,1.5625
E01002335,1.0
E01002336,1.0
E01002337,1.4
E01002338,1.3636363636363635
E01002339,0.9090909090909091
E01002340,0.6666666666666666
E01002341,0.3
E01002342,1.5
E01002343,1.0
E01002344,1.7777777777777777
E01002345,1.4705882352941178
E01002346,1.0
E01002347,0.8333333333333334
E01002348,0.9
E01002349,1.0
E01002350,2.142857142857143
E01002351,1.1666666666666667
E01002352,0.8
E01002353,1.2666666666666666
E01002355,0.8333333333333334
E01002356,2.388888888888889
E01002358,1.625
E01002360,0.6666666666666666
E01002361,1.6428571428571428
E01002362,1.6666666666666667
E01002363,0.5
E01002364,0.0
E01002365,1.125
E01002366,0.8571428571428571
E01002367,1.75
E01002368,1.7222222222222223
E01002369,1.2307692307692308
E01002370,2.0588235294117645
E01002371,0.9333333333333333
E01002372,0.6363636363636364
E01002373,1.6363636363636365
E01002374,0.875
E01002375,0.7
E01002376,0.0
E01002377,1.1111111111111112
E01002378,0.7142857142857143
E01002379,1.25
E01002380,1.5
E01002381,0.5
E01002382,0.6
E01002383,1.4166666666666667
E01002384,0.5714285714285714
E01002385,1.4
E01002386,1.105263157894737
E01002387,0.42857142857142855
E01002388,1.6666666666666667
E01002389,1.75
E01002390,0.375
E01002391,0.8888888888888888
E01002392,1.1538461538461537
E01002393,2.1538461538461537
E01002394,1.2
E01002395,0.0
E01002396,1.7272727272727273
E01002397,1.411764705882353
E01002398,0.6363636363636364
E01002399,1.3333333333333333
E01002400,1.3
E01002401,2.4166666666666665
E01002402,0.45454545454545453
E01002403,0.9090909090909091
E01002404,1.375
E01002405,1.2222222222222223
E01002406,1.25
E01002407,1.4
E01002408,0.4
E01002409,0.7272727272727273
E01002410,1.5333333333333334
E01002411,0.6666666666666666
E01002412,1.2352941176470589
E01002413,0.7142857142857143
E01002414,1.2142857142857142
E01002415,0.6666666666666666
E01002416,0.0
E01002417,0.8666666666666667
E01002418,1.0
E01002419,0.25
E01002420,1.25
E01002421,1.0
E01002422,1.0909090909090908
E01002423,2.142857142857143
E01002424,1.5
E01002425,1.25
E01002426,1.1666666666666667
E01002427,1.0
E01002428,0.6
E01002429,0.75
E01002430,0.6153846153846154
E01002431,1.0833333333333333
E01002432,1.3333333333333333
E01002433,0.7142857142857143
E01002434,0.6363636363636364
E01002435,0.7777777777777778
E01002436,1.3333333333333333
E01002437,1.7777777777777777
E01002438,1.0
E01002439,0.25
E01002440,0.6363636363636364
E01002441,1.1
E01002442,1.0
E01002443,1.2307692307692308
E01002444,2.0416666666666665
E01002445,0.6
E01002446,1.8571428571428572
E01002447,2.7058823529411766
E01002448,0.6363636363636364
E01002449,1.0
E01002450,1.0
E01002451,0.5714285714285714
E01002452,0.9
E01002453,1.0
E01002454,0.42857142857142855
E01002455,0.6
E01002456,0.0
E01002457,0.6666666666666666
E01002458,1.6
E01002459,0.75
E01002460,1.1
E01002461,0.6666666666666666
E01002462,1.3333333333333333
E01002463,0.8571428571428571
E01002464,0.0
E01002465,0.75
E01002466,0.0
E01002467,1.0
E01002468,0.6666666666666666
E01002469,1.25
E01002470,1.4545454545454546
E01002471,0.7777777777777778
E01002472,0.6666666666666666
E01002473,1.1111111111111112
E01002474,1.3529411764705883
E01002475,1.3333333333333333
E01002476,0.5
E01002477,0.7777777777777778
E01002478,0.875
E01002479,1.0
E01002480,1.1428571428571428
E01002481,0.75
E01002482,1.4736842105263157
E01002483,1.6
E01002484,0.0
E01002485,1.8125
E01002486,0.7692307692307693
E01002487,1.7272727272727273
E01002488,0.8461538461538461
E01002489,1.6923076923076923
E01002490,1.3529411764705883
E01002491,1.5555555555555556
E01002492,1.3333333333333333
E01002493,0.7777777777777778
E01002494,0.6666666666666666
E01002495,1.0
E01002496,1.6666666666666667
E01002497,1.6875
E01002498,0.8
E01002499,1.5
E01002501,2.142857142857143
E01002502,1.75
E01002503,1.25
E01002504,1.6470588235294117
E01002505,0.9333333333333333
E01002506,1.7142857142857142
E01002507,1.3076923076923077
E01002508,1.2666666666666666
E01002509,0.75
E01002511,0.6666666666666666
E01002512,0.75
E01002513,0.7142857142857143
E01002514,1.0833333333333333
E01002515,1.1538461538461537
E01002516,1.0
E01002518,0.6666666666666666
E01002519,0.9230769230769231
E01002520,0.5555555555555556
E01002521,2.6
E01002523,1.125
E01002525,1.2
E01002526,1.6363636363636365
E01002527,0.8333333333333334
E01002528,1.0
E01002529,1.5454545454545454
E01002530,1.3846153846153846
E01002531,1.0
E01002532,1.6666666666666667
E01002533,0.5
E01002534,1.0
E01002535,1.7647058823529411
E01002536,0.5
E01002537,0.375
E01002538,0.8888888888888888
E01002539,1.4166666666666667
E01002540,1.0
E01002541,0.8461538461538461
E01002542,1.263157894736842
E01002543,1.5
E01002544,0.25
E01002545,1.25
E01002546,0.0
E01002547,0.75
E01002548,1.1333333333333333
E01002549,0.8
E01002550,0.375
E01002551,0.875
E01002552,1.0
E01002553,1.0
E01002554,3.272727272727273
E01002555,1.1428571428571428
E01002556,0.6666666666666666
E01002557,1.0
E01002558,0.6666666666666666
E01002559,1.3571428571428572
E01002560,1.3333333333333333
E01002562,0.8823529411764706
E01002563,1.4545454545454546
E01002564,2.1578947368421053
E01002565,2.176470588235294
E01002566,2.380952380952381
E01002567,1.3
E01002568,2.8823529411764706
E01002569,1.2
E01002570,3.111111111111111
E01002571,1.0909090909090908
E01002572,1.0909090909090908
E01002573,1.0
E01002574,1.9
E01002575,1.4375
E01002576,1.3333333333333333
E01002577,2.125
E01002578,1.875
E01002579,1.5263157894736843
E01002580,0.7142857142857143
E01002581,0.9375
E01002582,1.0833333333333333
E01002583,1.8
E01002584,0.9090909090909091
E01002585,0.7857142857142857
E01002587,0.375
E01002588,1.0
E01002589,1.3636363636363635
E01002590,0.8
E01002591,1.0
E01002592,2.111111111111111
E01002593,1.6666666666666667
E01002594,0.75
E01002595,1.3
E01002596,0.8888888888888888
E01002598,1.5
E01002599,1.5
E01002600,1.0
E01002601,0.14285714285714285
E01002602,0.0
E01002603,1.0909090909090908
E01002604,1.2
E01002605,1.4285714285714286
E01002606,0.9
E01002607,0.6428571428571429
E01002608,1.2727272727272727
E01002609,2.3529411764705883
E01002610,1.0
E01002611,1.6666666666666667
E01002612,0.8333333333333334
E01002613,0.25
E01002614,0.75
E01002615,0.45454545454545453
E01002616,0.5
E01002617,1.5
E01002618,0.625
E01002619,1.8333333333333333
E01002620,1.105263157894737
E01002621,1.0
E01002622,2.3
E01002623,0.8333333333333334
E01002624,1.4444444444444444
E01002625,0.75
E01002626,1.1818181818181819
E01002627,0.5
E01002628,1.4615384615384615
E01002629,0.5714285714285714
E01002630,0.9
E01002631,0.75
E01002632,1.1666666666666667
E01002633,2.0625
E01002634,1.1666666666666667
E01002635,0.75
E01002636,1.5
E01002637,0.75
E01002638,0.9
E01002639,0.6363636363636364
E01002640,1.0
E01002641,0.8
E01002642,1.0625
E01002643,1.25
E01002645,1.1
E01002646,1.0
E01002647,1.4
E01002648,1.0
E01002649,2.1176470588235294
E01002650,0.3333333333333333
E01002651,0.7142857142857143
E01002652,0.0
E01002653,0.25
E01002654,1.25
E01002655,1.0
E01002656,2.0
E01002657,1.0
E01002658,1.0
E01002659,1.2222222222222223
E01002660,1.0
E01002661,0.3333333333333333
E01002662,1.0
E01002663,1.4
E01002664,1.3636363636363635
E01002665,1.4444444444444444
E01002666,0.0
E01002667,0.5333333333333333
E01002668,1.1666666666666667
E01002669,1.375
E01002670,0.8
E01002671,0.2
E01002672,3.0
E01002673,0.3333333333333333
E01002674,0.7
E01002675,1.6923076923076923
E01002676,2.411764705882353
E01002677,1.8333333333333333
E01002678,3.7083333333333335
E01002679,1.5454545454545454
E01002680,1.6428571428571428
E01002681,0.75
E01002682,1.7142857142857142
E01002683,1.0
E01002684,1.9523809523809523
E01002686,0.8
E01002687,1.2352941176470589
E01002689,1.0
E01002690,0.6
E01002691,1.625
E01002692,2.4
E01002693,1.7
E01002694,0.0
E01002695,0.7777777777777778
E01002696,1.6470588235294117
E01002697,1.0909090909090908
E01002698,2.3333333333333335
E01002699,0.5
E01002700,0.7142857142857143
E01002701,0.5714285714285714
E01002702,1.0588235294117647
E01002703,1.7142857142857142
E01002704,3.0
E01002706,1.5833333333333333
E01002707,1.4761904761904763
E01002708,1.2352941176470589
E01002709,1.7142857142857142
E01002710,1.1111111111111112
E01002711,2.782608695652174
E01002712,1.3846153846153846
E01002713,1.2941176470588236
E01002714,1.2307692307692308
E01002715,0.75
E01002716,0.7692307692307693
E01002717,1.5
E01002718,1.5
E01002719,1.7647058823529411
E01002720,1.8333333333333333
E01002721,0.8888888888888888
E01002722,1.25
E01002723,1.0588235294117647
E01002724,4.208333333333333
E01002725,0.3333333333333333
E01002726,1.7916666666666667
E01002727,0.8571428571428571
E01002728,1.7727272727272727
E01002729,1.95
E01002730,1.5909090909090908
E01002731,3.1666666666666665
E01002732,1.5833333333333333
E01002733,0.625
E01002734,1.3333333333333333
E01002735,2.227272727272727
E01002736,0.8571428571428571
E01002737,1.1818181818181819
E01002738,2.5
E01002739,2.263157894736842
E01002740,1.6666666666666667
E01002741,1.5384615384615385
E01002742,1.7058823529411764
E01002743,0.6
E01002744,1.2222222222222223
E01002745,1.7272727272727273
E01002747,2.0952380952380953
E01002748,1.5555555555555556
E01002749,2.0
E01002751,0.7692307692307693
E01002752,1.0909090909090908
E01002753,0.4
E01002754,1.5
E01002755,0.625
E01002756,1.4736842105263157
E01002757,0.5
E01002758,1.0
E01002759,1.1818181818181819
E01002760,0.4444444444444444
E01002762,3.0588235294117645
E01002763,1.1818181818181819
E01002764,1.8571428571428572
E01002765,2.0
E01002766,1.0
E01002767,1.8461538461538463
E01002768,1.0769230769230769
E01002769,1.0
E01002770,2.608695652173913
E01002771,1.7
E01002772,1.380952380952381
E01002773,0.8
E01002774,1.7857142857142858
E01002775,1.0909090909090908
E01002776,2.0
E01002777,1.2352941176470589
E01002778,1.3333333333333333
E01002779,1.5789473684210527
E01002780,1.5
E01002781,1.0
E01002782,0.5
E01002783,1.4545454545454546
E01002784,1.8
E01002785,1.9375
E01002786,0.5
E01002787,0.6428571428571429
E01002788,0.8571428571428571
E01002789,2.0526315789473686
E01002790,0.25
E01002791,0.75
E01002792,1.5
E01002793,1.25
E01002794,2.090909090909091
E01002795,2.1818181818181817
E01002796,0.42857142857142855
E01002797,2.0
E01002798,1.3333333333333333
E01002799,0.5
E01002800,0.5
E01002801,1.3
E01002802,1.0
E01002803,2.0588235294117645
E01002804,1.8235294117647058
E01002805,2.227272727272727
E01002806,0.6428571428571429
E01002807,1.9166666666666667
E01002808,0.9375
E01002809,1.4705882352941178
E01002810,1.2941176470588236
E01002811,1.1764705882352942
E01002812,0.8333333333333334
E01002813,0.5294117647058824
E01002814,1.1428571428571428
E01002815,0.8181818181818182
E01002816,0.8
E01002817,1.8235294117647058
E01002818,2.125
E01002819,2.8095238095238093
E01002820,1.1176470588235294
E01002821,3.0476190476190474
E01002822,1.4
E01002823,1.125
E01002824,0.8333333333333334
E01002825,1.0
E01002826,1.3888888888888888
E01002827,1.8421052631578947
E01002828,0.75
E01002829,2.2941176470588234
E01002830,1.0
E01002831,2.1333333333333333
E01002832,1.3888888888888888
E01002833,1.7058823529411764
E01002834,0.42857142857142855
E01002835,3.380952380952381
E01002836,1.3888888888888888
E01002837,0.25
E01002838,1.0
E01002839,2.888888888888889
E01002840,0.7272727272727273
E01002841,0.6923076923076923
E01002842,0.5714285714285714
E01002843,0.5714285714285714
E01002844,1.2
E01002845,1.0625
E01002846,0.5454545454545454
E01002847,1.6470588235294117
E01002848,1.3571428571428572
E01002849,0.5714285714285714
E01002850,2.7
E01002851,0.9166666666666666
E01002852,1.7222222222222223
E01002853,1.2
E01002854,2.125
E01002855,1.3846153846153846
E01002856,1.6666666666666667
E01002857,1.0
E01002858,0.7777777777777778
E01002859,1.9523809523809523
E01002860,1.35
E01002861,1.2
E01002862,1.0
E01002863,1.5454545454545454
E01002864,1.8571428571428572
E01002865,0.46153846153846156
E01002866,2.3
E01002867,1.0
E01002868,1.125
E01002869,1.0909090909090908
E01002870,1.1428571428571428
E01002871,2.9473684210526314
E01002872,1.0
E01002873,1.0666666666666667
E01002874,0.625
E01002875,1.9090909090909092
E01002876,1.5
E01002877,1.0
E01002878,1.3333333333333333
E01002879,1.4444444444444444
E01002880,0.0
E01002881,0.3333333333333333
E01002882,1.0
E01002883,1.9565217391304348
E01002884,1.2105263157894737
E01002885,1.1578947368421053
E01002886,3.0952380952380953
E01002887,2.1666666666666665
E01002888,1.0
E01002889,1.35
E01002890,1.9090909090909092
E01002891,0.5454545454545454
E01002892,2.3846153846153846
E01002893,1.0769230769230769
E01002894,1.4615384615384615
E01002895,0.7692307692307693
E01002896,1.0833333333333333
E01002897,0.5
E01002898,1.1428571428571428
E01002899,0.4
E01002900,1.8571428571428572
E01002901,1.7777777777777777
E01002902,1.75
E01002903,1.6428571428571428
E01002904,0.0
E01002905,0.9166666666666666
E01002906,1.0
E01002908,1.8571428571428572
E01002909,1.3157894736842106
E01002910,0.8181818181818182
E01002911,2.272727272727273
E01002912,1.2
E01002913,0.8333333333333334
E01002914,1.2352941176470589
E01002915,1.0
E01002916,0.4
E01002917,1.0
E01002918,0.4
E01002919,1.1666666666666667
E01002920,0.25
E01002921,0.75
E01002922,0.0
E01002923,0.75
E01002924,0.6666666666666666
E01002925,0.4
E01002926,1.4
E01002927,1.5454545454545454
E01002928,1.0
E01002929,1.0
E01002930,1.0
E01002931,1.3636363636363635
E01002932,0.4
E01002933,0.4
E01002934,0.0
E01002935,1.0
E01002937,0.16666666666666666
E01002938,0.625
E01002939,0.5
E01002940,0.0
E01002941,0.25
E01002942,0.0
E01002943,0.0
E01002944,0.6
E01002945,0.25
E01002946,0.5
E01002947,1.0
E01002948,0.5
E01002949,0.4
E01002950,0.6363636363636364
E01002951,0.75
E01002952,1.4444444444444444
E01002953,1.0769230769230769
E01002954,0.3333333333333333
E01002955,1.9
E01002956,1.8888888888888888
E01002957,0.3333333333333333
E01002958,1.0
E01002959,0.5
E01002960,1.2857142857142858
E01002961,0.5
E01002962,0.875
E01002963,0.7777777777777778
E01002964,0.8571428571428571
E01002965,1.3333333333333333
E01002966,1.1818181818181819
E01002967,1.5
E01002968,2.5
E01002969,0.4444444444444444
E01002970,1.1538461538461537
E01002971,0.4444444444444444
E01002972,1.0
E01002973,0.5
E01002974,0.5
E01002975,0.7272727272727273
E01002978,0.5
E01002979,1.6
E01002980,0.16666666666666666
E01002981,0.8571428571428571
E01002982,0.0
E01002983,0.75
E01002984,1.5714285714285714
E01002985,0.5
E01002986,0.5
E01002987,1.1
E01002988,0.25
E01002989,0.5
E01002990,0.2857142857142857
E01002991,0.5
E01002993,2.0
E01002994,0.5
E01002995,1.0
E01002996,1.0
E01002997,0.8
E01002998,0.6666666666666666
E01002999,1.0
E01003000,1.2307692307692308
E01003001,0.9230769230769231
E01003002,0.0
E01003003,0.6666666666666666
E01003004,1.1666666666666667
E01003005,0.3333333333333333
E01003006,0.75
E01003007,1.3
E01003008,0.5714285714285714
E01003009,1.1666666666666667
E01003010,0.42857142857142855
E01003011,1.5454545454545454
E01003013,2.9545454545454546
E01003014,2.0526315789473686
E01003015,1.5
E01003016,1.4444444444444444
E01003017,1.5294117647058822
E01003018,3.7916666666666665
E01003019,1.7692307692307692
E01003020,1.5333333333333334
E01003021,1.0833333333333333
E01003022,1.5833333333333333
E01003023,1.7692307692307692
E01003024,1.1666666666666667
E01003025,0.8888888888888888
E01003026,1.6
E01003027,1.0
E01003028,1.2857142857142858
E01003029,1.6666666666666667
E01003030,2.05
E01003031,0.25
E01003032,1.125
E01003033,0.5
E01003034,1.0714285714285714
E01003035,2.0
E01003036,1.0909090909090908
E01003037,1.6363636363636365
E01003038,1.2
E01003039,2.65
E01003040,1.1666666666666667
E01003041,1.5333333333333334
E01003042,0.16666666666666666
E01003043,1.8235294117647058
E01003044,0.0
E01003045,0.6666666666666666
E01003046,0.25
E01003047,2.8095238095238093
E01003048,1.0
E01003049,0.0
E01003050,1.8235294117647058
E01003051,1.0555555555555556
E01003052,0.5
E01003053,1.4
E01003054,2.7857142857142856
E01003055,2.1176470588235294
E01003056,1.4705882352941178
E01003057,1.3333333333333333
E01003058,2.45
E01003059,0.6666666666666666
E01003060,1.0
E01003061,1.8888888888888888
E01003062,1.0
E01003063,0.7142857142857143
E01003064,1.5714285714285714
E01003065,0.9090909090909091
E01003066,1.0
E01003067,0.9166666666666666
E01003068,0.75
E01003070,0.875
E01003071,1.3333333333333333
E01003072,0.9333333333333333
E01003073,0.9090909090909091
E01003074,1.8636363636363635
E01003075,1.25
E01003076,2.0
E01003077,1.0909090909090908
E01003078,1.0
E01003079,1.5555555555555556
E01003080,5.0
E01003081,1.0
E01003082,0.0
E01003083,1.75
E01003084,0.9
E01003085,0.7777777777777778
E01003086,0.25
E01003087,0.5
E01003088,0.7857142857142857
E01003089,1.25
E01003090,2.090909090909091
E01003091,0.75
E01003092,1.2857142857142858
E01003093,0.7777777777777778
E01003094,1.2222222222222223
E01003095,1.3571428571428572
E01003096,1.4615384615384615
E01003097,0.5
E01003098,0.0
E01003099,1.3076923076923077
E01003100,1.7647058823529411
E01003101,0.8
E01003102,1.8571428571428572
E01003104,1.6666666666666667
E01003105,0.25
E01003106,1.4444444444444444
E01003107,1.4
E01003108,1.4285714285714286
E01003109,1.263157894736842
E01003110,1.2666666666666666
E01003111,0.5
E01003112,0.75
E01003113,0.875
E01003114,1.9444444444444444
E01003115,1.375
E01003116,1.5
E01003117,1.6153846153846154
E01003118,1.7222222222222223
E01003119,1.6111111111111112
E01003120,1.1428571428571428
E01003122,0.875
E01003123,0.9090909090909091
E01003124,1.2222222222222223
E01003125,0.0
E01003126,0.0
E01003127,1.5
E01003128,0.3
E01003129,0.7857142857142857
E01003130,1.2857142857142858
E01003131,3.0555555555555554
E01003132,0.8823529411764706
E01003133,1.3888888888888888
E01003134,0.8571428571428571
E01003135,0.5
E01003136,0.7142857142857143
E01003137,0.375
E01003138,1.1764705882352942
E01003139,2.4444444444444446
E01003140,0.5
E01003141,0.2727272727272727
E01003142,0.3333333333333333
E01003143,0.0
E01003144,0.8666666666666667
E01003145,2.0
E01003146,0.8
E01003147,0.75
E01003148,1.7777777777777777
E01003149,1.3333333333333333
E01003150,1.0
E01003151,1.6
E01003152,1.0
E01003153,1.2727272727272727
E01003154,2.0
E01003155,0.16666666666666666
E01003156,0.2857142857142857
E01003157,2.2
E01003158,1.3333333333333333
E01003159,0.9
E01003160,0.8333333333333334
E01003161,1.2
E01003162,0.75
E01003163,1.1666666666666667
E01003164,1.35
E01003165,0.125
E01003166,1.368421052631579
E01003167,1.2
E01003168,0.75
E01003169,2.1578947368421053
E01003170,2.526315789473684
E01003171,1.0
E01003172,1.7142857142857142
E01003173,1.25
E01003174,1.0
E01003175,0.0
E01003176,0.5
E01003177,1.1875
E01003178,1.4
E01003180,0.6666666666666666
E01003181,2.857142857142857
E01003182,1.4375
E01003183,1.3333333333333333
E01003185,1.1428571428571428
E01003186,1.55
E01003187,0.6666666666666666
E01003188,0.0
E01003189,1.0
E01003190,0.75
E01003191,0.875
E01003192,0.7777777777777778
E01003193,1.3846153846153846
E01003194,0.7777777777777778
E01003195,0.45454545454545453
E01003196,1.1333333333333333
E01003197,1.1428571428571428
E01003198,0.8571428571428571
E01003199,1.7647058823529411
E01003200,1.631578947368421
E01003201,0.7142857142857143
E01003202,0.875
E01003203,1.4545454545454546
E01003204,0.42857142857142855
E01003205,1.0
E01003206,0.6
E01003207,2.090909090909091
E01003209,0.375
E01003210,1.5
E01003211,1.2222222222222223
E01003212,1.8666666666666667
E01003213,1.9047619047619047
E01003214,0.8461538461538461
E01003215,2.15
E01003216,0.625
E01003217,0.5
E01003218,2.0
E01003219,1.0
E01003220,1.0
E01003221,1.6470588235294117
E01003222,0.6666666666666666
E01003223,0.0
E01003224,1.0
E01003225,1.2857142857142858
E01003226,0.75
E01003227,1.0
E01003228,0.625
E01003229,1.2352941176470589
E01003230,0.42857142857142855
E01003231,1.8461538461538463
E01003232,0.5
E01003235,0.0
E01003236,0.7142857142857143
E01003237,0.6666666666666666
E01003238,1.0
E01003239,0.8181818181818182
E01003240,1.1111111111111112
E01003241,0.8
E01003243,0.875
E01003244,0.0
E01003245,0.14285714285714285
E01003246,1.4375
E01003247,1.9444444444444444
E01003248,1.3333333333333333
E01003249,1.0
E01003250,2.238095238095238
E01003251,0.2
E01003252,0.4
E01003253,1.2352941176470589
E01003254,1.8235294117647058
E01003255,1.0952380952380953
E01003256,1.1111111111111112
E01003257,0.9166666666666666
E01003258,1.3333333333333333
E01003259,1.625
E01003260,0.8181818181818182
E01003261,0.42857142857142855
E01003262,0.25
E01003263,1.2352941176470589
E01003264,0.6428571428571429
E01003265,0.625
E01003266,1.1666666666666667
E01003267,1.0
E01003268,0.5
E01003269,1.0769230769230769
E01003270,0.7
E01003271,1.4666666666666666
E01003272,1.2857142857142858
E01003273,0.8
E01003274,1.4545454545454546
E01003275,1.0
E01003276,1.3333333333333333
E01003277,0.9
E01003278,1.3846153846153846
E01003279,0.4444444444444444
E01003280,0.6666666666666666
E01003281,1.0
E01003282,0.7777777777777778
E01003283,1.1538461538461537
E01003284,1.2307692307692308
E01003285,1.6
E01003286,1.3333333333333333
E01003287,1.4166666666666667
E01003288,0.8571428571428571
E01003290,0.8181818181818182
E01003291,0.3333333333333333
E01003292,0.5
E01003293,1.7777777777777777
E01003295,0.5714285714285714
E01003296,2.0526315789473686
E01003297,0.5555555555555556
E01003298,0.0
E01003299,1.6111111111111112
E01003300,1.0
E01003301,1.0
E01003302,1.1
E01003303,1.3333333333333333
E01003304,2.8181818181818183
E01003305,0.7
E01003307,1.9473684210526316
E01003308,0.5
E01003309,0.2
E01003310,0.7142857142857143
E01003311,0.7142857142857143
E01003312,0.6666666666666666
E01003313,0.5
E01003314,0.5714285714285714
E01003315,1.1111111111111112
E01003316,0.375
E01003317,2.45
E01003318,2.5
E01003319,0.6
E01003320,0.5
E01003321,0.7857142857142857
E01003322,0.0
E01003323,1.4
E01003324,2.1875
E01003325,1.0
E01003326,1.2727272727272727
E01003327,1.411764705882353
E01003328,0.8571428571428571
E01003329,1.4545454545454546
E01003330,0.5
E01003331,1.4
E01003332,0.9230769230769231
E01003333,1.0
E01003334,2.625
E01003335,1.5
E01003336,0.5
E01003337,0.6666666666666666
E01003338,1.0
E01003339,0.6
E01003340,1.0714285714285714
E01003341,0.25
E01003342,0.5
E01003343,1.4
E01003344,1.4
E01003345,0.5
E01003346,1.0
E01003347,1.1666666666666667
E01003348,1.2857142857142858
E01003349,0.3333333333333333
E01003350,1.0
E01003351,0.7777777777777778
E01003352,1.4705882352941178
E01003353,1.5555555555555556
E01003354,1.0
E01003355,1.5
E01003356,1.0
E01003357,1.0
E01003358,1.5555555555555556
E01003359,0.7857142857142857
E01003360,1.0
E01003361,0.5
E01003362,1.0
E01003363,0.8333333333333334
E01003364,0.8461538461538461
E01003365,1.2222222222222223
E01003366,0.875
E01003367,2.1
E01003368,1.5
E01003369,1.125
E01003370,2.1538461538461537
E01003371,0.5714285714285714
E01003372,1.7142857142857142
E01003373,0.0
E01003374,1.3636363636363635
E01003375,1.3571428571428572
E01003376,1.0
E01003377,0.0
E01003378,1.7142857142857142
E01003379,0.4444444444444444
E01003380,1.0
E01003381,1.0
E01003382,0.5
E01003383,0.5
E01003384,0.625
E01003385,0.5
E01003386,0.46153846153846156
E01003387,1.0
E01003388,1.7272727272727273
E01003389,1.0
E01003390,0.8461538461538461
E01003391,1.0
E01003392,1.0
E01003393,0.75
E01003394,1.0
E01003395,0.6
E01003396,2.0
E01003397,0.7857142857142857
E01003398,0.8181818181818182
E01003399,1.0
E01003400,1.0
E01003401,0.8125
E01003402,1.0
E01003403,0.6666666666666666
E01003404,3.2
E01003405,0.5
E01003406,0.3333333333333333
E01003407,2.0
E01003408,0.8181818181818182
E01003409,0.5
E01003410,0.75
E01003411,0.8888888888888888
E01003412,1.0
E01003413,1.4444444444444444
E01003414,0.75
E01003415,1.2727272727272727
E01003416,0.75
E01003417,1.25
E01003418,0.25
E01003419,0.5
E01003421,0.9
E01003422,1.0
E01003423,0.75
E01003424,1.0
E01003425,0.6
E01003426,2.6
E01003427,1.2857142857142858
E01003428,1.8
E01003429,0.8
E01003430,1.0
E01003431,0.5
E01003433,0.0
E01003434,0.4
E01003435,0.75
E01003436,0.5714285714285714
E01003437,1.1818181818181819
E01003438,0.5
E01003439,0.7777777777777778
E01003440,1.2
E01003441,0.3333333333333333
E01003442,0.6666666666666666
E01003443,0.25
E01003444,0.8571428571428571
E01003445,1.5
E01003446,1.1538461538461537
E01003447,0.5
E01003448,1.3636363636363635
E01003449,1.1818181818181819
E01003450,0.5
E01003451,1.0
E01003452,1.2
E01003453,2.5
E01003454,0.2
E01003455,0.6666666666666666
E01003456,1.0666666666666667
E01003457,1.0
E01003458,0.2857142857142857
E01003459,1.6428571428571428
E01003460,1.45
E01003461,1.6666666666666667
E01003462,1.1538461538461537
E01003463,1.0769230769230769
E01003464,1.2142857142857142
E01003465,1.75
E01003466,1.4285714285714286
E01003467,0.625
E01003468,2.25
E01003469,1.0
E01003470,1.5454545454545454
E01003471,0.6666666666666666
E01003472,1.0
E01003473,0.5
E01003474,0.7
E01003475,2.5
E01003476,0.0
E01003477,1.3636363636363635
E01003478,1.4705882352941178
E01003479,1.8
E01003480,1.0
E01003481,0.42857142857142855
E01003482,3.1176470588235294
E01003483,0.6
E01003484,0.25
E01003485,0.5
E01003486,0.4
E01003487,0.0
E01003488,1.1428571428571428
E01003489,1.7333333333333334
E01003490,0.8571428571428571
E01003491,1.411764705882353
E01003492,0.4
E01003493,2.0
E01003494,1.0
E01003495,4.0
E01003496,2.0
E01003497,0.9523809523809523
E01003498,0.5833333333333334
E01003499,1.45
E01003500,1.25
E01003501,1.4375
E01003502,1.3333333333333333
E01003503,1.2222222222222223
E01003506,1.0
E01003507,0.8666666666666667
E01003508,1.1904761904761905
E01003509,0.18181818181818182
E01003511,0.0
E01003512,1.0
E01003513,0.8461538461538461
E01003514,0.9375
E01003515,2.619047619047619
E01003516,0.6666666666666666
E01003517,1.2941176470588236
E01003518,1.5
E01003519,0.4
E01003520,1.4285714285714286
E01003521,3.1363636363636362
E01003522,2.0
E01003523,0.9333333333333333
E01003524,0.6
E01003525,1.2727272727272727
E01003526,0.8888888888888888
E01003527,0.7142857142857143
E01003529,0.25
E01003530,1.0
E01003531,1.3529411764705883
E01003532,0.3333333333333333
E01003533,0.0
E01003534,1.1428571428571428
E01003535,0.6
E01003536,1.1428571428571428
E01003537,0.5714285714285714
E01003538,0.8666666666666667
E01003539,1.0
E01003540,1.0
E01003541,1.4285714285714286
E01003542,1.4
E01003543,1.1333333333333333
E01003544,0.8333333333333334
E01003545,0.16666666666666666
E01003546,2.0
E01003547,1.0
E01003548,1.125
E01003549,1.1428571428571428
E01003550,2.0
E01003551,1.5
E01003552,0.0
E01003553,1.2
E01003554,0.6666666666666666
E01003555,1.0
E01003556,1.3636363636363635
E01003557,0.5555555555555556
E01003558,1.5263157894736843
E01003559,2.0
E01003560,1.0
E01003561,1.0
E01003562,0.6666666666666666
E01003563,1.0
E01003565,0.7272727272727273
E01003566,0.6666666666666666
E01003567,0.5
E01003568,0.0
E01003569,1.0833333333333333
E01003570,1.0
E01003571,0.6
E01003572,0.5714285714285714
E01003573,0.75
E01003574,1.25
E01003575,1.5
E01003576,1.8181818181818181
E01003577,2.0
E01003578,1.0
E01003579,0.0
E01003580,1.0
E01003581,0.0
E01003582,1.4285714285714286
E01003583,0.0
E01003584,1.375
E01003585,0.5
E01003586,0.16666666666666666
E01003587,0.5714285714285714
E01003589,0.8666666666666667
E01003590,0.6428571428571429
E01003591,1.0
E01003592,1.0714285714285714
E01003593,0.875
E01003594,1.0
E01003595,0.4444444444444444
E01003596,2.1666666666666665
E01003597,1.0
E01003598,0.42857142857142855
E01003599,1.0
E01003600,0.3
E01003601,2.0
E01003602,1.6
E01003603,0.9230769230769231
E01003604,1.1111111111111112
E01003605,0.875
E01003606,1.2777777777777777
E01003607,1.5
E01003608,0.25
E01003609,2.8421052631578947
E01003611,0.0
E01003615,1.0
E01003616,1.1
E01003617,2.4347826086956523
E01003618,1.5
E01003619,1.7058823529411764
E01003621,0.5
E01003622,1.6153846153846154
E01003623,0.75
E01003624,1.1111111111111112
E01003625,1.1666666666666667
E01003626,0.8571428571428571
E01003627,0.0
E01003628,1.0
E01003629,0.0
E01003630,0.7777777777777778
E01003631,0.5
E01003632,0.8
E01003633,1.8
E01003634,1.0
E01003635,1.5294117647058822
E01003636,1.0
E01003637,0.8
E01003638,0.8888888888888888
E01003639,1.3333333333333333
E01003640,2.0625
E01003641,0.95
E01003642,1.1111111111111112
E01003643,1.375
E01003644,1.0
E01003645,1.2777777777777777
E01003646,2.0
E01003647,0.6666666666666666
E01003648,1.0666666666666667
E01003649,1.2857142857142858
E01003650,1.0
E01003651,0.0
E01003652,1.4
E01003653,1.9375
E01003654,1.3
E01003655,2.0714285714285716
E01003656,1.4285714285714286
E01003657,1.35
E01003658,1.6
E01003659,1.1333333333333333
E01003660,0.8
E01003661,0.42857142857142855
E01003662,1.1875
E01003663,1.1428571428571428
E01003664,1.125
E01003665,0.4
E01003666,1.0625
E01003668,2.0
E01003669,1.7142857142857142
E01003670,0.625
E01003671,1.5714285714285714
E01003672,0.7
E01003673,1.5714285714285714
E01003674,1.2941176470588236
E01003675,1.3333333333333333
E01003676,0.75
E01003677,1.2307692307692308
E01003678,1.25
E01003679,2.3333333333333335
E01003680,1.8461538461538463
E01003681,1.4444444444444444
E01003682,1.4615384615384615
E01003683,1.75
E01003684,0.8
E01003685,0.0
E01003686,0.9166666666666666
E01003688,0.6
E01003689,3.8095238095238093
E01003690,1.6666666666666667
E01003691,0.5833333333333334
E01003692,1.0
E01003693,1.5833333333333333
E01003694,0.875
E01003695,0.3333333333333333
E01003696,2.2857142857142856
E01003697,0.875
E01003698,1.3333333333333333
E01003699,1.6666666666666667
E01003700,1.1666666666666667
E01003701,1.7333333333333334
E01003702,0.9230769230769231
E01003703,0.8571428571428571
E01003704,1.1666666666666667
E01003705,0.9411764705882353
E01003706,1.1818181818181819
E01003707,1.1666666666666667
E01003708,0.8461538461538461
E01003709,1.6153846153846154
E01003710,2.090909090909091
E01003711,1.7272727272727273
E01003712,0.8
E01003713,0.8571428571428571
E01003714,0.75
E01003715,1.0833333333333333
E01003716,1.2
E01003718,1.875
E01003719,1.4166666666666667
E01003720,1.1333333333333333
E01003721,3.375
E01003722,1.5
E01003723,1.1
E01003724,1.4545454545454546
E01003725,1.2307692307692308
E01003726,2.6315789473684212
E01003727,1.0833333333333333
E01003728,1.6470588235294117
E01003729,0.7857142857142857
E01003730,0.0
E01003731,1.2
E01003732,1.2777777777777777
E01003733,0.3333333333333333
E01003734,1.0
E01003735,1.5
E01003736,0.6666666666666666
E01003737,1.1875
E01003738,0.8333333333333334
E01003739,0.8571428571428571
E01003740,0.6
E01003741,0.5714285714285714
E01003742,0.5
E01003743,0.3333333333333333
E01003744,1.3636363636363635
E01003745,1.2727272727272727
E01003746,0.6666666666666666
E01003747,1.6666666666666667
E01003748,0.9166666666666666
E01003749,0.5555555555555556
E01003750,1.6842105263157894
E01003751,0.8888888888888888
E01003752,1.7
E01003753,1.6153846153846154
E01003754,1.1111111111111112
E01003755,1.4666666666666666
E01003756,2.4285714285714284
E01003757,0.8461538461538461
E01003758,1.375
E01003759,1.0
E01003760,1.6153846153846154
E01003761,0.5
E01003762,1.7222222222222223
E01003763,2.076923076923077
E01003764,1.9166666666666667
E01003765,1.2666666666666666
E01003766,1.5
E01003767,1.4
E01003768,1.2
E01003769,0.42857142857142855
E01003770,1.6
E01003771,0.625
E01003772,1.0909090909090908
E01003773,1.2
E01003774,1.0
E01003775,1.6666666666666667
E01003776,1.1538461538461537
E01003777,1.9473684210526316
E01003778,1.5217391304347827
E01003779,0.6666666666666666
E01003780,2.0
E01003781,2.5454545454545454
E01003782,0.6
E01003783,3.0952380952380953
E01003784,0.75
E01003785,1.2222222222222223
E01003786,0.625
E01003787,1.2
E01003788,2.05
E01003789,1.3333333333333333
E01003790,1.0
E01003791,1.0
E01003793,0.8666666666666667
E01003794,0.8571428571428571
E01003795,1.5714285714285714
E01003796,1.0
E01003797,1.2142857142857142
E01003798,0.8571428571428571
E01003799,0.7142857142857143
E01003800,0.3333333333333333
E01003801,0.4
E01003802,0.9
E01003803,0.5
E01003804,1.2727272727272727
E01003805,1.0
E01003806,1.0
E01003807,1.8125
E01003808,1.0
E01003809,1.2727272727272727
E01003810,0.6666666666666666
E01003811,0.8
E01003812,0.3333333333333333
E01003813,0.8
E01003814,0.5
E01003815,0.8181818181818182
E01003816,1.3846153846153846
E01003817,1.5384615384615385
E01003818,1.875
E01003819,2.5714285714285716
E01003820,0.75
E01003821,1.2666666666666666
E01003822,1.0833333333333333
E01003823,1.6666666666666667
E01003824,1.4
E01003825,1.8181818181818181
E01003826,1.0625
E01003827,1.5
E01003828,1.0
E01003829,1.3571428571428572
E01003830,1.4615384615384615
E01003831,3.4444444444444446
E01003832,2.6
E01003833,2.142857142857143
E01003834,1.0
E01003835,1.0
E01003836,0.8571428571428571
E01003837,1.2222222222222223
E01003838,0.8
E01003839,1.4285714285714286
E01003840,0.5
E01003841,1.0
E01003842,0.8571428571428571
E01003843,1.5
E01003844,1.3333333333333333
E01003845,0.42857142857142855
E01003846,0.7
E01003847,1.6111111111111112
E01003848,1.3333333333333333
E01003849,1.4
E01003851,1.4
E01003852,1.2666666666666666
E01003853,1.588235294117647
E01003854,0.8888888888888888
E01003855,1.0
E01003856,1.4444444444444444
E01003857,0.625
E01003858,1.3846153846153846
E01003859,1.375
E01003860,1.1875
E01003861,0.9285714285714286
E01003862,1.1333333333333333
E01003863,1.0833333333333333
E01003864,0.8333333333333334
E01003865,0.8
E01003866,0.3333333333333333
E01003867,1.2
E01003868,1.5
E01003869,1.2
E01003870,0.6666666666666666
E01003871,1.0833333333333333
E01003872,1.5263157894736843
E01003873,1.4545454545454546
E01003874,1.5625
E01003875,0.6923076923076923
E01003876,4.238095238095238
E01003877,1.3846153846153846
E01003878,0.6666666666666666
E01003879,1.3125
E01003880,0.5
E01003881,0.8
E01003882,1.3333333333333333
E01003883,0.6666666666666666
E01003884,0.75
E01003885,0.7
E01003886,1.3333333333333333
E01003887,1.0
E01003888,1.0714285714285714
E01003889,0.6666666666666666
E01003890,0.8571428571428571
E01003891,1.2
E01003892,1.1666666666666667
E01003893,1.6666666666666667
E01003894,1.4545454545454546
E01003895,1.0625
E01003896,1.125
E01003897,1.5
E01003898,1.6
E01003899,0.6
E01003900,0.6363636363636364
E01003901,1.4285714285714286
E01003902,0.5
E01003903,0.6875
E01003904,2.0
E01003905,0.5
E01003906,1.6666666666666667
E01003907,1.25
E01003908,1.2222222222222223
E01003909,1.4666666666666666
E01003910,0.0
E01003911,1.0
E01003912,0.5
E01003913,2.0454545454545454
E01003914,1.631578947368421
E01003915,1.588235294117647
E01003916,1.2352941176470589
E01003917,1.5833333333333333
E01003918,1.1111111111111112
E01003919,0.8461538461538461
E01003920,1.75
E01003921,1.25
E01003922,1.1666666666666667
E01003923,1.0
E01003924,1.3333333333333333
E01003925,0.75
E01003926,1.6363636363636365
E01003927,3.8333333333333335
E01003929,3.0416666666666665
E01003930,2.1
E01003932,1.2352941176470589
E01003933,0.75
E01003934,2.4
E01003935,1.5
E01003936,0.9090909090909091
E01003937,1.9090909090909092
E01003938,0.5
E01003939,2.7916666666666665
E01003940,0.8
E01003941,1.1176470588235294
E01003942,0.6666666666666666
E01003943,0.6
E01003945,2.0
E01003946,1.6153846153846154
E01003947,0.0
E01003948,1.9285714285714286
E01003949,0.7142857142857143
E01003950,1.7058823529411764
E01003951,2.5454545454545454
E01003952,2.0625
E01003953,2.5
E01003954,0.875
E01003955,1.0
E01003956,0.8888888888888888
E01003957,1.1666666666666667
E01003958,0.5
E01003960,2.0434782608695654
E01003961,1.3
E01003963,0.0
E01003964,1.6
E01003966,1.3846153846153846
E01003967,0.3333333333333333
E01003969,2.260869565217391
E01003970,1.2666666666666666
E01003971,1.9166666666666667
E01003972,1.125
E01003973,0.9333333333333333
E01003974,0.3333333333333333
E01003975,1.375
E01003976,2.0526315789473686
E01003977,1.3076923076923077
E01003978,1.1875
E01003979,0.5714285714285714
E01003980,0.6875
E01003981,2.45
E01003983,1.0
E01003984,1.1538461538461537
E01003986,0.8181818181818182
E01003987,0.45454545454545453
E01003988,1.3333333333333333
E01003989,0.6363636363636364
E01003990,1.6
E01003991,1.0
E01003992,1.0
E01003994,1.368421052631579
E01003995,1.9
E01003997,0.8333333333333334
E01003998,0.375
E01003999,0.3333333333333333
E01004000,0.9
E01004001,1.3333333333333333
E01004002,1.5
E01004003,0.5
E01004004,0.8235294117647058
E01004005,1.8823529411764706
E01004006,1.2222222222222223
E01004007,0.875
E01004008,1.5
E01004010,1.0
E01004011,0.5555555555555556
E01004012,1.4615384615384615
E01004013,0.16666666666666666
E01004014,0.0
E01004015,1.2222222222222223
E01004016,0.7692307692307693
E01004017,1.6
E01004018,2.6
E01004019,1.0
E01004020,0.42857142857142855
E01004021,2.6470588235294117
E01004022,2.2
E01004023,0.3333333333333333
E01004024,0.0
E01004027,2.4347826086956523
E01004028,0.5
E01004029,0.6
E01004030,2.0
E01004031,1.5555555555555556
E01004032,1.8333333333333333
E01004033,1.3571428571428572
E01004034,0.6666666666666666
E01004035,1.1428571428571428
E01004036,1.8823529411764706
E01004037,1.0
E01004038,1.2666666666666666
E01004039,3.0
E01004040,0.8666666666666667
E01004041,1.0833333333333333
E01004042,0.9411764705882353
E01004043,0.9333333333333333
E01004045,0.5
E01004046,0.6923076923076923
E01004047,0.6666666666666666
E01004048,1.125
E01004049,0.4
E01004050,1.0
E01004051,0.875
E01004052,2.466666666666667
E01004053,1.4444444444444444
E01004054,1.6666666666666667
E01004056,1.3636363636363635
E01004057,2.3043478260869565
E01004058,0.8888888888888888
E01004059,1.8571428571428572
E01004060,1.2
E01004061,2.235294117647059
E01004062,2.0454545454545454
E01004063,2.391304347826087
E01004064,1.5
E01004065,1.8571428571428572
E01004066,0.375
E01004067,1.75
E01004068,0.8666666666666667
E01004069,1.5333333333333334
E01004070,1.3333333333333333
E01004071,0.75
E01004072,0.8333333333333334
E01004073,1.1428571428571428
E01004074,1.3478260869565217
E01004075,2.4444444444444446
E01004076,1.263157894736842
E01004077,1.0
E01004078,0.8333333333333334
E01004079,1.6666666666666667
E01004080,0.9090909090909091
E01004081,1.0
E01004082,0.6666666666666666
E01004083,1.0
E01004084,1.1111111111111112
E01004085,1.4545454545454546
E01004086,1.5625
E01004087,0.5
E01004088,1.0
E01004089,0.3333333333333333
E01004090,0.4
E01004091,0.8333333333333334
E01004092,0.5454545454545454
E01004093,0.875
E01004094,1.125
E01004095,0.8
E01004096,0.5
E01004097,1.0
E01004098,0.5
E01004099,1.4545454545454546
E01004100,1.3636363636363635
E01004101,1.0
E01004102,0.9090909090909091
E01004103,0.2857142857142857
E01004104,0.4
E01004105,0.7142857142857143
E01004106,0.0
E01004107,0.0
E01004108,1.4545454545454546
E01004109,0.0
E01004110,0.2222222222222222
E01004111,1.8333333333333333
E01004112,0.4
E01004114,2.125
E01004115,1.2
E01004116,0.3333333333333333
E01004117,1.0
E01004118,0.6
E01004119,0.5
E01004120,0.3333333333333333
E01004121,0.5833333333333334
E01004122,1.6666666666666667
E01004123,1.1818181818181819
E01004124,0.3333333333333333
E01004125,0.0
E01004126,0.0
E01004127,0.0
E01004128,1.5
E01004129,1.0
E01004130,1.625
E01004131,1.1666666666666667
E01004132,3.0
E01004133,1.0
E01004134,0.5714285714285714
E01004135,0.0
E01004136,0.8333333333333334
E01004137,0.5
E01004138,0.42857142857142855
E01004139,0.25
E01004140,0.375
E01004141,0.8
E01004142,2.391304347826087
E01004143,0.6666666666666666
E01004144,0.42857142857142855
E01004145,1.2222222222222223
E01004146,0.3333333333333333
E01004147,1.25
E01004148,0.75
E01004149,0.7
E01004150,0.625
E01004151,0.75
E01004152,1.0833333333333333
E01004153,1.1428571428571428
E01004154,1.2
E01004155,0.8
E01004156,1.2
E01004157,0.5
E01004158,2.3333333333333335
E01004159,0.3333333333333333
E01004160,1.1111111111111112
E01004161,2.0
E01004162,0.4
E01004163,1.0
E01004164,1.5714285714285714
E01004165,0.4
E01004166,1.0
E01004167,1.0
E01004168,1.0
E01004169,0.5
E01004170,1.2
E01004171,0.8571428571428571
E01004172,1.125
E01004173,1.0
E01004174,0.6666666666666666
E01004175,0.0
E01004176,0.8333333333333334
E01004177,0.5
E01004178,2.125
E01004179,1.0
E01004180,0.6
E01004181,0.5
E01004182,1.0
E01004183,0.7142857142857143
E01004184,0.2
E01004185,0.875
E01004186,0.0
E01004187,1.0
E01004188,0.6666666666666666
E01004189,0.75
E01004190,1.3333333333333333
E01004191,0.4444444444444444
E01004192,1.3333333333333333
E01004193,1.0
E01004195,0.5
E01004196,0.5
E01004197,2.875
E01004198,1.625
E01004199,1.4545454545454546
E01004200,1.1875
E01004201,1.5
E01004202,2.8636363636363638
E01004203,1.894736842105263
E01004204,0.7333333333333333
E01004205,1.2142857142857142
E01004206,1.6666666666666667
E01004207,1.6666666666666667
E01004208,2.590909090909091
E01004209,0.3333333333333333
E01004211,1.2222222222222223
E01004212,1.85
E01004214,1.3333333333333333
E01004215,2.0952380952380953
E01004216,0.0
E01004217,0.8333333333333334
E01004218,1.5833333333333333
E01004219,1.3888888888888888
E01004221,1.4
E01004222,1.625
E01004223,2.0
E01004224,3.0
E01004225,1.6153846153846154
E01004226,1.5
E01004228,1.9333333333333333
E01004229,2.3529411764705883
E01004230,2.0
E01004231,0.9166666666666666
E01004232,2.1363636363636362
E01004233,2.3333333333333335
E01004234,3.95
E01004235,0.0
E01004236,1.3125
E01004237,0.0
E01004238,2.625
E01004239,0.5454545454545454
E01004240,1.1
E01004241,1.2
E01004242,2.3636363636363638
E01004243,1.0
E01004244,1.6
E01004245,0.8888888888888888
E01004246,2.4
E01004247,2.0588235294117645
E01004248,1.3
E01004249,1.3333333333333333
E01004250,1.1
E01004251,0.8333333333333334
E01004252,1.2941176470588236
E01004253,0.8888888888888888
E01004254,2.5833333333333335
E01004255,1.125
E01004256,1.1428571428571428
E01004257,0.6666666666666666
E01004258,1.0
E01004259,1.8636363636363635
E01004260,2.0555555555555554
E01004261,1.2
E01004262,2.4347826086956523
E01004263,0.6666666666666666
E01004264,1.7058823529411764
E01004266,1.6923076923076923
E01004267,2.125
E01004268,1.0
E01004269,2.125
E01004270,2.25
E01004271,1.0
E01004272,1.0
E01004273,2.1666666666666665
E01004274,0.3333333333333333
E01004275,0.5
E01004276,2.0
E01004277,1.0666666666666667
E01004280,0.5
E01004281,1.0
E01004283,1.3888888888888888
E01004284,2.357142857142857
E01004285,1.375
E01004286,0.5384615384615384
E01004287,0.7142857142857143
E01004288,0.0
E01004289,0.7
E01004290,1.4545454545454546
E01004291,2.411764705882353
E01004292,1.5
E01004293,1.2105263157894737
E01004294,1.75
E01004295,0.6666666666666666
E01004296,0.75
E01004297,2.3333333333333335
E01004298,1.0
E01004300,0.2222222222222222
E01004301,0.3333333333333333
E01004302,0.3333333333333333
E01004303,1.4615384615384615
E01004304,1.9
E01004305,0.3333333333333333
E01004306,2.875
E01004307,3.260869565217391
E01004308,2.5
E01004309,2.130434782608696
E01004310,2.7142857142857144
E01004311,2.066666666666667
E01004312,1.0
E01004313,1.0
E01004314,1.6666666666666667
E01004315,2.3333333333333335
E01004316,0.8571428571428571
E01004317,2.4545454545454546
E01004318,1.631578947368421
E01004319,1.1111111111111112
E01004321,2.5
E01004322,1.0909090909090908
E01004323,1.4666666666666666
E01004324,1.0
E01004325,2.739130434782609
E01004326,1.1176470588235294
E01004327,0.8333333333333334
E01004328,1.2
E01004329,0.0
E01004330,1.0
E01004331,0.3333333333333333
E01004332,0.7857142857142857
E01004333,1.2
E01004334,0.875
E01004335,0.9285714285714286
E01004336,1.0
E01004337,1.0
E01004338,0.0
E01004339,0.7142857142857143
E01004340,0.6153846153846154
E01004341,2.0
E01004342,0.7
E01004343,0.9090909090909091
E01004344,0.5555555555555556
E01004345,0.5555555555555556
E01004346,1.0909090909090908
E01004347,0.5714285714285714
E01004348,0.9411764705882353
E01004349,0.2
E01004350,1.4705882352941178
E01004351,1.2222222222222223
E01004352,1.125
E01004353,0.6428571428571429
E01004354,1.6875
E01004355,1.8888888888888888
E01004356,0.9375
E01004357,0.6363636363636364
E01004358,1.1818181818181819
E01004359,1.6363636363636365
E01004360,1.5
E01004361,2.0
E01004362,0.6
E01004363,1.4166666666666667
E01004364,1.5333333333333334
E01004365,1.4285714285714286
E01004366,0.5
E01004367,1.2727272727272727
E01004368,1.8
E01004369,0.0
E01004370,0.6666666666666666
E01004371,0.875
E01004372,0.0
E01004373,0.75
E01004374,0.6
E01004375,0.5714285714285714
E01004376,0.3333333333333333
E01004377,0.6666666666666666
E01004378,1.2
E01004379,1.0
E01004380,1.3076923076923077
E01004381,1.6470588235294117
E01004382,0.375
E01004383,0.7272727272727273
E01004384,1.125
E01004385,0.7272727272727273
E01004386,0.5714285714285714
E01004387,0.5833333333333334
E01004388,1.0909090909090908
E01004389,1.1
E01004390,1.2777777777777777
E01004391,0.8
E01004392,2.6875
E01004393,0.4166666666666667
E01004394,0.5
E01004395,0.0
E01004396,0.75
E01004397,2.0869565217391304
E01004398,0.75
E01004399,0.25
E01004400,0.6
E01004401,1.4666666666666666
E01004402,1.1666666666666667
E01004403,1.2941176470588236
E01004404,0.7692307692307693
E01004405,0.6
E01004406,1.3333333333333333
E01004407,1.25
E01004408,1.3076923076923077
E01004409,1.5263157894736843
E01004410,0.9375
E01004411,1.75
E01004412,1.6875
E01004413,0.5714285714285714
E01004414,1.7272727272727273
E01004415,0.625
E01004416,2.6875
E01004417,1.1
E01004418,1.2142857142857142
E01004419,1.375
E01004420,1.411764705882353
E01004421,0.75
E01004422,1.5
E01004423,0.5
E01004424,1.8125
E01004425,1.6428571428571428
E01004426,1.0
E01004427,0.7692307692307693
E01004428,1.0
E01004429,0.6363636363636364
E01004430,2.4761904761904763
E01004432,3.0714285714285716
E01004434,1.4285714285714286
E01004435,1.0
E01004436,0.14285714285714285
E01004437,0.5714285714285714
E01004438,1.6666666666666667
E01004439,0.7
E01004440,1.5
E01004441,0.9090909090909091
E01004442,0.5
E01004443,0.8181818181818182
E01004444,1.7
E01004445,1.2222222222222223
E01004446,1.5
E01004447,1.0
E01004448,1.25
E01004449,1.1111111111111112
E01004450,1.25
E01004451,1.2727272727272727
E01004452,1.7727272727272727
E01004453,1.8125
E01004454,1.0
E01004455,1.1818181818181819
E01004457,1.5
E01004458,0.75
E01004459,0.0
E01004460,1.5
E01004461,1.5454545454545454
E01004462,1.3333333333333333
E01004463,1.1666666666666667
E01004464,1.5
E01004465,1.2
E01004466,0.0
E01004467,0.6666666666666666
E01004468,1.4375
E01004469,0.8461538461538461
E01004470,1.0
E01004471,1.0
E01004472,1.0769230769230769
E01004473,1.7647058823529411
E01004474,3.5416666666666665
E01004475,1.0
E01004476,1.8
E01004477,1.0
E01004478,1.0
E01004479,2.4
E01004480,2.4166666666666665
E01004481,1.3076923076923077
E01004482,0.6
E01004483,1.3333333333333333
E01004484,1.6
E01004485,1.2142857142857142
E01004486,1.4545454545454546
E01004487,1.0
E01004488,0.25
E01004489,0.75
E01004490,1.0
E01004491,2.0
E01004492,1.8571428571428572
E01004493,0.3333333333333333
E01004494,1.9230769230769231
E01004495,1.5
E01004496,0.8571428571428571
E01004497,0.5
E01004498,0.9
E01004499,1.5
E01004500,1.0
E01004501,0.42857142857142855
E01004502,0.8181818181818182
E01004503,0.6470588235294118
E01004504,1.0
E01004505,1.0
E01004506,1.3076923076923077
E01004507,0.7368421052631579
E01004508,1.2307692307692308
E01004509,2.05
E01004510,0.7777777777777778
E01004511,0.9230769230769231
E01004512,1.125
E01004513,1.0
E01004514,1.5
E01004515,1.25
E01004516,0.6
E01004517,1.2857142857142858
E01004518,1.0
E01004519,0.3333333333333333
E01004520,0.3333333333333333
E01004521,0.9090909090909091
E01004522,2.0
E01004523,0.8888888888888888
E01004524,1.0833333333333333
E01004525,1.8636363636363635
E01004526,1.3333333333333333
E01004527,0.5
E01004528,0.9166666666666666
E01004529,1.3636363636363635
E01004530,0.6
E01004531,0.3333333333333333
E01004532,0.5
E01004533,1.1176470588235294
E01004534,1.105263157894737
E01004536,2.0
E01004537,2.4166666666666665
E01004538,1.625
E01004539,0.5555555555555556
E01004540,0.6153846153846154
E01004541,0.6428571428571429
E01004542,0.7142857142857143
E01004543,1.9166666666666667
E01004544,2.3333333333333335
E01004545,1.5
E01004546,1.1818181818181819
E01004547,1.75
E01004548,1.3571428571428572
E01004549,1.4285714285714286
E01004550,0.75
E01004551,0.8571428571428571
E01004552,2.625
E01004553,1.6666666666666667
E01004554,1.1666666666666667
E01004555,0.6666666666666666
E01004556,0.0
E01004557,0.6153846153846154
E01004558,0.6
E01004559,0.6666666666666666
E01004560,0.9166666666666666
E01004562,1.3
E01004563,1.6666666666666667
E01004564,1.0
E01004565,1.5
E01004566,0.8
E01004567,0.5
E01004568,1.0
E01004569,0.25
E01004570,0.75
E01004571,0.3333333333333333
E01004572,2.0
E01004573,0.8333333333333334
E01004574,1.3333333333333333
E01004575,0.6666666666666666
E01004576,0.5
E01004577,1.0
E01004579,0.8
E01004580,1.3076923076923077
E01004581,0.7
E01004582,3.0
E01004583,0.875
E01004584,0.0
E01004585,0.5
E01004586,1.5
E01004587,1.125
E01004588,1.125
E01004589,1.25
E01004590,1.3076923076923077
E01004591,1.7142857142857142
E01004592,0.6666666666666666
E01004593,0.8333333333333334
E01004594,1.5
E01004595,0.8333333333333334
E01004596,0.7142857142857143
E01004597,0.5714285714285714
E01004598,2.4
E01004599,0.0
E01004600,2.3157894736842106
E01004601,1.1666666666666667
E01004602,1.3333333333333333
E01004604,1.0909090909090908
E01004605,1.0
E01004606,2.25
E01004607,1.3
E01004608,1.0
E01004609,2.608695652173913
E01004610,3.111111111111111
E01004611,0.7142857142857143
E01004612,0.7777777777777778
E01004613,1.4666666666666666
E01004614,0.9333333333333333
E01004615,0.0
E01004616,0.8571428571428571
E01004617,1.4285714285714286
E01004618,1.5555555555555556
E01004619,1.3333333333333333
E01004620,1.7
E01004621,1.6666666666666667
E01004622,0.6666666666666666
E01004623,1.5
E01004624,1.5555555555555556
E01004625,0.75
E01004626,1.2
E01004627,1.6363636363636365
E01004628,1.8571428571428572
E01004629,1.1764705882352942
E01004630,0.3333333333333333
E01004631,0.6666666666666666
E01004632,0.8571428571428571
E01004634,0.5
E01004635,1.2222222222222223
E01004636,1.0
E01004637,0.7777777777777778
E01004638,0.9166666666666666
E01004639,1.5555555555555556
E01004640,1.0
E01004641,0.9166666666666666
E01004642,1.0
E01004643,0.8
E01004644,2.0
E01004645,0.6666666666666666
E01004646,1.8
E01004647,1.0
E01004648,2.608695652173913
E01004649,1.4545454545454546
E01004650,1.0
E01004651,0.0
E01004652,2.1666666666666665
E01004653,2.409090909090909
E01004654,2.625
E01004656,3.4166666666666665
E01004657,2.409090909090909
E01004658,1.9565217391304348
E01004659,1.3571428571428572
E01004660,1.875
E01004661,1.875
E01004662,2.227272727272727
E01004663,1.3888888888888888
E01004665,1.3333333333333333
E01004666,0.5
E01004667,0.375
E01004668,0.0
E01004670,0.5
E01004674,2.533333333333333
E01004675,2.210526315789474
E01004676,1.7142857142857142
E01004677,1.8
E01004678,0.7
E01004679,1.0
E01004680,1.8
E01004681,2.761904761904762
E01004682,2.8333333333333335
E01004683,1.4
E01004684,1.6153846153846154
E01004686,1.6
E01004687,1.1111111111111112
E01004688,1.411764705882353
E01004689,1.9411764705882353
E01004690,0.9375
E01004691,1.1428571428571428
E01004692,1.6666666666666667
E01004693,2.7142857142857144
E01004694,2.857142857142857
E01004695,1.95
E01004696,0.6363636363636364
E01004697,1.7
E01004698,1.9545454545454546
E01004699,2.75
E01004700,1.6842105263157894
E01004701,0.0
E01004702,0.9375
E01004703,1.6818181818181819
E01004705,1.0
E01004706,0.875
E01004707,1.3157894736842106
E01004708,1.1
E01004709,2.0833333333333335
E01004710,1.1875
E01004712,2.380952380952381
E01004713,1.9583333333333333
E01004714,4.083333333333333
E01004715,2.4583333333333335
E01004716,1.1875
E01004717,1.9285714285714286
E01004718,1.9375
E01004719,0.8333333333333334
E01004720,0.7
E01004721,0.875
E01004722,1.2857142857142858
E01004723,1.8461538461538463
E01004724,1.368421052631579
E01004725,1.3
E01004726,1.0
E01004727,1.3076923076923077
E01004728,0.7
E01004729,1.5
E01004730,1.75
E01004731,4.208333333333333
E01004732,0.8181818181818182
E01004733,1.2777777777777777
E01004734,6.0
E01004735,3.4583333333333335
E01004736,5.458333333333333
E01004737,1.0
E01004738,0.5
E01004739,0.25
E01004740,0.4
E01004741,0.5
E01004742,0.9375
E01004743,1.0
E01004744,0.7777777777777778
E01004745,1.4
E01004746,0.3333333333333333
E01004747,1.3
E01004748,1.0833333333333333
E01004749,2.619047619047619
E01004750,3.761904761904762
E01004751,0.8
E01004752,0.4
E01004753,1.0
E01004754,1.0
E01004755,1.0555555555555556
E01004756,2.1333333333333333
E01004757,1.2222222222222223
E01004760,1.7142857142857142
E01004761,4.541666666666667
E01004762,2.736842105263158
E01004763,6.583333333333333
E01004765,4.458333333333333
E01015924,0.0
E01021749,0.0
E01021752,0.0
E01030387,0.0
E01030396,0.0
E01030405,0.0
E01032512,0.9047619047619048
E01032513,0.0
E01032562,1.2857142857142858
E01032563,1.5
E01032564,0.75
E01032565,0.3333333333333333
E01032566,0.9285714285714286
E01032567,1.375
E01032568,0.8888888888888888
E01032569,0.8
E01032570,0.6
E01032572,1.0
E01032573,2.0869565217391304
E01032574,1.5789473684210527
E01032575,1.5294117647058822
E01032576,1.5555555555555556
E01032577,1.8333333333333333
E01032579,0.8235294117647058
E01032580,2.111111111111111
E01032581,0.8571428571428571
E01032582,2.05
E01032583,2.6842105263157894
E01032584,1.3
E01032623,1.6666666666666667
E01032637,2.0
E01032638,1.6
E01032639,0.5
E01032640,0.9
E01032646,2.736842105263158
E01032719,0.9
E01032720,1.4375
E01032722,2.3
E01032739,1.2
E01032740,0.9230769230769231
E01032741,1.6666666666666667
E01032742,1.0
E01032743,0.5
E01032744,1.6666666666666667
E01032764,2.5238095238095237
E01032765,1.4705882352941178
E01032766,1.6470588235294117
E01032767,1.8666666666666667
E01032768,0.5
E01032769,1.3076923076923077
E01032770,1.5
E01032771,0.8947368421052632
E01032772,0.6666666666666666
E01032773,0.6363636363636364
E01032774,1.3636363636363635
E01032777,0.6666666666666666
E01032778,0.6666666666666666
E01032779,1.0
E01032780,1.9285714285714286
E01032781,1.4
E01032782,1.1
E01032783,3.0
E01032784,1.1111111111111112
E01032785,0.8
E01032786,1.25
E01032787,1.8125
E01032788,0.3333333333333333
E01032789,0.5
E01032790,0.0
E01032803,2.0952380952380953
E01032805,1.9411764705882353
E01032834,0.5
E01033000,0.75
E01033030,0.0
E01033081,1.65
E01033082,0.5
E01033083,2.235294117647059
E01033084,1.7333333333333334
E01033085,2.0
E01033086,1.125
E01033093,1.3
E01033098,0.3333333333333333
E01033099,0.7142857142857143
E01033100,0.5
E01033101,1.5
E01033132,1.0
E01033133,1.5
E01033135,1.0
E01033146,0.0
E01033148,1.8125
E01033150,1.3333333333333333
E01033151,0.75
E01033153,1.0
E01033207,1.588235294117647
E01033208,0.3333333333333333
E01033320,0.6
E01033322,0.7777777777777778
E01033324,1.1
E01033325,0.875
E01033327,1.9130434782608696
E01033341,0.25
E01033424,1.375
E01033455,1.0
E01033456,1.1
E01033457,1.1818181818181819
E01033463,2.090909090909091
E01033464,1.7058823529411764
E01033485,0.9047619047619048
E01033486,0.3333333333333333
E01033487,1.0
E01033488,1.0
E01033489,1.6666666666666667
E01033490,2.45
E01033491,2.8
E01033492,0.875
E01033494,0.8333333333333334
E01033568,0.8461538461538461
E01033569,0.3
E01033570,3.3636363636363638
E01033571,1.1818181818181819
E01033572,1.3
E01033573,1.25
E01033574,0.8888888888888888
E01033576,1.0
E01033577,1.1764705882352942
E01033578,1.3333333333333333
E01033579,1.6666666666666667
E01033580,0.9
E01033581,0.5555555555555556
E01033582,0.6
E01033583,5.666666666666667
E01033584,1.6666666666666667
E01033585,2.263157894736842
E01033586,0.8666666666666667
E01033587,1.8333333333333333
E01033589,1.2666666666666666
E01033590,0.4
E01033591,2.0
E01033592,0.8
E01033593,1.125
E01033594,2.4583333333333335
E01033595,8.5
E01033596,4.583333333333333
E01033597,0.8
E01033598,0.6666666666666666
E01033599,0.25
E01033600,1.9444444444444444
E01033601,0.8333333333333334
E01033602,0.6666666666666666
E01033603,2.0588235294117645
E01033604,2.0833333333333335
E01033605,0.8571428571428571
E01033606,0.8333333333333334
E01033607,2.1176470588235294
E01033608,1.4545454545454546
E01033698,1.125
E01033699,1.5789473684210527
E01033700,2.625
E01033701,2.0833333333333335
E01033702,1.25
E01033703,1.75
E01033704,2.409090909090909
E01033705,1.25
E01033706,3.5652173913043477
E01033707,2.125
E01033708,6.125
E01033709,1.4
E01033710,0.5
E01033711,2.238095238095238
E01033712,2.6363636363636362
E01033713,2.7857142857142856
E01033724,2.0
E01033725,1.4375
E01033726,3.1363636363636362
E01033727,2.789473684210526
E01033728,1.5
E01033729,1.0
E01033730,1.5263157894736843
E01033731,2.4285714285714284
E01033732,0.8
E01033733,1.3
E01033734,1.0
E01033735,1.0
E01033736,2.5
E01033737,2.3181818181818183
E01033738,2.176470588235294
E01033739,0.5
E01033740,1.6666666666666667
E01033741,1.4615384615384615
E01033742,1.0
E01033743,2.3333333333333335
E01033744,1.5
E01033745,1.3846153846153846
E01033746,2.3333333333333335
