Ward,Month,Predicted_Burglaries,Lower_CI,Upper_CI,Previous_Month_Actual
Abbey,2025-03-01,12,6,18,6
Abbey Road,2025-03-01,13,7,19,13
Abbey Wood,2025-03-01,4,0,8,7
Abingdon,2025-03-01,3,0,6,3
Addiscombe East,2025-03-01,15,10,20,4
Addiscombe West,2025-03-01,5,0,10,3
Addison,2025-03-01,8,0,16,5
Aldborough,2025-03-01,8,4,12,8
Alexandra,2025-03-01,2,0,4,2
Alexandra Park,2025-03-01,1,0,2,1
Alibon,2025-03-01,4,0,8,4
Alperton,2025-03-01,5,0,10,4
Arnos Grove,2025-03-01,8,4,12,8
Arsenal,2025-03-01,5,0,10,3
Avonmore,2025-03-01,3,0,6,6
Balham,2025-03-01,12,8,16,7
Barking Riverside,2025-03-01,5,0,10,2
Barkingside,2025-03-01,3,0,6,1
Barnehurst,2025-03-01,5,2,8,5
Barnes,2025-03-01,4,0,8,3
Barnet Vale,2025-03-01,7,0,14,7
Barnhill,2025-03-01,6,2,10,6
Barnsbury,2025-03-01,5,0,10,5
Battersea Park,2025-03-01,9,2,16,6
Bayswater,2025-03-01,17,10,24,27
Beam,2025-03-01,5,2,8,5
Beam Park,2025-03-01,5,1,10,5
Beckenham Town & Copers Cope,2025-03-01,11,0,22,10
Beckton,2025-03-01,8,2,14,3
Becontree,2025-03-01,1,0,2,1
Beddington,2025-03-01,4,2,6,4
Bedfont,2025-03-01,5,0,10,5
Bellingham,2025-03-01,1,0,2,1
Belmont,2025-03-01,8,1,16,8
Belmont,2025-03-01,11,1,21,2
Belmore,2025-03-01,10,2,18,12
Belsize,2025-03-01,14,7,21,14
Belvedere,2025-03-01,5,1,8,5
Bensham Manor,2025-03-01,5,0,10,5
Berrylands,2025-03-01,3,0,6,6
Bethnal Green East,2025-03-01,9,0,18,6
Bethnal Green West,2025-03-01,6,0,12,4
Bexleyheath,2025-03-01,4,0,8,3
Bickley & Sundridge,2025-03-01,9,0,18,10
Biggin Hill,2025-03-01,4,1,7,4
Blackfen & Lamorbey,2025-03-01,3,0,6,3
Blackheath,2025-03-01,12,6,18,6
Blackheath Westcombe,2025-03-01,6,1,11,6
Blackwall & Cubitt Town,2025-03-01,11,2,20,7
Blendon & Penhill,2025-03-01,2,0,4,2
Bloomsbury,2025-03-01,28,16,40,21
Boleyn,2025-03-01,6,1,11,10
Borough & Bankside,2025-03-01,17,9,26,17
Bounds Green,2025-03-01,1,0,2,1
Bow East,2025-03-01,8,0,16,3
Bow West,2025-03-01,9,4,14,3
Bowes,2025-03-01,2,0,4,2
Brentford East,2025-03-01,3,0,6,4
Brentford West,2025-03-01,4,0,7,4
Bridge,2025-03-01,5,2,7,5
Brimsdown,2025-03-01,12,7,17,12
Brixton Acre Lane,2025-03-01,9,5,13,5
Brixton North,2025-03-01,10,5,15,8
Brixton Rush Common,2025-03-01,2,0,4,1
Brixton Windrush,2025-03-01,5,0,10,5
Broad Green,2025-03-01,9,6,12,7
Brockley,2025-03-01,13,6,20,7
Bromley Common & Holwood,2025-03-01,3,0,6,3
Bromley North,2025-03-01,9,0,18,2
Bromley South,2025-03-01,3,0,6,3
Bromley Town,2025-03-01,9,4,14,9
Brompton & Hans Town,2025-03-01,9,4,14,9
Brondesbury Park,2025-03-01,17,10,24,9
Brook Green,2025-03-01,8,5,11,8
Brownswood,2025-03-01,9,2,16,9
Bruce Castle,2025-03-01,4,1,7,4
Brunswick Park,2025-03-01,12,5,19,12
Bullsmoor,2025-03-01,4,0,8,4
Bunhill,2025-03-01,17,7,27,5
Burnt Oak,2025-03-01,14,3,25,8
Bush Hill Park,2025-03-01,9,4,14,6
Caledonian,2025-03-01,8,3,13,8
Camberwell Green,2025-03-01,3,0,6,1
Camden Square,2025-03-01,7,4,10,5
Camden Town,2025-03-01,6,0,13,6
Campden,2025-03-01,7,5,9,6
Canary Wharf,2025-03-01,22,16,28,14
Canbury Gardens,2025-03-01,2,0,4,2
Cann Hall,2025-03-01,9,3,15,11
Canning Town North,2025-03-01,9,4,14,11
Canning Town South,2025-03-01,8,0,16,1
Cannon Hill,2025-03-01,1,0,2,1
Canonbury,2025-03-01,3,0,6,3
Canons,2025-03-01,4,1,7,4
Carshalton Central,2025-03-01,5,0,10,7
Carshalton South & Clockhouse,2025-03-01,6,2,10,4
Carterhatch,2025-03-01,5,0,10,3
Catford South,2025-03-01,9,1,17,2
Cathall,2025-03-01,3,0,6,5
Cazenove,2025-03-01,4,0,8,2
Centenary,2025-03-01,6,2,10,6
Central Greenford,2025-03-01,4,0,8,11
Chadwell,2025-03-01,6,1,11,2
Chadwell Heath,2025-03-01,2,0,4,2
Champion Hill,2025-03-01,1,0,2,1
Chapel End,2025-03-01,4,0,8,4
Charlton Hornfair,2025-03-01,3,2,4,3
Charlton Village & Riverside,2025-03-01,3,1,5,3
Charville,2025-03-01,1,0,2,1
Chaucer,2025-03-01,9,0,18,8
Cheam,2025-03-01,1,0,2,1
Chelsea Riverside,2025-03-01,4,0,8,4
Chelsfield,2025-03-01,3,0,6,3
Chessington South & Malden Rushett,2025-03-01,2,0,4,1
Childs Hill,2025-03-01,21,13,29,10
Chingford Green,2025-03-01,5,0,10,8
Chislehurst,2025-03-01,5,0,10,6
Chiswick Gunnersbury,2025-03-01,6,2,10,5
Chiswick Homefields,2025-03-01,5,0,10,4
Chiswick Riverside,2025-03-01,7,4,10,4
Church Street,2025-03-01,10,4,16,10
Churchfields,2025-03-01,6,1,11,3
Clapham Common & Abbeville,2025-03-01,8,2,14,5
Clapham East,2025-03-01,10,3,17,3
Clapham Park,2025-03-01,4,1,7,2
Clapham Town,2025-03-01,7,0,14,12
Clayhall,2025-03-01,4,0,8,4
Clementswood,2025-03-01,5,2,8,2
Clerkenwell,2025-03-01,4,0,8,3
Clissold,2025-03-01,3,0,6,3
Clock House,2025-03-01,5,2,8,6
Cockfosters,2025-03-01,6,0,12,6
Colham & Cowley,2025-03-01,6,0,12,9
Colindale North,2025-03-01,5,2,8,5
Colindale South,2025-03-01,7,1,13,7
College Park & Old Oak,2025-03-01,8,3,13,8
Colliers Wood,2025-03-01,3,0,6,3
Colville,2025-03-01,6,0,12,5
Coningham,2025-03-01,6,0,12,6
Coombe Hill,2025-03-01,1,0,2,1
Coombe Vale,2025-03-01,2,0,4,2
Coulsdon Town,2025-03-01,2,0,4,2
Courtfield,2025-03-01,3,0,6,3
Cranbrook,2025-03-01,5,0,10,5
Cranford,2025-03-01,4,0,8,4
Cranham,2025-03-01,5,1,9,2
Crayford,2025-03-01,4,0,8,4
Cricket Green,2025-03-01,7,2,12,7
Cricklewood,2025-03-01,15,10,20,7
Cricklewood & Mapesbury,2025-03-01,8,4,12,8
Crofton Park,2025-03-01,5,0,10,7
Crook Log,2025-03-01,4,0,8,3
Crouch End,2025-03-01,11,3,19,21
Crystal Palace & Anerley,2025-03-01,3,0,6,3
Crystal Palace & Upper Norwood,2025-03-01,6,1,11,9
Custom House,2025-03-01,4,1,7,4
Dalgarno,2025-03-01,4,1,7,4
Dalston,2025-03-01,9,2,16,8
Darwin,2025-03-01,2,0,4,2
De Beauvoir,2025-03-01,9,2,16,10
Deptford,2025-03-01,6,0,12,11
Dollis Hill,2025-03-01,8,0,16,8
Dormers Wells,2025-03-01,4,1,7,4
Downham,2025-03-01,7,2,12,2
Dulwich Hill,2025-03-01,2,0,4,2
Dulwich Village,2025-03-01,5,2,8,4
Dulwich Wood,2025-03-01,6,2,10,5
Ealing Broadway,2025-03-01,7,0,14,7
Ealing Common,2025-03-01,7,3,11,7
Earl's Court,2025-03-01,10,3,17,13
East Acton,2025-03-01,4,0,8,4
East Barnet,2025-03-01,5,0,10,5
East Finchley,2025-03-01,12,3,21,5
East Greenwich,2025-03-01,12,7,17,8
East Ham,2025-03-01,9,3,15,12
East Ham South,2025-03-01,5,1,9,5
East Putney,2025-03-01,4,0,8,4
East Sheen,2025-03-01,5,0,10,5
East Wickham,2025-03-01,8,5,11,5
Eastbrook & Rush Green,2025-03-01,1,0,2,1
Eastbury,2025-03-01,9,0,18,9
Eastcote,2025-03-01,4,2,6,4
Edgware,2025-03-01,22,12,32,22
Edgwarebury,2025-03-01,4,0,8,7
Edmonton Green,2025-03-01,10,2,17,10
Elm Park,2025-03-01,3,1,5,2
Eltham Page,2025-03-01,3,0,6,3
Eltham Park & Progress,2025-03-01,6,2,10,2
Eltham Town & Avery Hill,2025-03-01,6,0,12,6
Emerson Park,2025-03-01,2,0,4,1
Endlebury,2025-03-01,3,1,6,3
Enfield Lock,2025-03-01,9,2,16,3
Erith,2025-03-01,6,2,10,2
Evelyn,2025-03-01,5,0,10,5
Fairfield,2025-03-01,11,3,19,14
Fairlop,2025-03-01,4,2,6,2
Falconbrook,2025-03-01,4,0,8,4
Falconwood & Welling,2025-03-01,3,0,6,6
Faraday,2025-03-01,5,0,10,14
Farnborough & Crofton,2025-03-01,4,0,8,4
Feltham North,2025-03-01,4,0,8,4
Feltham West,2025-03-01,6,1,11,4
Figge's Marsh,2025-03-01,1,0,2,1
Finchley Church End,2025-03-01,11,2,20,15
Finsbury Park,2025-03-01,12,2,22,3
Forest,2025-03-01,10,4,16,8
Forest Gate North,2025-03-01,3,1,5,3
Forest Gate South,2025-03-01,7,1,13,9
Forest Hill,2025-03-01,8,3,13,7
Fortis Green,2025-03-01,7,0,14,7
Fortune Green,2025-03-01,9,3,15,9
Friern Barnet,2025-03-01,8,2,14,5
Frognal,2025-03-01,6,0,12,3
Fulham Reach,2025-03-01,6,1,11,6
Fulham Town,2025-03-01,5,2,8,5
Fullwell,2025-03-01,9,3,15,9
Fulwell & Hampton Hill,2025-03-01,2,0,4,2
Furzedown,2025-03-01,6,3,9,6
Garden Suburb,2025-03-01,8,1,15,7
Gascoigne,2025-03-01,3,0,6,3
Gipsy Hill,2025-03-01,6,2,10,6
Golborne,2025-03-01,8,4,12,2
Golders Green,2025-03-01,9,4,14,9
Goodmayes,2025-03-01,3,0,6,3
Goose Green,2025-03-01,3,0,6,2
Gooshays,2025-03-01,7,3,11,3
Goresbrook,2025-03-01,2,0,4,2
Gospel Oak,2025-03-01,6,0,12,6
Grange Park,2025-03-01,6,2,10,6
Graveney,2025-03-01,3,0,6,3
Green Lane & St James,2025-03-01,2,0,4,2
Green Street East,2025-03-01,9,5,13,5
Green Street West,2025-03-01,6,1,11,4
Greenford Broadway,2025-03-01,6,2,10,9
Greenhill,2025-03-01,8,0,16,8
Greenwich Creekside,2025-03-01,5,2,8,4
Greenwich Park,2025-03-01,4,0,7,4
Greenwich Peninsula,2025-03-01,12,2,22,12
Grove,2025-03-01,5,1,9,8
Grove Green,2025-03-01,6,3,9,4
Grove Park,2025-03-01,2,0,4,2
Hackbridge,2025-03-01,2,0,4,2
Hackney Central,2025-03-01,11,8,14,8
Hackney Downs,2025-03-01,4,0,8,2
Hackney Wick,2025-03-01,3,0,6,3
Hacton,2025-03-01,3,1,5,3
Haggerston,2025-03-01,5,0,10,5
Hainault,2025-03-01,6,1,11,1
Hale End & Highams Park South,2025-03-01,2,0,4,2
"Ham, Petersham & Richmond Riverside",2025-03-01,4,2,6,4
Hammersmith Broadway,2025-03-01,5,1,9,5
Hampstead Town,2025-03-01,3,0,6,3
Hampton,2025-03-01,2,0,4,2
Hampton North,2025-03-01,1,0,2,1
Hampton Wick & South Teddington,2025-03-01,6,0,11,6
Hanger Hill,2025-03-01,6,0,12,6
Hanwell Broadway,2025-03-01,7,0,14,8
Hanworth Park,2025-03-01,7,4,10,7
Hanworth Village,2025-03-01,6,0,12,6
Harefield Village,2025-03-01,1,0,2,1
Harlesden & Kensal Green,2025-03-01,21,15,27,10
Harold Wood,2025-03-01,5,0,10,4
Harringay,2025-03-01,7,3,11,4
Harrow Road,2025-03-01,4,0,8,9
Harrow Weald,2025-03-01,6,2,10,9
Harrow on the Hill,2025-03-01,3,0,6,2
Haselbury,2025-03-01,11,5,17,4
Hatch End,2025-03-01,6,1,11,3
Hatch Lane & Highams Park North,2025-03-01,3,0,6,5
Havering-atte-Bower,2025-03-01,4,1,7,4
Haverstock,2025-03-01,11,4,19,11
Hayes & Coney Hall,2025-03-01,3,0,6,3
Hayes Town,2025-03-01,18,9,27,18
Headstone,2025-03-01,9,2,16,9
Heath,2025-03-01,2,0,4,1
Heathfield,2025-03-01,6,0,12,2
Heathrow Villages,2025-03-01,9,3,15,9
Heaton,2025-03-01,9,4,14,3
Hendon,2025-03-01,13,4,22,13
Hermitage & Gardens,2025-03-01,2,1,4,2
Herne Hill & Loughborough Junction,2025-03-01,14,7,21,12
Heston Central,2025-03-01,8,3,13,8
Heston East,2025-03-01,7,2,12,3
Heston West,2025-03-01,18,13,23,6
High Barnet,2025-03-01,4,0,8,4
High Street,2025-03-01,4,0,8,4
Higham Hill,2025-03-01,3,0,6,6
Highbury,2025-03-01,8,3,13,7
Highfield,2025-03-01,7,3,10,7
Highgate,2025-03-01,19,10,28,23
Hillingdon East,2025-03-01,4,1,7,3
Hillingdon West,2025-03-01,3,0,6,4
Hillrise,2025-03-01,10,5,15,15
Hillside,2025-03-01,3,0,6,3
Hither Green,2025-03-01,6,3,10,6
Hoe Street,2025-03-01,5,0,10,11
Holborn & Covent Garden,2025-03-01,21,14,28,16
Holland,2025-03-01,5,0,10,5
Holloway,2025-03-01,15,8,22,9
Homerton,2025-03-01,15,11,19,8
Hook & Chessington North,2025-03-01,2,0,4,2
Hornsey,2025-03-01,6,3,9,6
Hounslow Central,2025-03-01,6,2,10,6
Hounslow East,2025-03-01,5,1,9,5
Hounslow Heath,2025-03-01,5,0,10,2
Hounslow South,2025-03-01,2,0,4,2
Hounslow West,2025-03-01,7,2,12,7
Hoxton East & Shoreditch,2025-03-01,11,1,21,22
Hoxton West,2025-03-01,16,6,26,5
Hyde Park,2025-03-01,10,3,17,13
Hylands & Harrow Lodge,2025-03-01,4,0,8,3
Ickenham & South Harefield,2025-03-01,2,0,4,1
Ilford Town,2025-03-01,7,3,11,7
Island Gardens,2025-03-01,4,0,8,4
Isleworth,2025-03-01,1,0,2,1
Jubilee,2025-03-01,7,0,14,15
Junction,2025-03-01,11,4,18,16
Kelsey & Eden Park,2025-03-01,8,5,11,8
Kenley,2025-03-01,2,0,4,1
Kennington,2025-03-01,5,0,10,5
Kentish Town North,2025-03-01,6,1,12,6
Kentish Town South,2025-03-01,5,0,10,10
Kenton,2025-03-01,8,3,13,8
Kenton East,2025-03-01,3,0,6,6
Kenton West,2025-03-01,2,0,4,2
Kew,2025-03-01,4,0,8,1
Kidbrooke Park,2025-03-01,4,0,8,4
Kidbrooke Village & Sutcliffe,2025-03-01,4,0,8,4
Kilburn,2025-03-01,40,25,55,13
King George's & Sunray,2025-03-01,2,1,3,2
King's Cross,2025-03-01,6,0,12,6
King's Park,2025-03-01,10,3,17,1
Kingsbury,2025-03-01,6,0,12,6
Kingston Gate,2025-03-01,2,1,3,2
Kingston Town,2025-03-01,8,5,11,4
Knight's Hill,2025-03-01,7,2,12,2
Knightsbridge & Belgravia,2025-03-01,9,3,14,9
Lady Margaret,2025-03-01,4,1,7,3
Ladywell,2025-03-01,10,4,16,3
Lancaster Gate,2025-03-01,16,9,23,10
Lansbury,2025-03-01,16,2,30,8
Larkswood,2025-03-01,8,2,14,3
Lavender,2025-03-01,10,4,16,4
Lavender Fields,2025-03-01,9,2,16,6
Laycock,2025-03-01,4,0,8,4
Lea Bridge,2025-03-01,21,9,33,8
Lee Green,2025-03-01,4,1,7,2
Lewisham Central,2025-03-01,4,0,8,2
Leyton,2025-03-01,6,0,12,5
Leytonstone,2025-03-01,9,4,13,9
Lillie,2025-03-01,4,1,7,4
Limehouse,2025-03-01,4,0,8,4
Little Ilford,2025-03-01,7,3,11,7
Little Venice,2025-03-01,4,0,8,4
London Bridge & West Bermondsey,2025-03-01,17,10,24,17
London Fields,2025-03-01,11,5,17,7
Longbridge,2025-03-01,3,0,6,3
Longlands,2025-03-01,1,0,2,1
Longthornton,2025-03-01,6,3,10,6
Lower Edmonton,2025-03-01,7,2,12,7
Lower Morden,2025-03-01,3,1,5,3
Loxford,2025-03-01,9,3,15,11
Maida Vale,2025-03-01,9,4,14,7
Manor Park,2025-03-01,3,0,6,3
Markhouse,2025-03-01,2,0,4,2
Marlborough,2025-03-01,2,0,4,2
Marshalls & Rise Park,2025-03-01,3,0,6,3
Maryland,2025-03-01,2,0,4,2
Marylebone,2025-03-01,31,14,48,34
Mawneys,2025-03-01,3,0,6,8
Mayesbrook,2025-03-01,2,0,4,1
Mayfield,2025-03-01,6,3,8,6
Merton Park,2025-03-01,3,0,6,3
Middle Park & Horn Park,2025-03-01,2,0,4,2
Mildmay,2025-03-01,7,0,14,3
Mile End,2025-03-01,9,1,17,9
Mill Hill,2025-03-01,9,0,18,9
Monkhams,2025-03-01,3,0,6,3
Mortlake & Barnes Common,2025-03-01,4,0,8,14
Motspur Park & Old Malden East,2025-03-01,4,0,8,1
Mottingham,2025-03-01,4,2,6,4
"Mottingham, Coldharbour & New Eltham",2025-03-01,1,0,2,1
Munster,2025-03-01,9,5,13,9
Muswell Hill,2025-03-01,1,0,2,1
Myatt's Fields,2025-03-01,3,0,6,1
New Addington North,2025-03-01,3,2,4,2
New Addington South,2025-03-01,4,1,7,4
New Cross Gate,2025-03-01,6,0,12,4
New Malden Village,2025-03-01,6,1,11,4
New Southgate,2025-03-01,4,1,7,4
Newbury,2025-03-01,5,0,10,12
Newington,2025-03-01,10,1,19,10
Nine Elms,2025-03-01,7,3,11,6
Noel Park,2025-03-01,10,7,14,10
Norbiton,2025-03-01,5,2,8,5
Norbury & Pollards Hill,2025-03-01,7,3,11,10
Norbury Park,2025-03-01,2,0,4,1
Norland,2025-03-01,4,0,8,2
North Acton,2025-03-01,10,3,17,10
North Bermondsey,2025-03-01,9,2,16,14
North Cheam,2025-03-01,1,0,2,1
North Greenford,2025-03-01,7,0,14,16
North Hanwell,2025-03-01,6,1,11,6
North Harrow,2025-03-01,3,1,4,3
North Richmond,2025-03-01,3,0,6,2
North Walworth,2025-03-01,9,0,18,9
Northbury,2025-03-01,7,2,12,7
Northcote,2025-03-01,3,2,5,3
Northfield,2025-03-01,6,2,10,6
Northolt Mandeville,2025-03-01,5,0,10,14
Northolt West End,2025-03-01,4,0,8,4
Northumberland Heath,2025-03-01,2,0,4,2
Northumberland Park,2025-03-01,17,10,24,10
Northwick Park,2025-03-01,8,4,12,2
Northwood,2025-03-01,7,2,12,10
Northwood Hills,2025-03-01,9,3,15,9
Norwood Green,2025-03-01,11,7,15,6
Notting Dale,2025-03-01,5,2,8,5
Nunhead & Queen's Road,2025-03-01,9,5,13,9
Oakwood,2025-03-01,2,0,4,2
Old Coulsdon,2025-03-01,3,1,5,3
Old Kent Road,2025-03-01,7,0,14,7
Old Malden,2025-03-01,2,0,4,2
Orpington,2025-03-01,8,3,13,2
Osterley & Spring Grove,2025-03-01,8,0,16,7
Oval,2025-03-01,3,0,6,3
Palace & Hurlingham,2025-03-01,3,0,6,2
Palmers Green,2025-03-01,5,0,10,5
Park Hill & Whitgift,2025-03-01,11,5,17,11
Parsloes,2025-03-01,4,0,8,4
Parsons Green & Sandford,2025-03-01,2,0,4,2
Peckham,2025-03-01,7,0,14,4
Peckham Rye,2025-03-01,3,0,6,7
Pembridge,2025-03-01,4,0,8,13
Penge & Cator,2025-03-01,7,2,13,7
Perivale,2025-03-01,13,8,18,8
Perry Vale,2025-03-01,11,6,16,7
Petts Wood & Knoll,2025-03-01,6,1,11,6
Pimlico North,2025-03-01,11,9,13,11
Pimlico South,2025-03-01,5,0,10,7
Pinkwell,2025-03-01,11,2,20,15
Pinner,2025-03-01,7,1,13,7
Pinner South,2025-03-01,5,1,9,8
Pitshanger,2025-03-01,8,0,16,8
Plaistow,2025-03-01,3,0,6,3
Plaistow North,2025-03-01,7,2,12,7
Plaistow South,2025-03-01,4,0,8,4
Plaistow West & Canning Town East,2025-03-01,9,6,12,9
Plashet,2025-03-01,1,0,2,1
Plumstead & Glyndon,2025-03-01,5,2,8,7
Plumstead Common,2025-03-01,8,3,13,9
Pollards Hill,2025-03-01,5,1,9,2
Ponders End,2025-03-01,11,6,16,13
Poplar,2025-03-01,3,0,6,3
Preston,2025-03-01,2,0,4,2
Primrose Hill,2025-03-01,8,1,15,12
Purley & Woodcote,2025-03-01,10,5,15,10
Purley Oaks & Riddlesdown,2025-03-01,3,0,6,3
Queen's Gate,2025-03-01,5,1,10,5
Queen's Park,2025-03-01,4,0,8,12
Queens Park,2025-03-01,14,7,21,5
Queensbury,2025-03-01,8,4,12,8
Rainham & Wennington,2025-03-01,5,4,7,5
Ravensbury,2025-03-01,4,0,8,8
Ravenscourt,2025-03-01,4,0,8,1
Rayners Lane,2025-03-01,4,2,6,4
Raynes Park,2025-03-01,3,0,6,7
Redcliffe,2025-03-01,6,0,12,6
Regent's Park,2025-03-01,15,6,24,18
Ridgeway,2025-03-01,5,0,10,5
Roehampton,2025-03-01,7,1,13,8
Rotherhithe,2025-03-01,9,0,18,15
Roundwood,2025-03-01,7,2,12,4
Roxbourne,2025-03-01,3,0,6,7
Roxeth,2025-03-01,6,3,9,7
Royal Albert,2025-03-01,7,0,14,1
Royal Hospital,2025-03-01,6,3,9,3
Royal Victoria,2025-03-01,5,0,10,5
Ruislip,2025-03-01,5,0,10,5
Ruislip Manor,2025-03-01,2,0,4,2
Rush Green & Crowlands,2025-03-01,15,8,22,4
Rushey Green,2025-03-01,28,20,36,8
Rye Lane,2025-03-01,12,4,20,12
Sanderstead,2025-03-01,5,0,10,2
Sands End,2025-03-01,3,1,5,2
Selhurst,2025-03-01,7,2,12,4
Selsdon & Addington Village,2025-03-01,5,1,9,3
Selsdon Vale & Forestdale,2025-03-01,3,0,6,7
Seven Kings,2025-03-01,7,1,13,7
Seven Sisters,2025-03-01,6,1,11,6
Shacklewell,2025-03-01,5,1,9,5
Shadwell,2025-03-01,10,4,16,7
Shaftesbury & Queenstown,2025-03-01,9,4,14,10
Shepherd's Bush Green,2025-03-01,6,0,12,7
Shirley North,2025-03-01,3,1,5,3
Shirley South,2025-03-01,3,0,6,3
Shooters Hill,2025-03-01,4,2,6,4
Shortlands & Park Langley,2025-03-01,4,0,8,4
Sidcup,2025-03-01,8,5,11,7
Slade Green & Northend,2025-03-01,7,2,12,3
South Acton,2025-03-01,10,2,18,4
South Balham,2025-03-01,3,0,6,3
South Beddington & Roundshaw,2025-03-01,4,1,7,4
South Bermondsey,2025-03-01,11,2,20,11
South Croydon,2025-03-01,4,0,8,9
South Hampstead,2025-03-01,11,0,22,5
South Hornchurch,2025-03-01,2,0,4,2
South Norwood,2025-03-01,3,0,6,3
South Richmond,2025-03-01,10,3,17,5
South Ruislip,2025-03-01,9,0,18,10
South Tottenham,2025-03-01,8,4,12,9
South Twickenham,2025-03-01,6,2,10,4
South Woodford,2025-03-01,5,1,9,5
Southall Broadway,2025-03-01,5,1,9,8
Southall Green,2025-03-01,11,2,20,4
Southall West,2025-03-01,3,1,5,3
Southbury,2025-03-01,8,3,13,8
Southfield,2025-03-01,7,3,11,7
Southfields,2025-03-01,3,0,6,1
Southgate,2025-03-01,6,0,12,3
Spitalfields & Banglatown,2025-03-01,6,0,12,14
Springfield,2025-03-01,6,0,12,5
Squirrels Heath,2025-03-01,2,0,4,1
St Alban's,2025-03-01,5,0,10,1
St Andrew's,2025-03-01,5,2,8,3
St Ann's,2025-03-01,4,1,7,2
St Dunstan's,2025-03-01,9,5,13,7
St Edward's,2025-03-01,4,0,8,3
St George's,2025-03-01,1,0,2,1
St Giles,2025-03-01,8,0,16,4
St Helier,2025-03-01,2,0,4,1
St Helier East,2025-03-01,1,0,2,1
St Helier West,2025-03-01,5,2,8,6
St James,2025-03-01,4,0,8,4
St James's,2025-03-01,38,22,54,18
St Katharine's & Wapping,2025-03-01,8,4,12,10
St Margarets & North Twickenham,2025-03-01,8,3,13,2
St Mark's & Seething Wells,2025-03-01,2,0,4,2
St Martin's,2025-03-01,6,0,12,6
St Mary Cray,2025-03-01,6,3,9,6
St Mary's,2025-03-01,8,1,15,5
St Mary's & St James,2025-03-01,6,1,11,6
St Mary's & St James',2025-03-01,7,2,12,5
St Pancras & Somers Town,2025-03-01,13,7,19,11
St Paul's Cray,2025-03-01,11,6,16,5
St Peter's & Canalside,2025-03-01,7,0,14,4
St. Helen's,2025-03-01,2,0,4,2
Stamford Hill West,2025-03-01,3,0,6,3
Stanley,2025-03-01,7,0,14,3
Stanmore,2025-03-01,9,5,13,9
Stepney Green,2025-03-01,7,2,12,7
Stockwell East,2025-03-01,5,1,9,5
Stockwell West & Larkhall,2025-03-01,5,1,10,5
Stoke Newington,2025-03-01,2,0,4,2
Stonebridge,2025-03-01,11,5,16,11
Stonecot,2025-03-01,4,1,7,4
Stratford,2025-03-01,7,0,14,15
Streatham Common & Vale,2025-03-01,6,1,11,5
Streatham Hill East,2025-03-01,2,0,4,2
Streatham Hill West & Thornton,2025-03-01,6,0,12,6
Streatham St Leonard's,2025-03-01,6,0,12,12
Streatham Wells,2025-03-01,2,0,4,2
Stroud Green,2025-03-01,7,2,12,7
Sudbury,2025-03-01,2,1,3,2
Surbiton Hill,2025-03-01,5,2,8,5
Surrey Docks,2025-03-01,5,2,8,5
Sutton Central,2025-03-01,6,2,9,6
Sutton North,2025-03-01,5,2,8,3
Sutton South,2025-03-01,4,0,8,2
Sutton West & East Cheam,2025-03-01,3,0,6,3
Sydenham,2025-03-01,4,0,8,4
Syon & Brentford Lock,2025-03-01,4,0,8,4
Teddington,2025-03-01,5,2,8,4
Telegraph Hill,2025-03-01,3,0,6,3
Thames View,2025-03-01,2,0,4,1
Thamesfield,2025-03-01,9,1,17,10
Thamesmead East,2025-03-01,7,3,11,3
Thamesmead Moorings,2025-03-01,3,0,5,3
The Wrythe,2025-03-01,4,0,8,2
Thornton Heath,2025-03-01,5,1,9,5
Tokyngton,2025-03-01,2,0,4,2
Tollington,2025-03-01,14,5,23,14
Tolworth,2025-03-01,6,1,11,6
Tooting Bec,2025-03-01,6,1,11,7
Tooting Broadway,2025-03-01,9,3,15,5
Tottenham Central,2025-03-01,11,6,16,6
Tottenham Hale,2025-03-01,8,3,13,8
Totteridge & Woodside,2025-03-01,11,6,16,12
Town,2025-03-01,9,3,15,9
Trinity,2025-03-01,6,3,9,6
Tudor,2025-03-01,3,0,6,3
Tufnell Park,2025-03-01,6,0,12,6
Twickenham Riverside,2025-03-01,8,1,15,7
Underhill,2025-03-01,2,0,4,2
Upminster,2025-03-01,4,1,7,3
Upper Edmonton,2025-03-01,12,8,16,12
Upper Walthamstow,2025-03-01,4,0,8,4
Uxbridge,2025-03-01,12,6,18,14
Valence,2025-03-01,3,0,6,3
Valentines,2025-03-01,3,0,6,1
Valley,2025-03-01,8,4,12,6
Vauxhall,2025-03-01,8,2,14,7
Victoria,2025-03-01,5,1,9,5
Village,2025-03-01,7,0,14,7
Vincent Square,2025-03-01,3,0,6,3
Waddon,2025-03-01,7,0,14,7
Walham Green,2025-03-01,15,10,20,4
Wall End,2025-03-01,6,3,9,6
Wallington North,2025-03-01,3,0,6,3
Wallington South,2025-03-01,7,3,11,7
Walpole,2025-03-01,8,3,13,6
Wandle,2025-03-01,5,0,10,5
Wandsworth Common,2025-03-01,2,0,4,2
Wandsworth Town,2025-03-01,9,2,16,4
Wanstead Park,2025-03-01,1,0,2,1
Wanstead Village,2025-03-01,12,6,18,4
Waterloo & South Bank,2025-03-01,10,2,18,15
Wealdstone North,2025-03-01,4,2,6,4
Wealdstone South,2025-03-01,7,2,12,8
Weavers,2025-03-01,7,0,14,5
Welsh Harp,2025-03-01,10,3,17,8
Wembley Central,2025-03-01,5,0,10,5
Wembley Hill,2025-03-01,7,4,10,5
Wembley Park,2025-03-01,5,3,7,5
Wendell Park,2025-03-01,1,0,2,1
West Barnes,2025-03-01,5,1,9,1
West Drayton,2025-03-01,16,11,21,5
West Dulwich,2025-03-01,4,0,8,4
West End,2025-03-01,57,25,89,32
West Finchley,2025-03-01,17,10,24,14
West Green,2025-03-01,2,0,4,2
West Ham,2025-03-01,9,7,11,4
West Hampstead,2025-03-01,8,0,16,10
West Harrow,2025-03-01,2,0,4,2
West Heath,2025-03-01,3,0,5,3
West Hendon,2025-03-01,8,0,16,8
West Hill,2025-03-01,5,2,8,5
West Kensington,2025-03-01,5,1,9,5
West Putney,2025-03-01,3,0,6,3
West Thamesmead,2025-03-01,2,0,4,1
West Thornton,2025-03-01,12,7,17,12
West Twickenham,2025-03-01,5,2,8,1
West Wickham,2025-03-01,11,5,17,2
Westbourne,2025-03-01,8,4,12,8
Whalebone,2025-03-01,7,3,11,3
Whetstone,2025-03-01,6,2,10,5
White City,2025-03-01,1,0,2,1
White Hart Lane,2025-03-01,6,2,10,7
Whitechapel,2025-03-01,12,0,24,9
Whitewebbs,2025-03-01,9,4,14,6
Whitton,2025-03-01,3,0,6,2
Willesden Green,2025-03-01,8,0,16,6
William Morris,2025-03-01,7,3,11,6
Wimbledon Park,2025-03-01,6,1,11,7
Wimbledon Town & Dundonald,2025-03-01,4,0,8,1
Winchmore Hill,2025-03-01,5,2,8,9
Wood End,2025-03-01,13,8,18,13
Wood Street,2025-03-01,4,0,8,4
Woodberry Down,2025-03-01,7,1,13,7
Woodhouse,2025-03-01,4,0,8,3
Woodside,2025-03-01,9,1,17,9
Woolwich Arsenal,2025-03-01,5,0,10,2
Woolwich Common,2025-03-01,7,1,13,2
Woolwich Dockyard,2025-03-01,6,0,12,4
Worcester Park North,2025-03-01,1,0,2,1
Worcester Park South,2025-03-01,1,0,2,1
Wormholt,2025-03-01,3,0,5,3
Yeading,2025-03-01,7,4,10,8
Yiewsley,2025-03-01,6,1,11,5
Abbey,2025-04-01,7,2,12,12
Abbey Road,2025-04-01,8,1,15,13
Abbey Wood,2025-04-01,11,6,16,4
Abingdon,2025-04-01,3,0,6,3
Addiscombe East,2025-04-01,5,0,10,15
Addiscombe West,2025-04-01,7,2,12,5
Addison,2025-04-01,5,0,11,8
Aldborough,2025-04-01,8,5,11,8
Alexandra,2025-04-01,2,0,4,2
Alexandra Park,2025-04-01,4,0,8,1
Alibon,2025-04-01,3,0,6,4
Alperton,2025-04-01,4,0,8,5
Arnos Grove,2025-04-01,7,4,10,8
Arsenal,2025-04-01,7,3,11,5
Avonmore,2025-04-01,5,1,9,3
Balham,2025-04-01,8,3,13,12
Barking Riverside,2025-04-01,3,0,6,5
Barkingside,2025-04-01,3,0,6,3
Barnehurst,2025-04-01,4,1,7,5
Barnes,2025-04-01,3,0,6,4
Barnet Vale,2025-04-01,7,0,14,7
Barnhill,2025-04-01,6,3,9,6
Barnsbury,2025-04-01,5,2,9,5
Battersea Park,2025-04-01,6,0,12,9
Bayswater,2025-04-01,16,7,25,17
Beam,2025-04-01,5,3,7,5
Beam Park,2025-04-01,4,0,8,5
Beckenham Town & Copers Cope,2025-04-01,7,0,14,11
Beckton,2025-04-01,3,0,6,8
Becontree,2025-04-01,1,0,2,1
Beddington,2025-04-01,4,2,6,4
Bedfont,2025-04-01,5,1,8,5
Bellingham,2025-04-01,1,0,2,1
Belmont,2025-04-01,8,1,15,8
Belmont,2025-04-01,7,0,14,11
Belmore,2025-04-01,12,5,18,10
Belsize,2025-04-01,8,1,15,14
Belvedere,2025-04-01,5,2,8,5
Bensham Manor,2025-04-01,5,0,10,5
Berrylands,2025-04-01,3,0,6,3
Bethnal Green East,2025-04-01,14,0,28,9
Bethnal Green West,2025-04-01,10,0,20,6
Bexleyheath,2025-04-01,3,0,6,4
Bickley & Sundridge,2025-04-01,6,0,12,9
Biggin Hill,2025-04-01,4,2,6,4
Blackfen & Lamorbey,2025-04-01,3,0,6,3
Blackheath,2025-04-01,12,6,18,12
Blackheath Westcombe,2025-04-01,4,0,8,6
Blackwall & Cubitt Town,2025-04-01,7,1,13,11
Blendon & Penhill,2025-04-01,2,0,4,2
Bloomsbury,2025-04-01,19,8,30,28
Boleyn,2025-04-01,9,4,15,6
Borough & Bankside,2025-04-01,18,9,27,17
Bounds Green,2025-04-01,7,0,14,1
Bow East,2025-04-01,17,6,28,8
Bow West,2025-04-01,6,0,12,9
Bowes,2025-04-01,2,0,4,2
Brentford East,2025-04-01,9,5,13,3
Brentford West,2025-04-01,4,1,7,4
Bridge,2025-04-01,4,2,6,5
Brimsdown,2025-04-01,11,7,15,12
Brixton Acre Lane,2025-04-01,6,1,10,9
Brixton North,2025-04-01,10,5,15,10
Brixton Rush Common,2025-04-01,3,0,6,2
Brixton Windrush,2025-04-01,5,0,10,5
Broad Green,2025-04-01,7,4,10,9
Brockley,2025-04-01,11,4,18,13
Bromley Common & Holwood,2025-04-01,3,0,5,3
Bromley North,2025-04-01,4,0,8,9
Bromley South,2025-04-01,7,5,9,3
Bromley Town,2025-04-01,9,5,13,9
Brompton & Hans Town,2025-04-01,12,8,16,9
Brondesbury Park,2025-04-01,7,0,14,17
Brook Green,2025-04-01,8,6,11,8
Brownswood,2025-04-01,9,2,16,9
Bruce Castle,2025-04-01,7,4,10,4
Brunswick Park,2025-04-01,6,1,11,12
Bullsmoor,2025-04-01,4,1,7,4
Bunhill,2025-04-01,12,2,22,17
Burnt Oak,2025-04-01,20,8,32,14
Bush Hill Park,2025-04-01,6,2,11,9
Caledonian,2025-04-01,8,4,12,8
Camberwell Green,2025-04-01,2,0,4,3
Camden Square,2025-04-01,6,2,9,7
Camden Town,2025-04-01,6,0,13,6
Campden,2025-04-01,6,5,8,7
Canary Wharf,2025-04-01,15,7,23,22
Canbury Gardens,2025-04-01,2,0,4,2
Cann Hall,2025-04-01,8,2,14,9
Canning Town North,2025-04-01,10,6,14,9
Canning Town South,2025-04-01,5,0,10,8
Cannon Hill,2025-04-01,1,0,2,1
Canonbury,2025-04-01,3,0,6,3
Canons,2025-04-01,4,1,6,4
Carshalton Central,2025-04-01,4,0,8,5
Carshalton South & Clockhouse,2025-04-01,5,1,9,6
Carterhatch,2025-04-01,3,0,6,5
Catford South,2025-04-01,7,0,14,9
Cathall,2025-04-01,5,0,10,3
Cazenove,2025-04-01,2,0,4,4
Centenary,2025-04-01,6,3,9,6
Central Greenford,2025-04-01,9,3,15,4
Chadwell,2025-04-01,2,0,5,6
Chadwell Heath,2025-04-01,2,0,4,2
Champion Hill,2025-04-01,1,0,2,1
Chapel End,2025-04-01,6,2,10,4
Charlton Hornfair,2025-04-01,3,2,4,3
Charlton Village & Riverside,2025-04-01,3,1,5,3
Charville,2025-04-01,1,0,2,1
Chaucer,2025-04-01,8,0,16,9
Cheam,2025-04-01,2,0,4,1
Chelsea Riverside,2025-04-01,6,0,12,4
Chelsfield,2025-04-01,3,0,6,3
Chessington South & Malden Rushett,2025-04-01,1,0,2,2
Childs Hill,2025-04-01,16,7,25,21
Chingford Green,2025-04-01,5,0,10,5
Chislehurst,2025-04-01,9,0,18,5
Chiswick Gunnersbury,2025-04-01,9,6,12,6
Chiswick Homefields,2025-04-01,6,2,10,5
Chiswick Riverside,2025-04-01,5,2,8,7
Church Street,2025-04-01,10,4,15,10
Churchfields,2025-04-01,6,1,11,6
Clapham Common & Abbeville,2025-04-01,11,5,17,8
Clapham East,2025-04-01,9,1,17,10
Clapham Park,2025-04-01,4,1,7,4
Clapham Town,2025-04-01,11,4,18,7
Clayhall,2025-04-01,4,1,7,4
Clementswood,2025-04-01,2,0,4,5
Clerkenwell,2025-04-01,12,5,19,4
Clissold,2025-04-01,13,8,18,3
Clock House,2025-04-01,6,3,9,5
Cockfosters,2025-04-01,6,0,11,6
Colham & Cowley,2025-04-01,6,0,12,6
Colindale North,2025-04-01,5,2,8,5
Colindale South,2025-04-01,7,0,13,7
College Park & Old Oak,2025-04-01,8,4,11,8
Colliers Wood,2025-04-01,3,0,6,3
Colville,2025-04-01,11,5,17,6
Coningham,2025-04-01,7,1,13,6
Coombe Hill,2025-04-01,1,0,2,1
Coombe Vale,2025-04-01,2,0,4,2
Coulsdon Town,2025-04-01,2,0,4,2
Courtfield,2025-04-01,9,3,15,3
Cranbrook,2025-04-01,5,1,9,5
Cranford,2025-04-01,8,4,12,4
Cranham,2025-04-01,2,0,5,5
Crayford,2025-04-01,5,2,8,4
Cricket Green,2025-04-01,7,2,12,7
Cricklewood,2025-04-01,8,1,15,15
Cricklewood & Mapesbury,2025-04-01,8,5,11,8
Crofton Park,2025-04-01,8,4,12,5
Crook Log,2025-04-01,3,0,6,4
Crouch End,2025-04-01,10,1,19,11
Crystal Palace & Anerley,2025-04-01,3,0,6,3
Crystal Palace & Upper Norwood,2025-04-01,5,1,9,6
Custom House,2025-04-01,4,1,7,4
Dalgarno,2025-04-01,4,1,7,4
Dalston,2025-04-01,12,6,18,9
Darwin,2025-04-01,4,3,5,2
De Beauvoir,2025-04-01,9,2,16,9
Deptford,2025-04-01,10,4,17,6
Dollis Hill,2025-04-01,13,7,19,8
Dormers Wells,2025-04-01,4,1,7,4
Downham,2025-04-01,3,0,6,7
Dulwich Hill,2025-04-01,2,0,4,2
Dulwich Village,2025-04-01,4,2,6,5
Dulwich Wood,2025-04-01,3,0,6,6
Ealing Broadway,2025-04-01,7,0,14,7
Ealing Common,2025-04-01,8,4,12,7
Earl's Court,2025-04-01,5,0,10,10
East Acton,2025-04-01,4,0,8,4
East Barnet,2025-04-01,5,0,10,5
East Finchley,2025-04-01,8,0,16,12
East Greenwich,2025-04-01,8,3,14,12
East Ham,2025-04-01,10,4,16,9
East Ham South,2025-04-01,5,2,8,5
East Putney,2025-04-01,4,0,8,4
East Sheen,2025-04-01,5,0,10,5
East Wickham,2025-04-01,5,1,10,8
Eastbrook & Rush Green,2025-04-01,1,0,2,1
Eastbury,2025-04-01,5,0,10,9
Eastcote,2025-04-01,4,2,5,4
Edgware,2025-04-01,19,9,29,22
Edgwarebury,2025-04-01,7,2,12,4
Edmonton Green,2025-04-01,14,7,21,10
Elm Park,2025-04-01,2,0,4,3
Eltham Page,2025-04-01,3,0,6,3
Eltham Park & Progress,2025-04-01,2,0,5,6
Eltham Town & Avery Hill,2025-04-01,6,0,12,6
Emerson Park,2025-04-01,1,0,2,2
Endlebury,2025-04-01,3,1,5,3
Enfield Lock,2025-04-01,9,3,15,9
Erith,2025-04-01,6,2,10,6
Evelyn,2025-04-01,4,1,7,5
Fairfield,2025-04-01,14,8,20,11
Fairlop,2025-04-01,3,0,6,4
Falconbrook,2025-04-01,6,2,10,4
Falconwood & Welling,2025-04-01,6,0,11,3
Faraday,2025-04-01,13,0,26,5
Farnborough & Crofton,2025-04-01,4,0,8,4
Feltham North,2025-04-01,6,1,11,4
Feltham West,2025-04-01,9,4,14,6
Figge's Marsh,2025-04-01,5,2,8,1
Finchley Church End,2025-04-01,14,6,22,11
Finsbury Park,2025-04-01,12,3,21,12
Forest,2025-04-01,5,0,10,10
Forest Gate North,2025-04-01,3,1,5,3
Forest Gate South,2025-04-01,9,4,13,7
Forest Hill,2025-04-01,7,2,12,8
Fortis Green,2025-04-01,7,0,14,7
Fortune Green,2025-04-01,9,4,14,9
Friern Barnet,2025-04-01,7,1,13,8
Frognal,2025-04-01,3,0,7,6
Fulham Reach,2025-04-01,6,1,11,6
Fulham Town,2025-04-01,5,2,8,5
Fullwell,2025-04-01,5,0,10,9
Fulwell & Hampton Hill,2025-04-01,2,0,4,2
Furzedown,2025-04-01,6,4,8,6
Garden Suburb,2025-04-01,7,0,14,8
Gascoigne,2025-04-01,8,4,12,3
Gipsy Hill,2025-04-01,4,0,8,6
Golborne,2025-04-01,3,0,6,8
Golders Green,2025-04-01,8,4,12,9
Goodmayes,2025-04-01,3,0,6,3
Goose Green,2025-04-01,2,0,4,3
Gooshays,2025-04-01,8,4,12,7
Goresbrook,2025-04-01,2,0,4,2
Gospel Oak,2025-04-01,6,1,11,6
Grange Park,2025-04-01,5,2,8,6
Graveney,2025-04-01,3,0,6,3
Green Lane & St James,2025-04-01,2,0,4,2
Green Street East,2025-04-01,7,2,12,9
Green Street West,2025-04-01,4,1,8,6
Greenford Broadway,2025-04-01,8,4,12,6
Greenhill,2025-04-01,8,2,14,8
Greenwich Creekside,2025-04-01,7,4,10,5
Greenwich Park,2025-04-01,4,1,6,4
Greenwich Peninsula,2025-04-01,10,0,20,12
Grove,2025-04-01,7,3,11,5
Grove Green,2025-04-01,4,0,8,6
Grove Park,2025-04-01,2,0,4,2
Hackbridge,2025-04-01,2,0,4,2
Hackney Central,2025-04-01,9,5,13,11
Hackney Downs,2025-04-01,14,5,23,4
Hackney Wick,2025-04-01,7,0,14,3
Hacton,2025-04-01,3,1,5,3
Haggerston,2025-04-01,5,0,10,5
Hainault,2025-04-01,2,0,4,6
Hale End & Highams Park South,2025-04-01,2,0,4,2
"Ham, Petersham & Richmond Riverside",2025-04-01,4,2,6,4
Hammersmith Broadway,2025-04-01,5,1,9,5
Hampstead Town,2025-04-01,4,0,8,3
Hampton,2025-04-01,3,0,6,2
Hampton North,2025-04-01,1,0,2,1
Hampton Wick & South Teddington,2025-04-01,4,0,8,6
Hanger Hill,2025-04-01,6,0,12,6
Hanwell Broadway,2025-04-01,8,2,13,7
Hanworth Park,2025-04-01,6,3,9,7
Hanworth Village,2025-04-01,6,2,10,6
Harefield Village,2025-04-01,1,0,2,1
Harlesden & Kensal Green,2025-04-01,10,0,20,21
Harold Wood,2025-04-01,6,0,12,5
Harringay,2025-04-01,6,1,11,7
Harrow Road,2025-04-01,8,4,12,4
Harrow Weald,2025-04-01,8,4,13,6
Harrow on the Hill,2025-04-01,3,0,6,3
Haselbury,2025-04-01,5,0,10,11
Hatch End,2025-04-01,3,0,7,6
Hatch Lane & Highams Park North,2025-04-01,3,0,6,3
Havering-atte-Bower,2025-04-01,4,2,6,4
Haverstock,2025-04-01,8,1,15,11
Hayes & Coney Hall,2025-04-01,3,0,6,3
Hayes Town,2025-04-01,21,12,30,18
Headstone,2025-04-01,3,0,6,9
Heath,2025-04-01,1,0,2,2
Heathfield,2025-04-01,2,0,5,6
Heathrow Villages,2025-04-01,7,2,12,9
Heaton,2025-04-01,13,6,20,9
Hendon,2025-04-01,13,4,22,13
Hermitage & Gardens,2025-04-01,2,1,4,2
Herne Hill & Loughborough Junction,2025-04-01,12,4,20,14
Heston Central,2025-04-01,6,2,10,8
Heston East,2025-04-01,6,1,11,7
Heston West,2025-04-01,4,0,8,18
High Barnet,2025-04-01,4,0,8,4
High Street,2025-04-01,10,5,15,4
Higham Hill,2025-04-01,6,3,8,3
Highbury,2025-04-01,6,1,11,8
Highfield,2025-04-01,7,3,10,7
Highgate,2025-04-01,13,5,21,19
Hillingdon East,2025-04-01,3,0,6,4
Hillingdon West,2025-04-01,4,1,7,3
Hillrise,2025-04-01,12,7,17,10
Hillside,2025-04-01,3,0,6,3
Hither Green,2025-04-01,6,3,10,6
Hoe Street,2025-04-01,4,0,8,5
Holborn & Covent Garden,2025-04-01,17,9,25,21
Holland,2025-04-01,6,1,11,5
Holloway,2025-04-01,14,7,21,15
Homerton,2025-04-01,9,2,15,15
Hook & Chessington North,2025-04-01,2,0,4,2
Hornsey,2025-04-01,6,3,8,6
Hounslow Central,2025-04-01,6,3,9,6
Hounslow East,2025-04-01,5,2,8,5
Hounslow Heath,2025-04-01,6,1,11,5
Hounslow South,2025-04-01,2,0,4,2
Hounslow West,2025-04-01,7,2,11,7
Hoxton East & Shoreditch,2025-04-01,17,6,28,11
Hoxton West,2025-04-01,10,0,20,16
Hyde Park,2025-04-01,15,9,21,10
Hylands & Harrow Lodge,2025-04-01,3,0,6,4
Ickenham & South Harefield,2025-04-01,1,0,2,2
Ilford Town,2025-04-01,7,3,11,7
Island Gardens,2025-04-01,4,1,7,4
Isleworth,2025-04-01,2,0,4,1
Jubilee,2025-04-01,9,2,16,7
Junction,2025-04-01,15,7,23,11
Kelsey & Eden Park,2025-04-01,4,1,7,8
Kenley,2025-04-01,4,1,7,2
Kennington,2025-04-01,8,3,13,5
Kentish Town North,2025-04-01,5,0,10,6
Kentish Town South,2025-04-01,5,0,10,5
Kenton,2025-04-01,8,4,12,8
Kenton East,2025-04-01,3,0,6,3
Kenton West,2025-04-01,2,0,4,2
Kew,2025-04-01,1,0,2,4
Kidbrooke Park,2025-04-01,4,1,7,4
Kidbrooke Village & Sutcliffe,2025-04-01,4,0,8,4
Kilburn,2025-04-01,33,11,55,40
King George's & Sunray,2025-04-01,2,1,3,2
King's Cross,2025-04-01,6,1,11,6
King's Park,2025-04-01,4,0,8,10
Kingsbury,2025-04-01,5,0,10,6
Kingston Gate,2025-04-01,2,1,3,2
Kingston Town,2025-04-01,6,1,11,8
Knight's Hill,2025-04-01,4,0,8,7
Knightsbridge & Belgravia,2025-04-01,9,5,13,9
Lady Margaret,2025-04-01,6,4,8,4
Ladywell,2025-04-01,7,1,13,10
Lancaster Gate,2025-04-01,11,4,18,16
Lansbury,2025-04-01,7,0,14,16
Larkswood,2025-04-01,11,6,16,8
Lavender,2025-04-01,15,9,21,10
Lavender Fields,2025-04-01,6,0,12,9
Laycock,2025-04-01,4,0,8,4
Lea Bridge,2025-04-01,10,0,20,21
Lee Green,2025-04-01,4,1,7,4
Lewisham Central,2025-04-01,8,3,13,4
Leyton,2025-04-01,5,0,10,6
Leytonstone,2025-04-01,11,6,16,9
Lillie,2025-04-01,4,1,7,4
Limehouse,2025-04-01,4,1,7,4
Little Ilford,2025-04-01,7,3,11,7
Little Venice,2025-04-01,5,2,8,4
London Bridge & West Bermondsey,2025-04-01,17,11,24,17
London Fields,2025-04-01,14,8,20,11
Longbridge,2025-04-01,3,0,6,3
Longlands,2025-04-01,1,0,2,1
Longthornton,2025-04-01,6,2,10,6
Lower Edmonton,2025-04-01,10,5,15,7
Lower Morden,2025-04-01,3,1,5,3
Loxford,2025-04-01,6,0,12,9
Maida Vale,2025-04-01,7,2,12,9
Manor Park,2025-04-01,3,0,6,3
Markhouse,2025-04-01,2,0,4,2
Marlborough,2025-04-01,2,0,4,2
Marshalls & Rise Park,2025-04-01,3,0,6,3
Maryland,2025-04-01,2,0,4,2
Marylebone,2025-04-01,34,19,49,31
Mawneys,2025-04-01,8,2,13,3
Mayesbrook,2025-04-01,2,0,4,2
Mayfield,2025-04-01,7,5,9,6
Merton Park,2025-04-01,3,0,5,3
Middle Park & Horn Park,2025-04-01,2,0,4,2
Mildmay,2025-04-01,6,0,12,7
Mile End,2025-04-01,13,5,21,9
Mill Hill,2025-04-01,5,0,10,9
Monkhams,2025-04-01,3,0,6,3
Mortlake & Barnes Common,2025-04-01,5,0,10,4
Motspur Park & Old Malden East,2025-04-01,1,0,3,4
Mottingham,2025-04-01,4,2,6,4
"Mottingham, Coldharbour & New Eltham",2025-04-01,1,0,2,1
Munster,2025-04-01,9,6,12,9
Muswell Hill,2025-04-01,1,0,2,1
Myatt's Fields,2025-04-01,2,0,4,3
New Addington North,2025-04-01,2,1,3,3
New Addington South,2025-04-01,3,0,6,4
New Cross Gate,2025-04-01,5,0,10,6
New Malden Village,2025-04-01,4,0,8,6
New Southgate,2025-04-01,4,1,7,4
Newbury,2025-04-01,3,0,6,5
Newington,2025-04-01,9,0,18,10
Nine Elms,2025-04-01,3,0,6,7
Noel Park,2025-04-01,10,7,13,10
Norbiton,2025-04-01,5,2,8,5
Norbury & Pollards Hill,2025-04-01,7,3,11,7
Norbury Park,2025-04-01,3,1,5,2
Norland,2025-04-01,2,0,4,4
North Acton,2025-04-01,9,4,14,10
North Bermondsey,2025-04-01,13,7,19,9
North Cheam,2025-04-01,2,0,4,1
North Greenford,2025-04-01,4,0,8,7
North Hanwell,2025-04-01,6,1,11,6
North Harrow,2025-04-01,3,1,4,3
North Richmond,2025-04-01,2,0,4,3
North Walworth,2025-04-01,15,7,23,9
Northbury,2025-04-01,7,1,12,7
Northcote,2025-04-01,6,5,7,3
Northfield,2025-04-01,6,3,9,6
Northolt Mandeville,2025-04-01,7,0,14,5
Northolt West End,2025-04-01,4,0,7,4
Northumberland Heath,2025-04-01,2,0,4,2
Northumberland Park,2025-04-01,12,5,19,17
Northwick Park,2025-04-01,3,0,5,8
Northwood,2025-04-01,5,1,9,7
Northwood Hills,2025-04-01,5,0,10,9
Norwood Green,2025-04-01,6,0,12,11
Notting Dale,2025-04-01,5,2,8,5
Nunhead & Queen's Road,2025-04-01,11,8,14,9
Oakwood,2025-04-01,2,0,4,2
Old Coulsdon,2025-04-01,3,1,4,3
Old Kent Road,2025-04-01,5,0,10,7
Old Malden,2025-04-01,2,1,3,2
Orpington,2025-04-01,8,3,13,8
Osterley & Spring Grove,2025-04-01,5,0,10,8
Oval,2025-04-01,4,1,7,3
Palace & Hurlingham,2025-04-01,2,0,4,3
Palmers Green,2025-04-01,5,0,10,5
Park Hill & Whitgift,2025-04-01,4,0,8,11
Parsloes,2025-04-01,4,0,8,4
Parsons Green & Sandford,2025-04-01,3,0,6,2
Peckham,2025-04-01,6,0,12,7
Peckham Rye,2025-04-01,5,1,9,3
Pembridge,2025-04-01,11,4,18,4
Penge & Cator,2025-04-01,7,3,11,7
Perivale,2025-04-01,9,3,15,13
Perry Vale,2025-04-01,7,2,13,11
Petts Wood & Knoll,2025-04-01,4,0,8,6
Pimlico North,2025-04-01,9,7,11,11
Pimlico South,2025-04-01,4,0,8,5
Pinkwell,2025-04-01,11,3,19,11
Pinner,2025-04-01,7,3,12,7
Pinner South,2025-04-01,7,3,11,5
Pitshanger,2025-04-01,5,0,10,8
Plaistow,2025-04-01,3,0,6,3
Plaistow North,2025-04-01,7,2,11,7
Plaistow South,2025-04-01,4,1,6,4
Plaistow West & Canning Town East,2025-04-01,9,6,12,9
Plashet,2025-04-01,3,1,5,1
Plumstead & Glyndon,2025-04-01,7,4,10,5
Plumstead Common,2025-04-01,5,1,9,8
Pollards Hill,2025-04-01,2,0,5,5
Ponders End,2025-04-01,12,7,17,11
Poplar,2025-04-01,3,0,6,3
Preston,2025-04-01,2,0,4,2
Primrose Hill,2025-04-01,3,0,6,8
Purley & Woodcote,2025-04-01,8,4,12,10
Purley Oaks & Riddlesdown,2025-04-01,3,0,6,3
Queen's Gate,2025-04-01,11,7,15,5
Queen's Park,2025-04-01,6,0,12,4
Queens Park,2025-04-01,9,1,17,14
Queensbury,2025-04-01,8,5,11,8
Rainham & Wennington,2025-04-01,4,3,5,5
Ravensbury,2025-04-01,6,2,10,4
Ravenscourt,2025-04-01,5,1,9,4
Rayners Lane,2025-04-01,4,2,6,4
Raynes Park,2025-04-01,3,0,6,3
Redcliffe,2025-04-01,6,0,12,6
Regent's Park,2025-04-01,18,9,27,15
Ridgeway,2025-04-01,4,0,8,5
Roehampton,2025-04-01,6,2,10,7
Rotherhithe,2025-04-01,10,0,20,9
Roundwood,2025-04-01,5,1,9,7
Roxbourne,2025-04-01,6,2,10,3
Roxeth,2025-04-01,5,2,8,6
Royal Albert,2025-04-01,1,0,3,7
Royal Hospital,2025-04-01,3,0,6,6
Royal Victoria,2025-04-01,8,4,12,5
Ruislip,2025-04-01,5,0,10,5
Ruislip Manor,2025-04-01,2,0,4,2
Rush Green & Crowlands,2025-04-01,7,0,14,15
Rushey Green,2025-04-01,22,6,38,28
Rye Lane,2025-04-01,12,4,20,12
Sanderstead,2025-04-01,2,0,5,5
Sands End,2025-04-01,3,1,5,3
Selhurst,2025-04-01,19,13,25,7
Selsdon & Addington Village,2025-04-01,5,2,8,5
Selsdon Vale & Forestdale,2025-04-01,6,2,10,3
Seven Kings,2025-04-01,12,7,17,7
Seven Sisters,2025-04-01,6,1,11,6
Shacklewell,2025-04-01,7,3,11,5
Shadwell,2025-04-01,8,3,13,10
Shaftesbury & Queenstown,2025-04-01,9,4,14,9
Shepherd's Bush Green,2025-04-01,7,2,12,6
Shirley North,2025-04-01,4,2,6,3
Shirley South,2025-04-01,3,1,5,3
Shooters Hill,2025-04-01,4,3,5,4
Shortlands & Park Langley,2025-04-01,4,0,8,4
Sidcup,2025-04-01,4,0,8,8
Slade Green & Northend,2025-04-01,3,0,7,7
South Acton,2025-04-01,8,1,15,10
South Balham,2025-04-01,3,0,6,3
South Beddington & Roundshaw,2025-04-01,4,2,6,4
South Bermondsey,2025-04-01,14,5,23,11
South Croydon,2025-04-01,5,0,10,4
South Hampstead,2025-04-01,12,1,23,11
South Hornchurch,2025-04-01,2,0,4,2
South Norwood,2025-04-01,8,3,13,3
South Richmond,2025-04-01,7,1,13,10
South Ruislip,2025-04-01,6,0,12,9
South Tottenham,2025-04-01,9,5,13,8
South Twickenham,2025-04-01,4,1,7,6
South Woodford,2025-04-01,4,0,8,5
Southall Broadway,2025-04-01,8,4,11,5
Southall Green,2025-04-01,5,0,9,11
Southall West,2025-04-01,3,1,5,3
Southbury,2025-04-01,7,3,11,8
Southfield,2025-04-01,6,3,9,7
Southfields,2025-04-01,1,0,2,3
Southgate,2025-04-01,3,0,6,6
Spitalfields & Banglatown,2025-04-01,8,0,16,6
Springfield,2025-04-01,7,3,11,6
Squirrels Heath,2025-04-01,2,0,4,2
St Alban's,2025-04-01,3,0,6,5
St Andrew's,2025-04-01,3,1,6,5
St Ann's,2025-04-01,4,1,7,4
St Dunstan's,2025-04-01,7,4,11,9
St Edward's,2025-04-01,9,4,14,4
St George's,2025-04-01,2,0,4,1
St Giles,2025-04-01,12,4,20,8
St Helier,2025-04-01,1,0,2,2
St Helier East,2025-04-01,1,0,2,1
St Helier West,2025-04-01,5,2,8,5
St James,2025-04-01,4,0,8,4
St James's,2025-04-01,31,13,49,38
St Katharine's & Wapping,2025-04-01,12,8,16,8
St Margarets & North Twickenham,2025-04-01,3,0,5,8
St Mark's & Seething Wells,2025-04-01,2,0,4,2
St Martin's,2025-04-01,7,0,14,6
St Mary Cray,2025-04-01,5,3,7,6
St Mary's,2025-04-01,5,0,11,8
St Mary's & St James,2025-04-01,6,2,9,6
St Mary's & St James',2025-04-01,6,1,11,7
St Pancras & Somers Town,2025-04-01,12,6,17,13
St Paul's Cray,2025-04-01,8,2,14,11
St Peter's & Canalside,2025-04-01,12,7,17,7
St. Helen's,2025-04-01,2,0,4,2
Stamford Hill West,2025-04-01,3,0,6,3
Stanley,2025-04-01,10,3,17,7
Stanmore,2025-04-01,10,6,14,9
Stepney Green,2025-04-01,7,3,11,7
Stockwell East,2025-04-01,5,2,8,5
Stockwell West & Larkhall,2025-04-01,7,3,11,5
Stoke Newington,2025-04-01,4,0,8,2
Stonebridge,2025-04-01,7,1,13,11
Stonecot,2025-04-01,4,1,7,4
Stratford,2025-04-01,16,5,27,7
Streatham Common & Vale,2025-04-01,11,7,15,6
Streatham Hill East,2025-04-01,2,0,4,2
Streatham Hill West & Thornton,2025-04-01,6,0,12,6
Streatham St Leonard's,2025-04-01,9,3,15,6
Streatham Wells,2025-04-01,2,0,4,2
Stroud Green,2025-04-01,7,2,12,7
Sudbury,2025-04-01,2,1,3,2
Surbiton Hill,2025-04-01,5,2,8,5
Surrey Docks,2025-04-01,5,3,7,5
Sutton Central,2025-04-01,6,2,9,6
Sutton North,2025-04-01,3,0,6,5
Sutton South,2025-04-01,5,0,10,4
Sutton West & East Cheam,2025-04-01,3,1,5,3
Sydenham,2025-04-01,4,0,8,4
Syon & Brentford Lock,2025-04-01,4,0,8,4
Teddington,2025-04-01,4,2,7,5
Telegraph Hill,2025-04-01,3,0,6,3
Thames View,2025-04-01,1,0,2,2
Thamesfield,2025-04-01,3,0,6,9
Thamesmead East,2025-04-01,4,0,8,7
Thamesmead Moorings,2025-04-01,5,3,7,3
The Wrythe,2025-04-01,2,0,4,4
Thornton Heath,2025-04-01,5,2,8,5
Tokyngton,2025-04-01,2,0,4,2
Tollington,2025-04-01,14,4,23,14
Tolworth,2025-04-01,3,0,6,6
Tooting Bec,2025-04-01,3,0,6,6
Tooting Broadway,2025-04-01,5,1,10,9
Tottenham Central,2025-04-01,7,1,12,11
Tottenham Hale,2025-04-01,8,4,12,8
Totteridge & Woodside,2025-04-01,6,2,10,11
Town,2025-04-01,9,6,12,9
Trinity,2025-04-01,4,1,7,6
Tudor,2025-04-01,3,1,6,3
Tufnell Park,2025-04-01,8,2,14,6
Twickenham Riverside,2025-04-01,4,0,8,8
Underhill,2025-04-01,2,0,4,2
Upminster,2025-04-01,3,1,5,4
Upper Edmonton,2025-04-01,14,10,18,12
Upper Walthamstow,2025-04-01,4,0,8,4
Uxbridge,2025-04-01,10,4,16,12
Valence,2025-04-01,3,0,6,3
Valentines,2025-04-01,1,0,2,3
Valley,2025-04-01,7,3,11,8
Vauxhall,2025-04-01,7,2,12,8
Victoria,2025-04-01,5,1,8,5
Village,2025-04-01,14,6,22,7
Vincent Square,2025-04-01,3,0,6,3
Waddon,2025-04-01,7,0,14,7
Walham Green,2025-04-01,8,0,16,15
Wall End,2025-04-01,6,2,10,6
Wallington North,2025-04-01,3,1,5,3
Wallington South,2025-04-01,7,3,11,7
Walpole,2025-04-01,14,8,20,8
Wandle,2025-04-01,8,5,11,5
Wandsworth Common,2025-04-01,4,0,8,2
Wandsworth Town,2025-04-01,5,0,10,9
Wanstead Park,2025-04-01,1,0,2,1
Wanstead Village,2025-04-01,7,0,14,12
Waterloo & South Bank,2025-04-01,11,2,20,10
Wealdstone North,2025-04-01,4,2,6,4
Wealdstone South,2025-04-01,5,1,9,7
Weavers,2025-04-01,5,0,10,7
Welsh Harp,2025-04-01,8,3,13,10
Wembley Central,2025-04-01,5,0,10,5
Wembley Hill,2025-04-01,5,2,8,7
Wembley Park,2025-04-01,5,3,7,5
Wendell Park,2025-04-01,1,0,2,1
West Barnes,2025-04-01,1,0,2,5
West Drayton,2025-04-01,6,0,12,16
West Dulwich,2025-04-01,4,1,7,4
West End,2025-04-01,64,34,94,57
West Finchley,2025-04-01,14,5,23,17
West Green,2025-04-01,5,0,10,2
West Ham,2025-04-01,5,1,9,9
West Hampstead,2025-04-01,13,6,20,8
West Harrow,2025-04-01,3,1,5,2
West Heath,2025-04-01,3,1,5,3
West Hendon,2025-04-01,10,2,18,8
West Hill,2025-04-01,5,2,8,5
West Kensington,2025-04-01,5,1,9,5
West Putney,2025-04-01,3,0,6,3
West Thamesmead,2025-04-01,1,0,2,2
West Thornton,2025-04-01,15,10,20,12
West Twickenham,2025-04-01,1,0,3,5
West Wickham,2025-04-01,6,0,12,11
Westbourne,2025-04-01,8,5,11,8
Whalebone,2025-04-01,3,0,7,7
Whetstone,2025-04-01,4,0,8,6
White City,2025-04-01,4,2,6,1
White Hart Lane,2025-04-01,7,4,10,6
Whitechapel,2025-04-01,9,0,19,12
Whitewebbs,2025-04-01,7,2,12,9
Whitton,2025-04-01,2,0,4,3
Willesden Green,2025-04-01,6,0,12,8
William Morris,2025-04-01,6,3,9,7
Wimbledon Park,2025-04-01,8,4,12,6
Wimbledon Town & Dundonald,2025-04-01,4,0,8,4
Winchmore Hill,2025-04-01,7,2,12,5
Wood End,2025-04-01,13,8,18,13
Wood Street,2025-04-01,4,0,7,4
Woodberry Down,2025-04-01,5,0,10,7
Woodhouse,2025-04-01,5,0,10,4
Woodside,2025-04-01,9,3,15,9
Woolwich Arsenal,2025-04-01,6,1,11,5
Woolwich Common,2025-04-01,3,0,6,7
Woolwich Dockyard,2025-04-01,4,0,8,6
Worcester Park North,2025-04-01,1,0,2,1
Worcester Park South,2025-04-01,1,0,2,1
Wormholt,2025-04-01,3,1,4,3
Yeading,2025-04-01,3,0,6,7
Yiewsley,2025-04-01,5,0,10,6
Abbey,2025-05-01,9,3,15,7
Abbey Road,2025-05-01,7,1,13,8
Abbey Wood,2025-05-01,10,3,17,11
Abingdon,2025-05-01,3,0,5,3
Addiscombe East,2025-05-01,4,0,8,5
Addiscombe West,2025-05-01,4,0,8,7
Addison,2025-05-01,5,0,10,5
Aldborough,2025-05-01,8,6,10,8
Alexandra,2025-05-01,2,0,4,2
Alexandra Park,2025-05-01,3,0,6,4
Alibon,2025-05-01,4,1,7,3
Alperton,2025-05-01,10,6,14,4
Arnos Grove,2025-05-01,8,5,11,7
Arsenal,2025-05-01,4,0,8,7
Avonmore,2025-05-01,7,4,10,5
Balham,2025-05-01,7,2,12,8
Barking Riverside,2025-05-01,2,0,4,3
Barkingside,2025-05-01,1,0,2,3
Barnehurst,2025-05-01,5,2,7,4
Barnes,2025-05-01,4,1,7,3
Barnet Vale,2025-05-01,7,1,14,7
Barnhill,2025-05-01,6,4,8,6
Barnsbury,2025-05-01,4,1,7,5
Battersea Park,2025-05-01,7,2,12,6
Bayswater,2025-05-01,13,3,23,16
Beam,2025-05-01,3,1,5,5
Beam Park,2025-05-01,6,3,9,4
Beckenham Town & Copers Cope,2025-05-01,6,0,12,7
Beckton,2025-05-01,3,0,6,3
Becontree,2025-05-01,1,0,2,1
Beddington,2025-05-01,4,2,6,4
Bedfont,2025-05-01,3,0,6,5
Bellingham,2025-05-01,1,0,2,1
Belmont,2025-05-01,8,4,12,8
Belmont,2025-05-01,4,0,8,7
Belmore,2025-05-01,3,0,6,12
Belsize,2025-05-01,11,4,18,8
Belvedere,2025-05-01,5,3,7,5
Bensham Manor,2025-05-01,5,2,8,5
Berrylands,2025-05-01,3,0,6,3
Bethnal Green East,2025-05-01,15,5,25,14
Bethnal Green West,2025-05-01,8,0,16,10
Bexleyheath,2025-05-01,3,0,6,3
Bickley & Sundridge,2025-05-01,5,0,10,6
Biggin Hill,2025-05-01,4,2,5,4
Blackfen & Lamorbey,2025-05-01,3,0,6,3
Blackheath,2025-05-01,10,4,16,12
Blackheath Westcombe,2025-05-01,6,2,10,4
Blackwall & Cubitt Town,2025-05-01,7,0,13,7
Blendon & Penhill,2025-05-01,2,0,4,2
Bloomsbury,2025-05-01,34,23,45,19
Boleyn,2025-05-01,10,5,15,9
Borough & Bankside,2025-05-01,19,14,24,18
Bounds Green,2025-05-01,2,0,4,7
Bow East,2025-05-01,19,7,31,17
Bow West,2025-05-01,6,1,11,6
Bowes,2025-05-01,4,2,6,2
Brentford East,2025-05-01,5,0,9,9
Brentford West,2025-05-01,4,2,6,4
Bridge,2025-05-01,5,3,7,4
Brimsdown,2025-05-01,9,6,12,11
Brixton Acre Lane,2025-05-01,5,1,9,6
Brixton North,2025-05-01,8,4,13,10
Brixton Rush Common,2025-05-01,6,2,10,3
Brixton Windrush,2025-05-01,5,0,10,5
Broad Green,2025-05-01,10,7,13,7
Brockley,2025-05-01,7,1,14,11
Bromley Common & Holwood,2025-05-01,3,0,5,3
Bromley North,2025-05-01,2,0,4,4
Bromley South,2025-05-01,3,0,7,7
Bromley Town,2025-05-01,9,6,12,9
Brompton & Hans Town,2025-05-01,13,9,17,12
Brondesbury Park,2025-05-01,9,0,18,7
Brook Green,2025-05-01,6,4,8,8
Brownswood,2025-05-01,8,3,13,9
Bruce Castle,2025-05-01,4,1,8,7
Brunswick Park,2025-05-01,8,1,15,6
Bullsmoor,2025-05-01,4,2,6,4
Bunhill,2025-05-01,20,10,30,12
Burnt Oak,2025-05-01,9,0,18,20
Bush Hill Park,2025-05-01,6,1,10,6
Caledonian,2025-05-01,5,2,8,8
Camberwell Green,2025-05-01,3,0,6,2
Camden Square,2025-05-01,3,0,6,6
Camden Town,2025-05-01,6,1,11,6
Campden,2025-05-01,6,5,7,6
Canary Wharf,2025-05-01,10,2,18,15
Canbury Gardens,2025-05-01,2,0,3,2
Cann Hall,2025-05-01,11,6,15,8
Canning Town North,2025-05-01,6,2,10,10
Canning Town South,2025-05-01,3,0,6,5
Cannon Hill,2025-05-01,1,0,2,1
Canonbury,2025-05-01,5,2,8,3
Canons,2025-05-01,3,1,5,4
Carshalton Central,2025-05-01,6,2,10,4
Carshalton South & Clockhouse,2025-05-01,3,0,6,5
Carterhatch,2025-05-01,4,0,8,3
Catford South,2025-05-01,5,0,10,7
Cathall,2025-05-01,5,0,9,5
Cazenove,2025-05-01,5,2,8,2
Centenary,2025-05-01,4,2,6,6
Central Greenford,2025-05-01,11,4,17,9
Chadwell,2025-05-01,4,0,8,2
Chadwell Heath,2025-05-01,4,1,7,2
Champion Hill,2025-05-01,2,0,4,1
Chapel End,2025-05-01,4,1,7,6
Charlton Hornfair,2025-05-01,3,3,4,3
Charlton Village & Riverside,2025-05-01,3,2,4,3
Charville,2025-05-01,1,0,2,1
Chaucer,2025-05-01,11,1,21,8
Cheam,2025-05-01,1,0,2,2
Chelsea Riverside,2025-05-01,4,0,8,6
Chelsfield,2025-05-01,3,0,6,3
Chessington South & Malden Rushett,2025-05-01,3,1,5,1
Childs Hill,2025-05-01,11,2,19,16
Chingford Green,2025-05-01,6,2,10,5
Chislehurst,2025-05-01,5,0,10,9
Chiswick Gunnersbury,2025-05-01,6,2,9,9
Chiswick Homefields,2025-05-01,4,0,9,6
Chiswick Riverside,2025-05-01,5,2,8,5
Church Street,2025-05-01,10,6,14,10
Churchfields,2025-05-01,8,3,13,6
Clapham Common & Abbeville,2025-05-01,6,0,11,11
Clapham East,2025-05-01,12,5,19,9
Clapham Park,2025-05-01,2,0,4,4
Clapham Town,2025-05-01,10,4,16,11
Clayhall,2025-05-01,4,1,7,4
Clementswood,2025-05-01,5,2,8,2
Clerkenwell,2025-05-01,7,0,14,12
Clissold,2025-05-01,5,0,10,13
Clock House,2025-05-01,3,1,5,6
Cockfosters,2025-05-01,4,0,8,6
Colham & Cowley,2025-05-01,8,3,13,6
Colindale North,2025-05-01,5,3,7,5
Colindale South,2025-05-01,7,3,11,7
College Park & Old Oak,2025-05-01,8,4,12,8
Colliers Wood,2025-05-01,6,3,9,3
Colville,2025-05-01,9,2,16,11
Coningham,2025-05-01,6,0,12,7
Coombe Hill,2025-05-01,1,0,2,1
Coombe Vale,2025-05-01,2,0,4,2
Coulsdon Town,2025-05-01,2,0,4,2
Courtfield,2025-05-01,12,6,18,9
Cranbrook,2025-05-01,5,2,8,5
Cranford,2025-05-01,5,0,9,8
Cranham,2025-05-01,2,0,4,2
Crayford,2025-05-01,4,1,6,5
Cricket Green,2025-05-01,5,0,10,7
Cricklewood,2025-05-01,8,1,15,8
Cricklewood & Mapesbury,2025-05-01,9,6,12,8
Crofton Park,2025-05-01,7,3,11,8
Crook Log,2025-05-01,3,0,6,3
Crouch End,2025-05-01,12,3,21,10
Crystal Palace & Anerley,2025-05-01,9,6,12,3
Crystal Palace & Upper Norwood,2025-05-01,7,3,11,5
Custom House,2025-05-01,4,2,6,4
Dalgarno,2025-05-01,4,2,6,4
Dalston,2025-05-01,8,3,13,12
Darwin,2025-05-01,2,0,4,4
De Beauvoir,2025-05-01,14,9,19,9
Deptford,2025-05-01,9,2,16,10
Dollis Hill,2025-05-01,12,5,19,13
Dormers Wells,2025-05-01,4,2,6,4
Downham,2025-05-01,5,0,10,3
Dulwich Hill,2025-05-01,2,0,4,2
Dulwich Village,2025-05-01,4,2,6,4
Dulwich Wood,2025-05-01,5,1,9,3
Ealing Broadway,2025-05-01,7,0,14,7
Ealing Common,2025-05-01,5,1,9,8
Earl's Court,2025-05-01,10,2,18,5
East Acton,2025-05-01,11,8,14,4
East Barnet,2025-05-01,5,2,8,5
East Finchley,2025-05-01,5,0,10,8
East Greenwich,2025-05-01,5,0,10,8
East Ham,2025-05-01,14,9,19,10
East Ham South,2025-05-01,5,3,7,5
East Putney,2025-05-01,6,2,10,4
East Sheen,2025-05-01,10,5,15,5
East Wickham,2025-05-01,5,2,8,5
Eastbrook & Rush Green,2025-05-01,1,0,2,1
Eastbury,2025-05-01,6,0,12,5
Eastcote,2025-05-01,4,2,5,4
Edgware,2025-05-01,9,2,16,19
Edgwarebury,2025-05-01,5,1,9,7
Edmonton Green,2025-05-01,12,6,18,14
Elm Park,2025-05-01,2,0,4,2
Eltham Page,2025-05-01,3,0,6,3
Eltham Park & Progress,2025-05-01,2,0,4,2
Eltham Town & Avery Hill,2025-05-01,4,0,8,6
Emerson Park,2025-05-01,1,0,2,1
Endlebury,2025-05-01,3,2,4,3
Enfield Lock,2025-05-01,4,0,7,9
Erith,2025-05-01,6,2,10,6
Evelyn,2025-05-01,5,1,9,4
Fairfield,2025-05-01,15,9,21,14
Fairlop,2025-05-01,2,0,4,3
Falconbrook,2025-05-01,7,3,11,6
Falconwood & Welling,2025-05-01,6,2,10,6
Faraday,2025-05-01,15,4,26,13
Farnborough & Crofton,2025-05-01,3,0,6,4
Feltham North,2025-05-01,4,0,9,6
Feltham West,2025-05-01,4,0,9,9
Figge's Marsh,2025-05-01,1,0,2,5
Finchley Church End,2025-05-01,8,1,15,14
Finsbury Park,2025-05-01,4,0,8,12
Forest,2025-05-01,8,2,14,5
Forest Gate North,2025-05-01,3,2,4,3
Forest Gate South,2025-05-01,9,4,13,9
Forest Hill,2025-05-01,6,3,9,7
Fortis Green,2025-05-01,8,3,13,7
Fortune Green,2025-05-01,9,6,13,9
Friern Barnet,2025-05-01,12,8,16,7
Frognal,2025-05-01,3,0,6,3
Fulham Reach,2025-05-01,7,4,10,6
Fulham Town,2025-05-01,3,1,5,5
Fullwell,2025-05-01,3,0,6,5
Fulwell & Hampton Hill,2025-05-01,2,0,4,2
Furzedown,2025-05-01,6,4,8,6
Garden Suburb,2025-05-01,5,0,10,7
Gascoigne,2025-05-01,3,0,7,8
Gipsy Hill,2025-05-01,6,2,10,4
Golborne,2025-05-01,7,2,12,3
Golders Green,2025-05-01,9,6,12,8
Goodmayes,2025-05-01,8,5,11,3
Goose Green,2025-05-01,7,3,11,2
Gooshays,2025-05-01,6,2,10,8
Goresbrook,2025-05-01,3,1,5,2
Gospel Oak,2025-05-01,10,6,14,6
Grange Park,2025-05-01,6,3,9,5
Graveney,2025-05-01,4,2,6,3
Green Lane & St James,2025-05-01,2,1,3,2
Green Street East,2025-05-01,5,1,9,7
Green Street West,2025-05-01,4,0,8,4
Greenford Broadway,2025-05-01,4,0,8,8
Greenhill,2025-05-01,6,1,11,8
Greenwich Creekside,2025-05-01,4,1,8,7
Greenwich Park,2025-05-01,4,2,6,4
Greenwich Peninsula,2025-05-01,8,1,15,10
Grove,2025-05-01,8,4,11,7
Grove Green,2025-05-01,6,2,10,4
Grove Park,2025-05-01,2,0,4,2
Hackbridge,2025-05-01,2,0,4,2
Hackney Central,2025-05-01,11,7,15,9
Hackney Downs,2025-05-01,11,0,22,14
Hackney Wick,2025-05-01,5,0,10,7
Hacton,2025-05-01,3,1,4,3
Haggerston,2025-05-01,10,6,14,5
Hainault,2025-05-01,1,0,2,2
Hale End & Highams Park South,2025-05-01,2,0,4,2
"Ham, Petersham & Richmond Riverside",2025-05-01,5,4,6,4
Hammersmith Broadway,2025-05-01,5,2,7,5
Hampstead Town,2025-05-01,3,0,6,4
Hampton,2025-05-01,3,0,6,3
Hampton North,2025-05-01,4,2,6,1
Hampton Wick & South Teddington,2025-05-01,3,0,6,4
Hanger Hill,2025-05-01,5,0,10,6
Hanwell Broadway,2025-05-01,15,10,20,8
Hanworth Park,2025-05-01,6,4,8,6
Hanworth Village,2025-05-01,4,1,7,6
Harefield Village,2025-05-01,1,0,2,1
Harlesden & Kensal Green,2025-05-01,12,2,22,10
Harold Wood,2025-05-01,6,1,11,6
Harringay,2025-05-01,10,6,14,6
Harrow Road,2025-05-01,5,1,9,8
Harrow Weald,2025-05-01,4,0,8,8
Harrow on the Hill,2025-05-01,2,0,4,3
Haselbury,2025-05-01,7,0,14,5
Hatch End,2025-05-01,3,0,6,3
Hatch Lane & Highams Park North,2025-05-01,4,1,7,3
Havering-atte-Bower,2025-05-01,7,5,9,4
Haverstock,2025-05-01,5,0,10,8
Hayes & Coney Hall,2025-05-01,3,0,6,3
Hayes Town,2025-05-01,14,6,22,21
Headstone,2025-05-01,7,1,13,3
Heath,2025-05-01,3,1,5,1
Heathfield,2025-05-01,5,0,10,2
Heathrow Villages,2025-05-01,7,2,12,7
Heaton,2025-05-01,12,4,20,13
Hendon,2025-05-01,10,5,15,13
Hermitage & Gardens,2025-05-01,4,3,5,2
Herne Hill & Loughborough Junction,2025-05-01,7,2,12,12
Heston Central,2025-05-01,3,0,6,6
Heston East,2025-05-01,3,0,6,6
Heston West,2025-05-01,6,0,12,4
High Barnet,2025-05-01,4,1,7,4
High Street,2025-05-01,6,0,12,10
Higham Hill,2025-05-01,6,3,9,6
Highbury,2025-05-01,6,2,10,6
Highfield,2025-05-01,7,4,9,7
Highgate,2025-05-01,10,0,20,13
Hillingdon East,2025-05-01,3,1,5,3
Hillingdon West,2025-05-01,4,2,6,4
Hillrise,2025-05-01,5,0,10,12
Hillside,2025-05-01,3,1,5,3
Hither Green,2025-05-01,6,4,9,6
Hoe Street,2025-05-01,10,2,18,4
Holborn & Covent Garden,2025-05-01,20,14,26,17
Holland,2025-05-01,5,2,8,6
Holloway,2025-05-01,9,2,16,14
Homerton,2025-05-01,9,3,15,9
Hook & Chessington North,2025-05-01,2,0,4,2
Hornsey,2025-05-01,6,4,8,6
Hounslow Central,2025-05-01,4,2,6,6
Hounslow East,2025-05-01,3,0,6,5
Hounslow Heath,2025-05-01,7,3,11,6
Hounslow South,2025-05-01,2,1,3,2
Hounslow West,2025-05-01,5,2,8,7
Hoxton East & Shoreditch,2025-05-01,20,10,30,17
Hoxton West,2025-05-01,14,3,25,10
Hyde Park,2025-05-01,12,6,18,15
Hylands & Harrow Lodge,2025-05-01,3,0,5,3
Ickenham & South Harefield,2025-05-01,1,0,2,1
Ilford Town,2025-05-01,8,5,11,7
Island Gardens,2025-05-01,4,1,7,4
Isleworth,2025-05-01,1,0,2,2
Jubilee,2025-05-01,9,2,16,9
Junction,2025-05-01,8,1,15,15
Kelsey & Eden Park,2025-05-01,5,1,9,4
Kenley,2025-05-01,1,0,2,4
Kennington,2025-05-01,10,5,15,8
Kentish Town North,2025-05-01,6,2,10,5
Kentish Town South,2025-05-01,4,0,8,5
Kenton,2025-05-01,5,3,7,8
Kenton East,2025-05-01,3,0,6,3
Kenton West,2025-05-01,2,0,4,2
Kew,2025-05-01,1,0,2,1
Kidbrooke Park,2025-05-01,4,1,7,4
Kidbrooke Village & Sutcliffe,2025-05-01,4,0,8,4
Kilburn,2025-05-01,37,15,59,33
King George's & Sunray,2025-05-01,2,1,3,2
King's Cross,2025-05-01,9,5,13,6
King's Park,2025-05-01,1,0,3,4
Kingsbury,2025-05-01,5,1,9,5
Kingston Gate,2025-05-01,2,1,3,2
Kingston Town,2025-05-01,4,0,8,6
Knight's Hill,2025-05-01,6,1,11,4
Knightsbridge & Belgravia,2025-05-01,6,3,9,9
Lady Margaret,2025-05-01,3,0,6,6
Ladywell,2025-05-01,4,0,8,7
Lancaster Gate,2025-05-01,13,6,20,11
Lansbury,2025-05-01,8,0,16,7
Larkswood,2025-05-01,4,0,7,11
Lavender,2025-05-01,5,0,10,15
Lavender Fields,2025-05-01,6,1,11,6
Laycock,2025-05-01,5,0,10,4
Lea Bridge,2025-05-01,25,11,39,10
Lee Green,2025-05-01,4,1,7,4
Lewisham Central,2025-05-01,14,8,20,8
Leyton,2025-05-01,14,9,19,5
Leytonstone,2025-05-01,8,4,12,11
Lillie,2025-05-01,4,2,6,4
Limehouse,2025-05-01,4,1,7,4
Little Ilford,2025-05-01,6,3,9,7
Little Venice,2025-05-01,6,3,9,5
London Bridge & West Bermondsey,2025-05-01,14,10,18,17
London Fields,2025-05-01,11,5,17,14
Longbridge,2025-05-01,3,1,5,3
Longlands,2025-05-01,1,0,2,1
Longthornton,2025-05-01,6,3,9,6
Lower Edmonton,2025-05-01,7,2,12,10
Lower Morden,2025-05-01,3,2,4,3
Loxford,2025-05-01,10,5,16,6
Maida Vale,2025-05-01,7,3,11,7
Manor Park,2025-05-01,4,0,8,3
Markhouse,2025-05-01,5,3,7,2
Marlborough,2025-05-01,5,3,7,2
Marshalls & Rise Park,2025-05-01,13,4,22,3
Maryland,2025-05-01,5,1,9,2
Marylebone,2025-05-01,29,17,41,34
Mawneys,2025-05-01,7,2,12,8
Mayesbrook,2025-05-01,1,0,2,2
Mayfield,2025-05-01,5,3,7,7
Merton Park,2025-05-01,3,1,4,3
Middle Park & Horn Park,2025-05-01,2,0,4,2
Mildmay,2025-05-01,3,0,7,6
Mile End,2025-05-01,11,4,18,13
Mill Hill,2025-05-01,6,0,12,5
Monkhams,2025-05-01,3,1,5,3
Mortlake & Barnes Common,2025-05-01,12,4,20,5
Motspur Park & Old Malden East,2025-05-01,2,0,4,1
Mottingham,2025-05-01,5,4,6,4
"Mottingham, Coldharbour & New Eltham",2025-05-01,7,3,11,1
Munster,2025-05-01,6,3,9,9
Muswell Hill,2025-05-01,1,0,2,1
Myatt's Fields,2025-05-01,1,0,2,2
New Addington North,2025-05-01,2,1,3,2
New Addington South,2025-05-01,4,2,6,3
New Cross Gate,2025-05-01,6,2,10,5
New Malden Village,2025-05-01,4,1,8,4
New Southgate,2025-05-01,4,2,6,4
Newbury,2025-05-01,9,2,16,3
Newington,2025-05-01,10,4,15,9
Nine Elms,2025-05-01,6,2,10,3
Noel Park,2025-05-01,10,8,12,10
Norbiton,2025-05-01,5,3,7,5
Norbury & Pollards Hill,2025-05-01,7,3,11,7
Norbury Park,2025-05-01,1,0,2,3
Norland,2025-05-01,2,0,4,2
North Acton,2025-05-01,7,3,11,9
North Bermondsey,2025-05-01,14,8,19,13
North Cheam,2025-05-01,1,0,2,2
North Greenford,2025-05-01,5,0,10,4
North Hanwell,2025-05-01,4,1,7,6
North Harrow,2025-05-01,3,2,4,3
North Richmond,2025-05-01,2,0,4,2
North Walworth,2025-05-01,10,2,17,15
Northbury,2025-05-01,7,4,10,7
Northcote,2025-05-01,3,0,7,6
Northfield,2025-05-01,6,3,8,6
Northolt Mandeville,2025-05-01,7,0,14,7
Northolt West End,2025-05-01,3,0,6,4
Northumberland Heath,2025-05-01,2,1,3,2
Northumberland Park,2025-05-01,11,4,17,12
Northwick Park,2025-05-01,2,0,4,3
Northwood,2025-05-01,3,0,6,5
Northwood Hills,2025-05-01,7,2,12,5
Norwood Green,2025-05-01,6,1,11,6
Notting Dale,2025-05-01,5,3,7,5
Nunhead & Queen's Road,2025-05-01,9,6,12,11
Oakwood,2025-05-01,2,0,4,2
Old Coulsdon,2025-05-01,3,2,4,3
Old Kent Road,2025-05-01,7,1,12,5
Old Malden,2025-05-01,2,1,3,2
Orpington,2025-05-01,2,0,5,8
Osterley & Spring Grove,2025-05-01,7,0,14,5
Oval,2025-05-01,4,1,7,4
Palace & Hurlingham,2025-05-01,2,0,4,2
Palmers Green,2025-05-01,5,2,8,5
Park Hill & Whitgift,2025-05-01,4,0,8,4
Parsloes,2025-05-01,4,1,7,4
Parsons Green & Sandford,2025-05-01,2,0,4,3
Peckham,2025-05-01,6,0,12,6
Peckham Rye,2025-05-01,4,0,8,5
Pembridge,2025-05-01,8,1,15,11
Penge & Cator,2025-05-01,7,4,10,7
Perivale,2025-05-01,10,4,16,9
Perry Vale,2025-05-01,5,0,10,7
Petts Wood & Knoll,2025-05-01,5,2,8,4
Pimlico North,2025-05-01,11,8,13,9
Pimlico South,2025-05-01,6,2,10,4
Pinkwell,2025-05-01,14,6,22,11
Pinner,2025-05-01,7,3,11,7
Pinner South,2025-05-01,8,4,11,7
Pitshanger,2025-05-01,7,2,12,5
Plaistow,2025-05-01,4,0,8,3
Plaistow North,2025-05-01,8,4,12,7
Plaistow South,2025-05-01,7,5,9,4
Plaistow West & Canning Town East,2025-05-01,8,6,10,9
Plashet,2025-05-01,1,0,2,3
Plumstead & Glyndon,2025-05-01,7,4,10,7
Plumstead Common,2025-05-01,4,0,8,5
Pollards Hill,2025-05-01,2,0,4,2
Ponders End,2025-05-01,13,8,18,12
Poplar,2025-05-01,3,1,5,3
Preston,2025-05-01,2,0,4,2
Primrose Hill,2025-05-01,10,1,19,3
Purley & Woodcote,2025-05-01,6,2,10,8
Purley Oaks & Riddlesdown,2025-05-01,3,0,6,3
Queen's Gate,2025-05-01,6,0,11,11
Queen's Park,2025-05-01,11,5,17,6
Queens Park,2025-05-01,9,2,16,9
Queensbury,2025-05-01,6,4,8,8
Rainham & Wennington,2025-05-01,5,3,7,4
Ravensbury,2025-05-01,4,0,8,6
Ravenscourt,2025-05-01,3,0,6,5
Rayners Lane,2025-05-01,4,3,5,4
Raynes Park,2025-05-01,4,0,8,3
Redcliffe,2025-05-01,6,1,12,6
Regent's Park,2025-05-01,18,10,25,18
Ridgeway,2025-05-01,4,1,7,4
Roehampton,2025-05-01,8,4,11,6
Rotherhithe,2025-05-01,8,0,16,10
Roundwood,2025-05-01,5,1,9,5
Roxbourne,2025-05-01,6,2,10,6
Roxeth,2025-05-01,7,5,9,5
Royal Albert,2025-05-01,2,0,4,1
Royal Hospital,2025-05-01,3,0,6,3
Royal Victoria,2025-05-01,4,0,8,8
Ruislip,2025-05-01,5,1,9,5
Ruislip Manor,2025-05-01,2,1,3,2
Rush Green & Crowlands,2025-05-01,4,0,8,7
Rushey Green,2025-05-01,9,0,19,22
Rye Lane,2025-05-01,21,16,26,12
Sanderstead,2025-05-01,2,0,4,2
Sands End,2025-05-01,2,0,4,3
Selhurst,2025-05-01,5,0,10,19
Selsdon & Addington Village,2025-05-01,3,0,6,5
Selsdon Vale & Forestdale,2025-05-01,3,0,6,6
Seven Kings,2025-05-01,6,0,12,12
Seven Sisters,2025-05-01,6,2,10,6
Shacklewell,2025-05-01,5,2,9,7
Shadwell,2025-05-01,7,2,12,8
Shaftesbury & Queenstown,2025-05-01,6,2,10,9
Shepherd's Bush Green,2025-05-01,7,3,11,7
Shirley North,2025-05-01,3,1,5,4
Shirley South,2025-05-01,3,1,5,3
Shooters Hill,2025-05-01,4,3,5,4
Shortlands & Park Langley,2025-05-01,4,1,7,4
Sidcup,2025-05-01,5,2,8,4
Slade Green & Northend,2025-05-01,4,0,8,3
South Acton,2025-05-01,7,1,13,8
South Balham,2025-05-01,3,1,5,3
South Beddington & Roundshaw,2025-05-01,3,1,5,4
South Bermondsey,2025-05-01,12,6,17,14
South Croydon,2025-05-01,7,0,14,5
South Hampstead,2025-05-01,6,0,12,12
South Hornchurch,2025-05-01,2,0,4,2
South Norwood,2025-05-01,3,0,7,8
South Richmond,2025-05-01,5,0,10,7
South Ruislip,2025-05-01,7,0,14,6
South Tottenham,2025-05-01,7,4,10,9
South Twickenham,2025-05-01,4,1,7,4
South Woodford,2025-05-01,8,5,11,4
Southall Broadway,2025-05-01,7,3,11,8
Southall Green,2025-05-01,8,0,16,5
Southall West,2025-05-01,3,2,4,3
Southbury,2025-05-01,8,5,11,7
Southfield,2025-05-01,5,2,8,6
Southfields,2025-05-01,1,0,2,1
Southgate,2025-05-01,3,0,6,3
Spitalfields & Banglatown,2025-05-01,13,2,24,8
Springfield,2025-05-01,7,3,11,7
Squirrels Heath,2025-05-01,2,0,4,2
St Alban's,2025-05-01,2,0,4,3
St Andrew's,2025-05-01,3,1,5,3
St Ann's,2025-05-01,3,1,5,4
St Dunstan's,2025-05-01,5,2,8,7
St Edward's,2025-05-01,9,4,14,9
St George's,2025-05-01,3,0,6,2
St Giles,2025-05-01,15,7,23,12
St Helier,2025-05-01,3,0,6,1
St Helier East,2025-05-01,1,0,2,1
St Helier West,2025-05-01,6,4,8,5
St James,2025-05-01,4,1,6,4
St James's,2025-05-01,32,15,49,31
St Katharine's & Wapping,2025-05-01,8,4,12,12
St Margarets & North Twickenham,2025-05-01,8,2,14,3
St Mark's & Seething Wells,2025-05-01,2,0,3,2
St Martin's,2025-05-01,6,1,11,7
St Mary Cray,2025-05-01,6,4,8,5
St Mary's,2025-05-01,14,8,20,5
St Mary's & St James,2025-05-01,6,3,8,6
St Mary's & St James',2025-05-01,10,6,14,6
St Pancras & Somers Town,2025-05-01,6,1,11,12
St Paul's Cray,2025-05-01,5,0,10,8
St Peter's & Canalside,2025-05-01,10,3,17,12
St. Helen's,2025-05-01,2,0,4,2
Stamford Hill West,2025-05-01,4,1,7,3
Stanley,2025-05-01,7,1,13,10
Stanmore,2025-05-01,4,1,7,10
Stepney Green,2025-05-01,7,4,10,7
Stockwell East,2025-05-01,5,3,7,5
Stockwell West & Larkhall,2025-05-01,14,10,18,7
Stoke Newington,2025-05-01,4,1,7,4
Stonebridge,2025-05-01,5,0,10,7
Stonecot,2025-05-01,4,2,6,4
Stratford,2025-05-01,19,8,30,16
Streatham Common & Vale,2025-05-01,6,0,11,11
Streatham Hill East,2025-05-01,2,0,4,2
Streatham Hill West & Thornton,2025-05-01,5,1,9,6
Streatham St Leonard's,2025-05-01,7,1,13,9
Streatham Wells,2025-05-01,2,0,4,2
Stroud Green,2025-05-01,7,5,10,7
Sudbury,2025-05-01,2,1,3,2
Surbiton Hill,2025-05-01,5,3,7,5
Surrey Docks,2025-05-01,6,4,8,5
Sutton Central,2025-05-01,6,3,8,6
Sutton North,2025-05-01,4,1,7,3
Sutton South,2025-05-01,11,6,16,5
Sutton West & East Cheam,2025-05-01,3,1,5,3
Sydenham,2025-05-01,7,4,10,4
Syon & Brentford Lock,2025-05-01,8,3,13,4
Teddington,2025-05-01,4,2,6,4
Telegraph Hill,2025-05-01,3,0,6,3
Thames View,2025-05-01,3,1,5,1
Thamesfield,2025-05-01,9,1,17,3
Thamesmead East,2025-05-01,8,4,12,4
Thamesmead Moorings,2025-05-01,3,1,6,5
The Wrythe,2025-05-01,4,0,8,2
Thornton Heath,2025-05-01,4,1,7,5
Tokyngton,2025-05-01,3,1,5,2
Tollington,2025-05-01,12,6,18,14
Tolworth,2025-05-01,6,2,10,3
Tooting Bec,2025-05-01,6,2,10,3
Tooting Broadway,2025-05-01,6,1,11,5
Tottenham Central,2025-05-01,6,1,11,7
Tottenham Hale,2025-05-01,8,4,12,8
Totteridge & Woodside,2025-05-01,5,0,10,6
Town,2025-05-01,11,8,14,9
Trinity,2025-05-01,3,0,6,4
Tudor,2025-05-01,3,1,5,3
Tufnell Park,2025-05-01,6,2,11,8
Twickenham Riverside,2025-05-01,7,1,12,4
Underhill,2025-05-01,2,0,4,2
Upminster,2025-05-01,3,1,5,3
Upper Edmonton,2025-05-01,9,5,13,14
Upper Walthamstow,2025-05-01,4,0,8,4
Uxbridge,2025-05-01,13,8,19,10
Valence,2025-05-01,3,0,6,3
Valentines,2025-05-01,1,0,2,1
Valley,2025-05-01,6,3,10,7
Vauxhall,2025-05-01,7,4,11,7
Victoria,2025-05-01,5,2,8,5
Village,2025-05-01,7,0,14,14
Vincent Square,2025-05-01,3,0,6,3
Waddon,2025-05-01,7,2,12,7
Walham Green,2025-05-01,5,0,9,8
Wall End,2025-05-01,6,3,9,6
Wallington North,2025-05-01,3,1,4,3
Wallington South,2025-05-01,7,4,10,7
Walpole,2025-05-01,7,0,14,14
Wandle,2025-05-01,6,1,10,8
Wandsworth Common,2025-05-01,6,0,12,4
Wandsworth Town,2025-05-01,5,0,10,5
Wanstead Park,2025-05-01,1,0,2,1
Wanstead Village,2025-05-01,6,0,12,7
Waterloo & South Bank,2025-05-01,14,7,21,11
Wealdstone North,2025-05-01,3,1,5,4
Wealdstone South,2025-05-01,3,0,6,5
Weavers,2025-05-01,13,4,22,5
Welsh Harp,2025-05-01,11,7,15,8
Wembley Central,2025-05-01,5,2,8,5
Wembley Hill,2025-05-01,5,2,8,5
Wembley Park,2025-05-01,5,4,6,5
Wendell Park,2025-05-01,1,0,2,1
West Barnes,2025-05-01,1,0,2,1
West Drayton,2025-05-01,7,0,14,6
West Dulwich,2025-05-01,4,1,7,4
West End,2025-05-01,84,55,113,64
West Finchley,2025-05-01,13,6,20,14
West Green,2025-05-01,5,0,10,5
West Ham,2025-05-01,4,0,8,5
West Hampstead,2025-05-01,9,3,15,13
West Harrow,2025-05-01,2,1,4,3
West Heath,2025-05-01,3,1,4,3
West Hendon,2025-05-01,12,6,18,10
West Hill,2025-05-01,4,2,6,5
West Kensington,2025-05-01,4,1,7,5
West Putney,2025-05-01,3,0,6,3
West Thamesmead,2025-05-01,1,0,2,1
West Thornton,2025-05-01,6,1,11,15
West Twickenham,2025-05-01,1,0,2,1
West Wickham,2025-05-01,2,0,4,6
Westbourne,2025-05-01,6,4,8,8
Whalebone,2025-05-01,3,0,6,3
Whetstone,2025-05-01,5,2,8,4
White City,2025-05-01,1,0,2,4
White Hart Lane,2025-05-01,7,5,9,7
Whitechapel,2025-05-01,9,0,18,9
Whitewebbs,2025-05-01,6,2,10,7
Whitton,2025-05-01,2,0,4,2
Willesden Green,2025-05-01,6,0,12,6
William Morris,2025-05-01,6,3,9,6
Wimbledon Park,2025-05-01,6,3,9,8
Wimbledon Town & Dundonald,2025-05-01,1,0,2,4
Winchmore Hill,2025-05-01,5,1,9,7
Wood End,2025-05-01,13,9,17,13
Wood Street,2025-05-01,7,5,9,4
Woodberry Down,2025-05-01,7,2,11,5
Woodhouse,2025-05-01,3,0,6,5
Woodside,2025-05-01,9,4,14,9
Woolwich Arsenal,2025-05-01,8,3,13,6
Woolwich Common,2025-05-01,2,0,4,3
Woolwich Dockyard,2025-05-01,4,0,8,4
Worcester Park North,2025-05-01,2,0,4,1
Worcester Park South,2025-05-01,1,0,2,1
Wormholt,2025-05-01,3,1,4,3
Yeading,2025-05-01,7,3,11,3
Yiewsley,2025-05-01,5,1,9,5
Abbey,2025-06-01,6,1,11,9
Abbey Road,2025-06-01,8,2,14,7
Abbey Wood,2025-06-01,7,0,14,10
Abingdon,2025-06-01,4,2,6,3
Addiscombe East,2025-06-01,4,0,8,4
Addiscombe West,2025-06-01,8,3,13,4
Addison,2025-06-01,5,0,10,5
Aldborough,2025-06-01,7,5,9,8
Alexandra,2025-06-01,2,0,4,2
Alexandra Park,2025-06-01,2,0,4,3
Alibon,2025-06-01,4,1,6,4
Alperton,2025-06-01,7,1,13,10
Arnos Grove,2025-06-01,6,3,9,8
Arsenal,2025-06-01,4,0,8,4
Avonmore,2025-06-01,4,0,8,7
Balham,2025-06-01,11,6,16,7
Barking Riverside,2025-06-01,5,0,10,2
Barkingside,2025-06-01,1,0,2,1
Barnehurst,2025-06-01,5,2,7,5
Barnes,2025-06-01,3,0,6,4
Barnet Vale,2025-06-01,5,0,10,7
Barnhill,2025-06-01,6,4,8,6
Barnsbury,2025-06-01,5,2,8,4
Battersea Park,2025-06-01,8,3,13,7
Bayswater,2025-06-01,22,14,30,13
Beam,2025-06-01,5,2,7,3
Beam Park,2025-06-01,5,2,8,6
Beckenham Town & Copers Cope,2025-06-01,10,0,19,6
Beckton,2025-06-01,3,0,6,3
Becontree,2025-06-01,1,0,2,1
Beddington,2025-06-01,4,3,5,4
Bedfont,2025-06-01,5,1,9,3
Bellingham,2025-06-01,1,0,2,1
Belmont,2025-06-01,8,4,12,8
Belmont,2025-06-01,7,0,13,4
Belmore,2025-06-01,6,0,12,3
Belsize,2025-06-01,9,3,15,11
Belvedere,2025-06-01,5,3,7,5
Bensham Manor,2025-06-01,9,6,12,5
Berrylands,2025-06-01,3,1,5,3
Bethnal Green East,2025-06-01,9,0,18,15
Bethnal Green West,2025-06-01,16,5,27,8
Bexleyheath,2025-06-01,7,3,11,3
Bickley & Sundridge,2025-06-01,4,0,8,5
Biggin Hill,2025-06-01,4,3,5,4
Blackfen & Lamorbey,2025-06-01,3,0,6,3
Blackheath,2025-06-01,7,3,11,10
Blackheath Westcombe,2025-06-01,6,3,9,6
Blackwall & Cubitt Town,2025-06-01,7,0,13,7
Blendon & Penhill,2025-06-01,2,0,4,2
Bloomsbury,2025-06-01,23,10,36,34
Boleyn,2025-06-01,7,3,11,10
Borough & Bankside,2025-06-01,17,12,22,19
Bounds Green,2025-06-01,1,0,2,2
Bow East,2025-06-01,13,1,25,19
Bow West,2025-06-01,4,0,8,6
Bowes,2025-06-01,2,0,4,4
Brentford East,2025-06-01,11,5,17,5
Brentford West,2025-06-01,3,1,5,4
Bridge,2025-06-01,5,3,6,5
Brimsdown,2025-06-01,11,8,15,9
Brixton Acre Lane,2025-06-01,8,4,12,5
Brixton North,2025-06-01,15,11,19,8
Brixton Rush Common,2025-06-01,7,3,11,6
Brixton Windrush,2025-06-01,8,3,13,5
Broad Green,2025-06-01,8,5,11,10
Brockley,2025-06-01,13,6,20,7
Bromley Common & Holwood,2025-06-01,3,1,5,3
Bromley North,2025-06-01,2,0,4,2
Bromley South,2025-06-01,3,0,6,3
Bromley Town,2025-06-01,9,6,12,9
Brompton & Hans Town,2025-06-01,8,4,12,13
Brondesbury Park,2025-06-01,7,0,14,9
Brook Green,2025-06-01,4,1,7,6
Brownswood,2025-06-01,6,1,11,8
Bruce Castle,2025-06-01,4,1,7,4
Brunswick Park,2025-06-01,11,5,17,8
Bullsmoor,2025-06-01,5,3,7,4
Bunhill,2025-06-01,8,0,16,20
Burnt Oak,2025-06-01,7,0,14,9
Bush Hill Park,2025-06-01,4,0,8,6
Caledonian,2025-06-01,8,4,11,5
Camberwell Green,2025-06-01,2,0,4,3
Camden Square,2025-06-01,4,0,8,3
Camden Town,2025-06-01,6,2,11,6
Campden,2025-06-01,6,5,7,6
Canary Wharf,2025-06-01,14,4,23,10
Canbury Gardens,2025-06-01,2,1,3,2
Cann Hall,2025-06-01,11,6,16,11
Canning Town North,2025-06-01,5,0,10,6
Canning Town South,2025-06-01,2,0,4,3
Cannon Hill,2025-06-01,1,0,2,1
Canonbury,2025-06-01,3,0,7,5
Canons,2025-06-01,3,1,5,3
Carshalton Central,2025-06-01,7,3,10,6
Carshalton South & Clockhouse,2025-06-01,4,1,7,3
Carterhatch,2025-06-01,3,0,6,4
Catford South,2025-06-01,5,0,10,5
Cathall,2025-06-01,5,1,9,5
Cazenove,2025-06-01,2,0,4,5
Centenary,2025-06-01,6,3,9,4
Central Greenford,2025-06-01,6,0,12,11
Chadwell,2025-06-01,2,0,4,4
Chadwell Heath,2025-06-01,2,0,4,4
Champion Hill,2025-06-01,1,0,2,2
Chapel End,2025-06-01,4,1,7,4
Charlton Hornfair,2025-06-01,3,3,3,3
Charlton Village & Riverside,2025-06-01,3,2,4,3
Charville,2025-06-01,4,1,7,1
Chaucer,2025-06-01,12,5,19,11
Cheam,2025-06-01,2,0,4,1
Chelsea Riverside,2025-06-01,6,2,10,4
Chelsfield,2025-06-01,3,0,6,3
Chessington South & Malden Rushett,2025-06-01,1,0,2,3
Childs Hill,2025-06-01,16,7,25,11
Chingford Green,2025-06-01,6,3,9,6
Chislehurst,2025-06-01,6,0,12,5
Chiswick Gunnersbury,2025-06-01,6,2,10,6
Chiswick Homefields,2025-06-01,6,3,9,4
Chiswick Riverside,2025-06-01,4,1,7,5
Church Street,2025-06-01,11,7,15,10
Churchfields,2025-06-01,13,9,17,8
Clapham Common & Abbeville,2025-06-01,5,0,10,6
Clapham East,2025-06-01,11,5,17,12
Clapham Park,2025-06-01,3,1,5,2
Clapham Town,2025-06-01,15,10,20,10
Clayhall,2025-06-01,4,1,7,4
Clementswood,2025-06-01,2,0,4,5
Clerkenwell,2025-06-01,9,2,16,7
Clissold,2025-06-01,5,0,10,5
Clock House,2025-06-01,6,3,9,3
Cockfosters,2025-06-01,6,2,10,4
Colham & Cowley,2025-06-01,9,4,14,8
Colindale North,2025-06-01,6,4,8,5
Colindale South,2025-06-01,5,1,9,7
College Park & Old Oak,2025-06-01,8,5,11,8
Colliers Wood,2025-06-01,7,3,11,6
Colville,2025-06-01,5,0,11,9
Coningham,2025-06-01,7,1,13,6
Coombe Hill,2025-06-01,1,0,2,1
Coombe Vale,2025-06-01,2,1,3,2
Coulsdon Town,2025-06-01,2,0,4,2
Courtfield,2025-06-01,5,0,10,12
Cranbrook,2025-06-01,5,3,7,5
Cranford,2025-06-01,4,0,8,5
Cranham,2025-06-01,2,0,4,2
Crayford,2025-06-01,4,2,6,4
Cricket Green,2025-06-01,5,1,9,5
Cricklewood,2025-06-01,9,3,15,8
Cricklewood & Mapesbury,2025-06-01,11,8,14,9
Crofton Park,2025-06-01,7,3,11,7
Crook Log,2025-06-01,3,0,6,3
Crouch End,2025-06-01,9,3,15,12
Crystal Palace & Anerley,2025-06-01,3,0,7,9
Crystal Palace & Upper Norwood,2025-06-01,8,5,11,7
Custom House,2025-06-01,4,2,6,4
Dalgarno,2025-06-01,3,1,5,4
Dalston,2025-06-01,6,1,11,8
Darwin,2025-06-01,2,0,4,2
De Beauvoir,2025-06-01,9,3,15,14
Deptford,2025-06-01,21,15,27,9
Dollis Hill,2025-06-01,12,5,19,12
Dormers Wells,2025-06-01,4,2,5,4
Downham,2025-06-01,10,5,15,5
Dulwich Hill,2025-06-01,3,2,4,2
Dulwich Village,2025-06-01,4,2,6,4
Dulwich Wood,2025-06-01,5,1,9,5
Ealing Broadway,2025-06-01,7,0,14,7
Ealing Common,2025-06-01,6,2,10,5
Earl's Court,2025-06-01,16,9,23,10
East Acton,2025-06-01,5,0,9,11
East Barnet,2025-06-01,4,1,7,5
East Finchley,2025-06-01,5,0,10,5
East Greenwich,2025-06-01,5,0,10,5
East Ham,2025-06-01,16,10,22,14
East Ham South,2025-06-01,5,3,7,5
East Putney,2025-06-01,4,0,8,6
East Sheen,2025-06-01,6,0,11,10
East Wickham,2025-06-01,4,1,7,5
Eastbrook & Rush Green,2025-06-01,1,0,2,1
Eastbury,2025-06-01,12,4,20,6
Eastcote,2025-06-01,4,3,5,4
Edgware,2025-06-01,11,0,22,9
Edgwarebury,2025-06-01,7,3,11,5
Edmonton Green,2025-06-01,5,0,10,12
Elm Park,2025-06-01,4,2,6,2
Eltham Page,2025-06-01,3,1,5,3
Eltham Park & Progress,2025-06-01,2,0,4,2
Eltham Town & Avery Hill,2025-06-01,6,0,11,4
Emerson Park,2025-06-01,1,0,2,1
Endlebury,2025-06-01,3,2,4,3
Enfield Lock,2025-06-01,3,0,6,4
Erith,2025-06-01,2,0,5,6
Evelyn,2025-06-01,5,2,8,5
Fairfield,2025-06-01,14,8,20,15
Fairlop,2025-06-01,2,0,4,2
Falconbrook,2025-06-01,5,1,9,7
Falconwood & Welling,2025-06-01,6,2,10,6
Faraday,2025-06-01,10,0,20,15
Farnborough & Crofton,2025-06-01,4,0,8,3
Feltham North,2025-06-01,6,2,10,4
Feltham West,2025-06-01,5,0,10,4
Figge's Marsh,2025-06-01,3,0,6,1
Finchley Church End,2025-06-01,12,4,20,8
Finsbury Park,2025-06-01,7,0,14,4
Forest,2025-06-01,4,0,8,8
Forest Gate North,2025-06-01,3,2,4,3
Forest Gate South,2025-06-01,6,2,10,9
Forest Hill,2025-06-01,4,1,7,6
Fortis Green,2025-06-01,7,2,12,8
Fortune Green,2025-06-01,9,6,13,9
Friern Barnet,2025-06-01,6,0,12,12
Frognal,2025-06-01,6,1,11,3
Fulham Reach,2025-06-01,7,4,10,7
Fulham Town,2025-06-01,5,2,7,3
Fullwell,2025-06-01,8,3,14,3
Fulwell & Hampton Hill,2025-06-01,5,3,7,2
Furzedown,2025-06-01,6,5,7,6
Garden Suburb,2025-06-01,7,2,11,5
Gascoigne,2025-06-01,5,0,10,3
Gipsy Hill,2025-06-01,4,1,7,6
Golborne,2025-06-01,3,0,6,7
Golders Green,2025-06-01,9,6,12,9
Goodmayes,2025-06-01,3,0,7,8
Goose Green,2025-06-01,2,0,5,7
Gooshays,2025-06-01,7,4,10,6
Goresbrook,2025-06-01,6,4,8,3
Gospel Oak,2025-06-01,7,1,13,10
Grange Park,2025-06-01,3,1,5,6
Graveney,2025-06-01,3,1,5,4
Green Lane & St James,2025-06-01,2,1,3,2
Green Street East,2025-06-01,7,3,11,5
Green Street West,2025-06-01,4,0,8,4
Greenford Broadway,2025-06-01,6,2,10,4
Greenhill,2025-06-01,5,0,10,6
Greenwich Creekside,2025-06-01,5,2,8,4
Greenwich Park,2025-06-01,4,2,6,4
Greenwich Peninsula,2025-06-01,12,3,20,8
Grove,2025-06-01,8,4,11,8
Grove Green,2025-06-01,8,4,12,6
Grove Park,2025-06-01,3,0,6,2
Hackbridge,2025-06-01,2,1,3,2
Hackney Central,2025-06-01,8,5,11,11
Hackney Downs,2025-06-01,4,0,8,11
Hackney Wick,2025-06-01,6,0,12,5
Hacton,2025-06-01,3,1,4,3
Haggerston,2025-06-01,6,0,12,10
Hainault,2025-06-01,2,0,4,1
Hale End & Highams Park South,2025-06-01,2,0,4,2
"Ham, Petersham & Richmond Riverside",2025-06-01,4,3,6,5
Hammersmith Broadway,2025-06-01,5,2,7,5
Hampstead Town,2025-06-01,3,0,6,3
Hampton,2025-06-01,2,0,4,3
Hampton North,2025-06-01,6,3,9,4
Hampton Wick & South Teddington,2025-06-01,16,11,21,3
Hanger Hill,2025-06-01,6,1,11,5
Hanwell Broadway,2025-06-01,11,4,18,15
Hanworth Park,2025-06-01,7,5,9,6
Hanworth Village,2025-06-01,5,1,9,4
Harefield Village,2025-06-01,1,0,2,1
Harlesden & Kensal Green,2025-06-01,6,0,12,12
Harold Wood,2025-06-01,5,1,9,6
Harringay,2025-06-01,4,0,9,10
Harrow Road,2025-06-01,5,1,9,5
Harrow Weald,2025-06-01,4,0,8,4
Harrow on the Hill,2025-06-01,2,0,4,2
Haselbury,2025-06-01,4,0,8,7
Hatch End,2025-06-01,3,0,6,3
Hatch Lane & Highams Park North,2025-06-01,4,1,7,4
Havering-atte-Bower,2025-06-01,3,0,6,7
Haverstock,2025-06-01,10,3,17,5
Hayes & Coney Hall,2025-06-01,3,0,6,3
Hayes Town,2025-06-01,12,3,21,14
Headstone,2025-06-01,6,0,12,7
Heath,2025-06-01,1,0,2,3
Heathfield,2025-06-01,2,0,5,5
Heathrow Villages,2025-06-01,7,3,11,7
Heaton,2025-06-01,8,2,14,12
Hendon,2025-06-01,12,6,18,10
Hermitage & Gardens,2025-06-01,2,0,4,4
Herne Hill & Loughborough Junction,2025-06-01,11,4,18,7
Heston Central,2025-06-01,7,3,11,3
Heston East,2025-06-01,3,0,6,3
Heston West,2025-06-01,5,0,10,6
High Barnet,2025-06-01,4,2,6,4
High Street,2025-06-01,7,1,13,6
Higham Hill,2025-06-01,6,3,9,6
Highbury,2025-06-01,7,3,10,6
Highfield,2025-06-01,7,4,9,7
Highgate,2025-06-01,19,9,29,10
Hillingdon East,2025-06-01,3,1,5,3
Hillingdon West,2025-06-01,4,2,6,4
Hillrise,2025-06-01,5,0,10,5
Hillside,2025-06-01,4,2,6,3
Hither Green,2025-06-01,8,6,10,6
Hoe Street,2025-06-01,5,0,10,10
Holborn & Covent Garden,2025-06-01,23,17,29,20
Holland,2025-06-01,5,2,8,5
Holloway,2025-06-01,9,2,16,9
Homerton,2025-06-01,8,2,14,9
Hook & Chessington North,2025-06-01,2,0,3,2
Hornsey,2025-06-01,6,4,8,6
Hounslow Central,2025-06-01,5,2,8,4
Hounslow East,2025-06-01,4,1,7,3
Hounslow Heath,2025-06-01,3,0,5,7
Hounslow South,2025-06-01,2,1,3,2
Hounslow West,2025-06-01,4,0,8,5
Hoxton East & Shoreditch,2025-06-01,15,6,24,20
Hoxton West,2025-06-01,8,0,16,14
Hyde Park,2025-06-01,13,7,19,12
Hylands & Harrow Lodge,2025-06-01,3,0,5,3
Ickenham & South Harefield,2025-06-01,2,0,4,1
Ilford Town,2025-06-01,7,4,10,8
Island Gardens,2025-06-01,4,1,7,4
Isleworth,2025-06-01,1,0,2,1
Jubilee,2025-06-01,4,0,8,9
Junction,2025-06-01,13,6,20,8
Kelsey & Eden Park,2025-06-01,6,2,10,5
Kenley,2025-06-01,1,0,2,1
Kennington,2025-06-01,6,1,11,10
Kentish Town North,2025-06-01,6,3,9,6
Kentish Town South,2025-06-01,9,5,13,4
Kenton,2025-06-01,7,3,11,5
Kenton East,2025-06-01,3,1,5,3
Kenton West,2025-06-01,2,0,4,2
Kew,2025-06-01,3,0,6,1
Kidbrooke Park,2025-06-01,3,0,6,4
Kidbrooke Village & Sutcliffe,2025-06-01,4,1,8,4
Kilburn,2025-06-01,39,24,54,37
King George's & Sunray,2025-06-01,2,1,2,2
King's Cross,2025-06-01,8,3,13,9
King's Park,2025-06-01,4,0,8,1
Kingsbury,2025-06-01,4,0,8,5
Kingston Gate,2025-06-01,2,1,3,2
Kingston Town,2025-06-01,4,0,8,4
Knight's Hill,2025-06-01,3,0,6,6
Knightsbridge & Belgravia,2025-06-01,5,0,10,6
Lady Margaret,2025-06-01,3,0,6,3
Ladywell,2025-06-01,5,0,10,4
Lancaster Gate,2025-06-01,9,3,15,13
Lansbury,2025-06-01,20,8,32,8
Larkswood,2025-06-01,3,0,6,4
Lavender,2025-06-01,11,3,19,5
Lavender Fields,2025-06-01,6,1,11,6
Laycock,2025-06-01,8,3,13,5
Lea Bridge,2025-06-01,20,4,36,25
Lee Green,2025-06-01,4,2,6,4
Lewisham Central,2025-06-01,3,0,6,14
Leyton,2025-06-01,13,4,22,14
Leytonstone,2025-06-01,9,5,13,8
Lillie,2025-06-01,4,2,6,4
Limehouse,2025-06-01,4,2,6,4
Little Ilford,2025-06-01,7,4,9,6
Little Venice,2025-06-01,4,1,7,6
London Bridge & West Bermondsey,2025-06-01,12,7,17,14
London Fields,2025-06-01,8,4,12,11
Longbridge,2025-06-01,3,1,5,3
Longlands,2025-06-01,1,0,2,1
Longthornton,2025-06-01,9,7,11,6
Lower Edmonton,2025-06-01,7,3,12,7
Lower Morden,2025-06-01,3,2,4,3
Loxford,2025-06-01,11,6,16,10
Maida Vale,2025-06-01,7,3,11,7
Manor Park,2025-06-01,3,0,6,4
Markhouse,2025-06-01,2,0,4,5
Marlborough,2025-06-01,2,0,5,5
Marshalls & Rise Park,2025-06-01,5,0,10,13
Maryland,2025-06-01,3,0,6,5
Marylebone,2025-06-01,31,19,43,29
Mawneys,2025-06-01,8,3,13,7
Mayesbrook,2025-06-01,1,0,2,1
Mayfield,2025-06-01,5,3,7,5
Merton Park,2025-06-01,3,1,4,3
Middle Park & Horn Park,2025-06-01,2,0,4,2
Mildmay,2025-06-01,3,0,6,3
Mile End,2025-06-01,9,3,15,11
Mill Hill,2025-06-01,5,0,10,6
Monkhams,2025-06-01,4,2,6,3
Mortlake & Barnes Common,2025-06-01,12,4,20,12
Motspur Park & Old Malden East,2025-06-01,1,0,2,2
Mottingham,2025-06-01,4,2,6,5
"Mottingham, Coldharbour & New Eltham",2025-06-01,3,0,6,7
Munster,2025-06-01,6,2,10,6
Muswell Hill,2025-06-01,3,1,5,1
Myatt's Fields,2025-06-01,2,0,4,1
New Addington North,2025-06-01,2,1,3,2
New Addington South,2025-06-01,4,2,6,4
New Cross Gate,2025-06-01,4,1,8,6
New Malden Village,2025-06-01,4,1,7,4
New Southgate,2025-06-01,3,1,5,4
Newbury,2025-06-01,4,0,8,9
Newington,2025-06-01,6,1,11,10
Nine Elms,2025-06-01,6,2,10,6
Noel Park,2025-06-01,9,7,11,10
Norbiton,2025-06-01,5,3,7,5
Norbury & Pollards Hill,2025-06-01,10,7,13,7
Norbury Park,2025-06-01,2,0,4,1
Norland,2025-06-01,3,0,6,2
North Acton,2025-06-01,10,5,14,7
North Bermondsey,2025-06-01,9,3,15,14
North Cheam,2025-06-01,1,0,2,1
North Greenford,2025-06-01,5,0,10,5
North Hanwell,2025-06-01,3,0,6,4
North Harrow,2025-06-01,3,2,4,3
North Richmond,2025-06-01,3,1,5,2
North Walworth,2025-06-01,8,0,16,10
Northbury,2025-06-01,3,0,6,7
Northcote,2025-06-01,3,0,6,3
Northfield,2025-06-01,4,2,6,6
Northolt Mandeville,2025-06-01,9,4,14,7
Northolt West End,2025-06-01,4,1,7,3
Northumberland Heath,2025-06-01,2,1,3,2
Northumberland Park,2025-06-01,11,5,17,11
Northwick Park,2025-06-01,2,0,4,2
Northwood,2025-06-01,5,0,10,3
Northwood Hills,2025-06-01,4,0,8,7
Norwood Green,2025-06-01,4,0,8,6
Notting Dale,2025-06-01,5,4,6,5
Nunhead & Queen's Road,2025-06-01,9,6,12,9
Oakwood,2025-06-01,2,0,4,2
Old Coulsdon,2025-06-01,3,2,4,3
Old Kent Road,2025-06-01,6,1,11,7
Old Malden,2025-06-01,2,1,3,2
Orpington,2025-06-01,2,0,4,2
Osterley & Spring Grove,2025-06-01,6,0,12,7
Oval,2025-06-01,14,11,17,4
Palace & Hurlingham,2025-06-01,6,3,9,2
Palmers Green,2025-06-01,10,7,13,5
Park Hill & Whitgift,2025-06-01,10,3,17,4
Parsloes,2025-06-01,4,1,7,4
Parsons Green & Sandford,2025-06-01,2,0,4,2
Peckham,2025-06-01,8,2,14,6
Peckham Rye,2025-06-01,4,1,7,4
Pembridge,2025-06-01,11,5,17,8
Penge & Cator,2025-06-01,7,4,10,7
Perivale,2025-06-01,7,2,12,10
Perry Vale,2025-06-01,7,2,12,5
Petts Wood & Knoll,2025-06-01,4,1,7,5
Pimlico North,2025-06-01,6,3,9,11
Pimlico South,2025-06-01,7,3,11,6
Pinkwell,2025-06-01,15,8,21,14
Pinner,2025-06-01,7,4,10,7
Pinner South,2025-06-01,3,0,6,8
Pitshanger,2025-06-01,5,0,10,7
Plaistow,2025-06-01,3,0,6,4
Plaistow North,2025-06-01,6,3,9,8
Plaistow South,2025-06-01,4,1,8,7
Plaistow West & Canning Town East,2025-06-01,6,4,8,8
Plashet,2025-06-01,1,0,2,1
Plumstead & Glyndon,2025-06-01,7,4,10,7
Plumstead Common,2025-06-01,8,4,13,4
Pollards Hill,2025-06-01,2,0,4,2
Ponders End,2025-06-01,8,5,11,13
Poplar,2025-06-01,3,1,5,3
Preston,2025-06-01,2,0,4,2
Primrose Hill,2025-06-01,7,0,14,10
Purley & Woodcote,2025-06-01,13,8,18,6
Purley Oaks & Riddlesdown,2025-06-01,4,1,7,3
Queen's Gate,2025-06-01,5,0,10,6
Queen's Park,2025-06-01,11,5,18,11
Queens Park,2025-06-01,11,5,17,9
Queensbury,2025-06-01,7,4,10,6
Rainham & Wennington,2025-06-01,5,4,6,5
Ravensbury,2025-06-01,5,1,9,4
Ravenscourt,2025-06-01,1,0,2,3
Rayners Lane,2025-06-01,4,3,5,4
Raynes Park,2025-06-01,4,0,8,4
Redcliffe,2025-06-01,11,6,16,6
Regent's Park,2025-06-01,20,13,27,18
Ridgeway,2025-06-01,5,2,8,4
Roehampton,2025-06-01,7,4,10,8
Rotherhithe,2025-06-01,7,0,14,8
Roundwood,2025-06-01,6,2,10,5
Roxbourne,2025-06-01,3,0,6,6
Roxeth,2025-06-01,7,5,9,7
Royal Albert,2025-06-01,2,0,4,2
Royal Hospital,2025-06-01,4,1,7,3
Royal Victoria,2025-06-01,5,0,10,4
Ruislip,2025-06-01,5,1,9,5
Ruislip Manor,2025-06-01,2,1,3,2
Rush Green & Crowlands,2025-06-01,4,0,8,4
Rushey Green,2025-06-01,8,0,16,9
Rye Lane,2025-06-01,15,6,24,21
Sanderstead,2025-06-01,2,0,4,2
Sands End,2025-06-01,4,2,6,2
Selhurst,2025-06-01,5,0,10,5
Selsdon & Addington Village,2025-06-01,3,0,6,3
Selsdon Vale & Forestdale,2025-06-01,6,2,10,3
Seven Kings,2025-06-01,7,1,13,6
Seven Sisters,2025-06-01,6,3,9,6
Shacklewell,2025-06-01,5,2,8,5
Shadwell,2025-06-01,9,5,13,7
Shaftesbury & Queenstown,2025-06-01,9,5,13,6
Shepherd's Bush Green,2025-06-01,7,3,11,7
Shirley North,2025-06-01,3,1,5,3
Shirley South,2025-06-01,3,2,4,3
Shooters Hill,2025-06-01,4,3,5,4
Shortlands & Park Langley,2025-06-01,4,1,7,4
Sidcup,2025-06-01,6,3,9,5
Slade Green & Northend,2025-06-01,3,0,6,4
South Acton,2025-06-01,4,0,8,7
South Balham,2025-06-01,3,1,5,3
South Beddington & Roundshaw,2025-06-01,4,2,6,3
South Bermondsey,2025-06-01,12,7,17,12
South Croydon,2025-06-01,8,2,14,7
South Hampstead,2025-06-01,10,2,18,6
South Hornchurch,2025-06-01,2,0,4,2
South Norwood,2025-06-01,3,0,6,3
South Richmond,2025-06-01,5,0,10,5
South Ruislip,2025-06-01,3,0,6,7
South Tottenham,2025-06-01,11,8,14,7
South Twickenham,2025-06-01,4,1,7,4
South Woodford,2025-06-01,9,5,13,8
Southall Broadway,2025-06-01,7,4,10,7
Southall Green,2025-06-01,11,4,18,8
Southall West,2025-06-01,3,2,4,3
Southbury,2025-06-01,6,3,9,8
Southfield,2025-06-01,7,4,10,5
Southfields,2025-06-01,1,0,2,1
Southgate,2025-06-01,3,0,6,3
Spitalfields & Banglatown,2025-06-01,10,0,20,13
Springfield,2025-06-01,4,1,7,7
Squirrels Heath,2025-06-01,1,0,2,2
St Alban's,2025-06-01,3,0,6,2
St Andrew's,2025-06-01,3,1,5,3
St Ann's,2025-06-01,2,0,4,3
St Dunstan's,2025-06-01,6,2,10,5
St Edward's,2025-06-01,7,2,12,9
St George's,2025-06-01,1,0,2,3
St Giles,2025-06-01,10,2,18,15
St Helier,2025-06-01,1,0,2,3
St Helier East,2025-06-01,1,0,2,1
St Helier West,2025-06-01,3,1,5,6
St James,2025-06-01,4,1,7,4
St James's,2025-06-01,33,20,46,32
St Katharine's & Wapping,2025-06-01,9,5,13,8
St Margarets & North Twickenham,2025-06-01,3,0,5,8
St Mark's & Seething Wells,2025-06-01,2,0,3,2
St Martin's,2025-06-01,4,0,8,6
St Mary Cray,2025-06-01,3,1,5,6
St Mary's,2025-06-01,6,0,12,14
St Mary's & St James,2025-06-01,3,0,6,6
St Mary's & St James',2025-06-01,15,10,20,10
St Pancras & Somers Town,2025-06-01,10,4,17,6
St Paul's Cray,2025-06-01,6,0,12,5
St Peter's & Canalside,2025-06-01,5,0,10,10
St. Helen's,2025-06-01,2,0,4,2
Stamford Hill West,2025-06-01,3,1,5,4
Stanley,2025-06-01,13,8,18,7
Stanmore,2025-06-01,8,3,13,4
Stepney Green,2025-06-01,6,3,9,7
Stockwell East,2025-06-01,5,3,7,5
Stockwell West & Larkhall,2025-06-01,6,0,12,14
Stoke Newington,2025-06-01,3,0,6,4
Stonebridge,2025-06-01,8,2,14,5
Stonecot,2025-06-01,3,1,5,4
Stratford,2025-06-01,24,12,36,19
Streatham Common & Vale,2025-06-01,5,0,10,6
Streatham Hill East,2025-06-01,2,0,4,2
Streatham Hill West & Thornton,2025-06-01,6,3,10,5
Streatham St Leonard's,2025-06-01,9,4,14,7
Streatham Wells,2025-06-01,2,1,3,2
Stroud Green,2025-06-01,7,4,10,7
Sudbury,2025-06-01,2,1,3,2
Surbiton Hill,2025-06-01,5,3,7,5
Surrey Docks,2025-06-01,5,3,7,6
Sutton Central,2025-06-01,6,4,8,6
Sutton North,2025-06-01,3,1,5,4
Sutton South,2025-06-01,4,0,8,11
Sutton West & East Cheam,2025-06-01,8,6,10,3
Sydenham,2025-06-01,4,1,8,7
Syon & Brentford Lock,2025-06-01,8,2,14,8
Teddington,2025-06-01,4,2,6,4
Telegraph Hill,2025-06-01,3,0,6,3
Thames View,2025-06-01,1,0,2,3
Thamesfield,2025-06-01,6,0,12,9
Thamesmead East,2025-06-01,3,0,7,8
Thamesmead Moorings,2025-06-01,3,0,6,3
The Wrythe,2025-06-01,2,0,4,4
Thornton Heath,2025-06-01,6,4,8,4
Tokyngton,2025-06-01,2,0,4,3
Tollington,2025-06-01,13,7,19,12
Tolworth,2025-06-01,5,1,9,6
Tooting Bec,2025-06-01,7,3,10,6
Tooting Broadway,2025-06-01,5,1,10,6
Tottenham Central,2025-06-01,6,1,11,6
Tottenham Hale,2025-06-01,8,5,11,8
Totteridge & Woodside,2025-06-01,11,5,17,5
Town,2025-06-01,7,3,11,11
Trinity,2025-06-01,6,3,9,3
Tudor,2025-06-01,3,1,5,3
Tufnell Park,2025-06-01,6,2,10,6
Twickenham Riverside,2025-06-01,7,2,12,7
Underhill,2025-06-01,2,0,4,2
Upminster,2025-06-01,4,2,6,3
Upper Edmonton,2025-06-01,6,1,11,9
Upper Walthamstow,2025-06-01,4,1,7,4
Uxbridge,2025-06-01,12,7,17,13
Valence,2025-06-01,3,0,6,3
Valentines,2025-06-01,4,1,7,1
Valley,2025-06-01,5,2,8,6
Vauxhall,2025-06-01,7,4,10,7
Victoria,2025-06-01,5,3,7,5
Village,2025-06-01,7,0,14,7
Vincent Square,2025-06-01,3,0,5,3
Waddon,2025-06-01,7,3,11,7
Walham Green,2025-06-01,4,0,8,5
Wall End,2025-06-01,5,3,7,6
Wallington North,2025-06-01,3,2,4,3
Wallington South,2025-06-01,3,1,5,7
Walpole,2025-06-01,5,0,10,7
Wandle,2025-06-01,5,2,8,6
Wandsworth Common,2025-06-01,2,0,5,6
Wandsworth Town,2025-06-01,4,0,8,5
Wanstead Park,2025-06-01,1,0,2,1
Wanstead Village,2025-06-01,4,0,8,6
Waterloo & South Bank,2025-06-01,15,8,21,14
Wealdstone North,2025-06-01,4,2,5,3
Wealdstone South,2025-06-01,7,2,12,3
Weavers,2025-06-01,8,0,16,13
Welsh Harp,2025-06-01,13,8,18,11
Wembley Central,2025-06-01,4,1,7,5
Wembley Hill,2025-06-01,5,3,7,5
Wembley Park,2025-06-01,5,4,6,5
Wendell Park,2025-06-01,1,1,1,1
West Barnes,2025-06-01,3,0,6,1
West Drayton,2025-06-01,5,0,10,7
West Dulwich,2025-06-01,4,2,6,4
West End,2025-06-01,66,37,95,84
West Finchley,2025-06-01,7,0,14,13
West Green,2025-06-01,7,2,12,5
West Ham,2025-06-01,5,1,9,4
West Hampstead,2025-06-01,12,6,18,9
West Harrow,2025-06-01,2,1,3,2
West Heath,2025-06-01,5,3,7,3
West Hendon,2025-06-01,9,2,15,12
West Hill,2025-06-01,4,2,6,4
West Kensington,2025-06-01,5,2,8,4
West Putney,2025-06-01,6,2,10,3
West Thamesmead,2025-06-01,3,1,5,1
West Thornton,2025-06-01,9,2,16,6
West Twickenham,2025-06-01,1,0,2,1
West Wickham,2025-06-01,3,0,6,2
Westbourne,2025-06-01,6,3,9,6
Whalebone,2025-06-01,3,0,6,3
Whetstone,2025-06-01,5,2,8,5
White City,2025-06-01,1,0,2,1
White Hart Lane,2025-06-01,4,2,6,7
Whitechapel,2025-06-01,14,2,26,9
Whitewebbs,2025-06-01,5,1,9,6
Whitton,2025-06-01,2,0,4,2
Willesden Green,2025-06-01,7,2,12,6
William Morris,2025-06-01,3,0,6,6
Wimbledon Park,2025-06-01,6,3,9,6
Wimbledon Town & Dundonald,2025-06-01,1,0,2,1
Winchmore Hill,2025-06-01,6,2,10,5
Wood End,2025-06-01,12,9,15,13
Wood Street,2025-06-01,5,1,8,7
Woodberry Down,2025-06-01,3,0,6,7
Woodhouse,2025-06-01,4,0,8,3
Woodside,2025-06-01,9,4,14,9
Woolwich Arsenal,2025-06-01,5,1,9,8
Woolwich Common,2025-06-01,2,0,4,2
Woolwich Dockyard,2025-06-01,4,0,8,4
Worcester Park North,2025-06-01,1,0,2,2
Worcester Park South,2025-06-01,1,0,2,1
Wormholt,2025-06-01,3,1,4,3
Yeading,2025-06-01,5,1,9,7
Yiewsley,2025-06-01,5,1,9,5
Abbey,2025-07-01,6,2,10,6
Abbey Road,2025-07-01,10,6,14,8
Abbey Wood,2025-07-01,7,1,13,7
Abingdon,2025-07-01,5,3,7,4
Addiscombe East,2025-07-01,4,0,8,4
Addiscombe West,2025-07-01,3,0,7,8
Addison,2025-07-01,6,3,9,5
Aldborough,2025-07-01,7,5,9,7
Alexandra,2025-07-01,2,1,3,2
Alexandra Park,2025-07-01,2,0,4,2
Alibon,2025-07-01,4,2,6,4
Alperton,2025-07-01,4,0,9,7
Arnos Grove,2025-07-01,8,5,11,6
Arsenal,2025-07-01,5,1,9,4
Avonmore,2025-07-01,6,3,9,4
Balham,2025-07-01,13,8,18,11
Barking Riverside,2025-07-01,2,0,5,5
Barkingside,2025-07-01,5,1,9,1
Barnehurst,2025-07-01,3,1,5,5
Barnes,2025-07-01,3,1,6,3
Barnet Vale,2025-07-01,7,2,11,5
Barnhill,2025-07-01,4,2,6,6
Barnsbury,2025-07-01,5,3,7,5
Battersea Park,2025-07-01,10,5,15,8
Bayswater,2025-07-01,16,7,25,22
Beam,2025-07-01,3,1,5,5
Beam Park,2025-07-01,5,2,8,5
Beckenham Town & Copers Cope,2025-07-01,6,0,12,10
Beckton,2025-07-01,8,5,11,3
Becontree,2025-07-01,1,0,2,1
Beddington,2025-07-01,4,3,5,4
Bedfont,2025-07-01,4,1,7,5
Bellingham,2025-07-01,1,0,2,1
Belmont,2025-07-01,8,4,12,8
Belmont,2025-07-01,6,0,13,7
Belmore,2025-07-01,5,0,10,6
Belsize,2025-07-01,13,8,18,9
Belvedere,2025-07-01,5,3,7,5
Bensham Manor,2025-07-01,6,1,10,9
Berrylands,2025-07-01,6,4,8,3
Bethnal Green East,2025-07-01,12,2,22,9
Bethnal Green West,2025-07-01,21,9,33,16
Bexleyheath,2025-07-01,3,0,7,7
Bickley & Sundridge,2025-07-01,7,1,13,4
Biggin Hill,2025-07-01,4,3,5,4
Blackfen & Lamorbey,2025-07-01,3,1,5,3
Blackheath,2025-07-01,9,4,14,7
Blackheath Westcombe,2025-07-01,4,1,7,6
Blackwall & Cubitt Town,2025-07-01,7,3,10,7
Blendon & Penhill,2025-07-01,2,0,4,2
Bloomsbury,2025-07-01,21,8,34,23
Boleyn,2025-07-01,7,3,11,7
Borough & Bankside,2025-07-01,29,24,34,17
Bounds Green,2025-07-01,1,0,2,1
Bow East,2025-07-01,15,5,25,13
Bow West,2025-07-01,7,3,11,4
Bowes,2025-07-01,2,0,4,2
Brentford East,2025-07-01,5,0,10,11
Brentford West,2025-07-01,3,1,5,3
Bridge,2025-07-01,4,3,5,5
Brimsdown,2025-07-01,11,8,14,11
Brixton Acre Lane,2025-07-01,9,5,13,8
Brixton North,2025-07-01,9,2,15,15
Brixton Rush Common,2025-07-01,1,0,3,7
Brixton Windrush,2025-07-01,5,0,11,8
Broad Green,2025-07-01,11,8,14,8
Brockley,2025-07-01,24,17,31,13
Bromley Common & Holwood,2025-07-01,3,1,5,3
Bromley North,2025-07-01,3,0,6,2
Bromley South,2025-07-01,3,0,6,3
Bromley Town,2025-07-01,9,7,11,9
Brompton & Hans Town,2025-07-01,9,4,13,8
Brondesbury Park,2025-07-01,7,1,13,7
Brook Green,2025-07-01,8,4,12,4
Brownswood,2025-07-01,6,1,11,6
Bruce Castle,2025-07-01,4,1,7,4
Brunswick Park,2025-07-01,4,0,8,11
Bullsmoor,2025-07-01,4,2,6,5
Bunhill,2025-07-01,13,2,24,8
Burnt Oak,2025-07-01,8,0,16,7
Bush Hill Park,2025-07-01,6,2,9,4
Caledonian,2025-07-01,8,5,11,8
Camberwell Green,2025-07-01,3,0,6,2
Camden Square,2025-07-01,5,2,8,4
Camden Town,2025-07-01,6,2,11,6
Campden,2025-07-01,6,5,7,6
Canary Wharf,2025-07-01,9,2,16,14
Canbury Gardens,2025-07-01,2,1,3,2
Cann Hall,2025-07-01,10,5,15,11
Canning Town North,2025-07-01,10,6,15,5
Canning Town South,2025-07-01,4,0,8,2
Cannon Hill,2025-07-01,1,0,2,1
Canonbury,2025-07-01,3,0,6,3
Canons,2025-07-01,4,2,6,3
Carshalton Central,2025-07-01,4,0,8,7
Carshalton South & Clockhouse,2025-07-01,4,1,7,4
Carterhatch,2025-07-01,4,1,7,3
Catford South,2025-07-01,5,0,10,5
Cathall,2025-07-01,5,2,8,5
Cazenove,2025-07-01,2,0,4,2
Centenary,2025-07-01,5,2,8,6
Central Greenford,2025-07-01,4,0,8,6
Chadwell,2025-07-01,4,1,7,2
Chadwell Heath,2025-07-01,7,4,10,2
Champion Hill,2025-07-01,2,0,4,1
Chapel End,2025-07-01,4,1,7,4
Charlton Hornfair,2025-07-01,3,3,3,3
Charlton Village & Riverside,2025-07-01,3,2,4,3
Charville,2025-07-01,1,0,2,4
Chaucer,2025-07-01,13,6,20,12
Cheam,2025-07-01,1,0,2,2
Chelsea Riverside,2025-07-01,4,1,8,6
Chelsfield,2025-07-01,3,0,6,3
Chessington South & Malden Rushett,2025-07-01,1,0,2,1
Childs Hill,2025-07-01,14,7,21,16
Chingford Green,2025-07-01,6,3,9,6
Chislehurst,2025-07-01,6,0,12,6
Chiswick Gunnersbury,2025-07-01,8,4,12,6
Chiswick Homefields,2025-07-01,4,1,7,6
Chiswick Riverside,2025-07-01,4,2,6,4
Church Street,2025-07-01,8,4,12,11
Churchfields,2025-07-01,9,2,16,13
Clapham Common & Abbeville,2025-07-01,7,1,13,5
Clapham East,2025-07-01,4,0,8,11
Clapham Park,2025-07-01,2,0,4,3
Clapham Town,2025-07-01,12,6,18,15
Clayhall,2025-07-01,4,2,6,4
Clementswood,2025-07-01,2,0,4,2
Clerkenwell,2025-07-01,4,0,8,9
Clissold,2025-07-01,3,0,6,5
Clock House,2025-07-01,4,1,7,6
Cockfosters,2025-07-01,6,2,9,6
Colham & Cowley,2025-07-01,4,0,8,9
Colindale North,2025-07-01,5,3,7,6
Colindale South,2025-07-01,7,2,11,5
College Park & Old Oak,2025-07-01,8,7,10,8
Colliers Wood,2025-07-01,3,0,7,7
Colville,2025-07-01,12,6,18,5
Coningham,2025-07-01,7,4,10,7
Coombe Hill,2025-07-01,1,0,2,1
Coombe Vale,2025-07-01,3,2,4,2
Coulsdon Town,2025-07-01,2,1,3,2
Courtfield,2025-07-01,4,0,8,5
Cranbrook,2025-07-01,9,7,11,5
Cranford,2025-07-01,4,0,8,4
Cranham,2025-07-01,2,0,4,2
Crayford,2025-07-01,4,2,6,4
Cricket Green,2025-07-01,4,0,8,5
Cricklewood,2025-07-01,7,3,11,9
Cricklewood & Mapesbury,2025-07-01,10,7,13,11
Crofton Park,2025-07-01,4,1,7,7
Crook Log,2025-07-01,3,0,6,3
Crouch End,2025-07-01,13,7,19,9
Crystal Palace & Anerley,2025-07-01,3,0,6,3
Crystal Palace & Upper Norwood,2025-07-01,9,5,12,8
Custom House,2025-07-01,6,4,8,4
Dalgarno,2025-07-01,3,1,5,3
Dalston,2025-07-01,5,0,10,6
Darwin,2025-07-01,2,0,4,2
De Beauvoir,2025-07-01,6,0,12,9
Deptford,2025-07-01,15,4,26,21
Dollis Hill,2025-07-01,14,9,19,12
Dormers Wells,2025-07-01,4,3,5,4
Downham,2025-07-01,5,0,10,10
Dulwich Hill,2025-07-01,5,3,7,3
Dulwich Village,2025-07-01,4,3,5,4
Dulwich Wood,2025-07-01,4,1,7,5
Ealing Broadway,2025-07-01,7,0,14,7
Ealing Common,2025-07-01,7,3,10,6
Earl's Court,2025-07-01,11,3,19,16
East Acton,2025-07-01,4,0,8,5
East Barnet,2025-07-01,5,1,8,4
East Finchley,2025-07-01,5,0,10,5
East Greenwich,2025-07-01,6,1,11,5
East Ham,2025-07-01,13,7,19,16
East Ham South,2025-07-01,5,3,6,5
East Putney,2025-07-01,7,3,11,4
East Sheen,2025-07-01,3,0,6,6
East Wickham,2025-07-01,5,2,8,4
Eastbrook & Rush Green,2025-07-01,1,0,2,1
Eastbury,2025-07-01,5,0,10,12
Eastcote,2025-07-01,6,5,7,4
Edgware,2025-07-01,13,2,24,11
Edgwarebury,2025-07-01,5,1,9,7
Edmonton Green,2025-07-01,10,2,17,5
Elm Park,2025-07-01,3,1,5,4
Eltham Page,2025-07-01,3,1,5,3
Eltham Park & Progress,2025-07-01,2,0,4,2
Eltham Town & Avery Hill,2025-07-01,6,0,12,6
Emerson Park,2025-07-01,1,0,2,1
Endlebury,2025-07-01,3,2,4,3
Enfield Lock,2025-07-01,4,0,8,3
Erith,2025-07-01,2,0,4,2
Evelyn,2025-07-01,5,3,7,5
Fairfield,2025-07-01,14,10,18,14
Fairlop,2025-07-01,2,0,4,2
Falconbrook,2025-07-01,4,1,7,5
Falconwood & Welling,2025-07-01,4,1,7,6
Faraday,2025-07-01,13,5,22,10
Farnborough & Crofton,2025-07-01,4,0,8,4
Feltham North,2025-07-01,4,1,7,6
Feltham West,2025-07-01,7,2,12,5
Figge's Marsh,2025-07-01,3,0,6,3
Finchley Church End,2025-07-01,10,3,17,12
Finsbury Park,2025-07-01,11,3,19,7
Forest,2025-07-01,5,0,10,4
Forest Gate North,2025-07-01,4,3,5,3
Forest Gate South,2025-07-01,8,5,12,6
Forest Hill,2025-07-01,6,2,10,4
Fortis Green,2025-07-01,4,0,8,7
Fortune Green,2025-07-01,12,9,15,9
Friern Barnet,2025-07-01,12,6,18,6
Frognal,2025-07-01,4,0,8,6
Fulham Reach,2025-07-01,6,3,9,7
Fulham Town,2025-07-01,8,5,11,5
Fullwell,2025-07-01,4,0,8,8
Fulwell & Hampton Hill,2025-07-01,2,0,4,5
Furzedown,2025-07-01,6,5,7,6
Garden Suburb,2025-07-01,7,2,11,7
Gascoigne,2025-07-01,3,0,6,5
Gipsy Hill,2025-07-01,6,3,9,4
Golborne,2025-07-01,9,4,14,3
Golders Green,2025-07-01,9,6,11,9
Goodmayes,2025-07-01,9,4,14,3
Goose Green,2025-07-01,8,2,14,2
Gooshays,2025-07-01,3,0,6,7
Goresbrook,2025-07-01,2,0,5,6
Gospel Oak,2025-07-01,7,2,12,7
Grange Park,2025-07-01,4,1,7,3
Graveney,2025-07-01,3,1,5,3
Green Lane & St James,2025-07-01,2,1,3,2
Green Street East,2025-07-01,5,2,8,7
Green Street West,2025-07-01,4,2,6,4
Greenford Broadway,2025-07-01,3,0,6,6
Greenhill,2025-07-01,7,3,12,5
Greenwich Creekside,2025-07-01,4,2,7,5
Greenwich Park,2025-07-01,7,5,9,4
Greenwich Peninsula,2025-07-01,12,4,20,12
Grove,2025-07-01,6,4,8,8
Grove Green,2025-07-01,7,3,11,8
Grove Park,2025-07-01,2,0,4,3
Hackbridge,2025-07-01,2,1,3,2
Hackney Central,2025-07-01,11,8,14,8
Hackney Downs,2025-07-01,10,0,20,4
Hackney Wick,2025-07-01,5,0,10,6
Hacton,2025-07-01,3,2,4,3
Haggerston,2025-07-01,4,0,8,6
Hainault,2025-07-01,1,0,2,2
Hale End & Highams Park South,2025-07-01,2,0,4,2
"Ham, Petersham & Richmond Riverside",2025-07-01,4,3,5,4
Hammersmith Broadway,2025-07-01,3,1,5,5
Hampstead Town,2025-07-01,3,0,6,3
Hampton,2025-07-01,3,0,6,2
Hampton North,2025-07-01,1,0,3,6
Hampton Wick & South Teddington,2025-07-01,4,0,8,16
Hanger Hill,2025-07-01,6,1,11,6
Hanwell Broadway,2025-07-01,8,2,15,11
Hanworth Park,2025-07-01,6,4,8,7
Hanworth Village,2025-07-01,6,3,9,5
Harefield Village,2025-07-01,3,1,5,1
Harlesden & Kensal Green,2025-07-01,10,2,18,6
Harold Wood,2025-07-01,8,4,12,5
Harringay,2025-07-01,4,0,8,4
Harrow Road,2025-07-01,5,1,9,5
Harrow Weald,2025-07-01,7,2,12,4
Harrow on the Hill,2025-07-01,2,0,4,2
Haselbury,2025-07-01,10,5,15,4
Hatch End,2025-07-01,3,1,5,3
Hatch Lane & Highams Park North,2025-07-01,3,0,6,4
Havering-atte-Bower,2025-07-01,4,1,7,3
Haverstock,2025-07-01,10,4,16,10
Hayes & Coney Hall,2025-07-01,3,1,5,3
Hayes Town,2025-07-01,10,1,19,12
Headstone,2025-07-01,6,1,11,6
Heath,2025-07-01,1,0,2,1
Heathfield,2025-07-01,2,0,4,2
Heathrow Villages,2025-07-01,9,6,11,7
Heaton,2025-07-01,4,0,7,8
Hendon,2025-07-01,13,7,19,12
Hermitage & Gardens,2025-07-01,3,1,5,2
Herne Hill & Loughborough Junction,2025-07-01,9,3,15,11
Heston Central,2025-07-01,7,3,11,7
Heston East,2025-07-01,3,0,6,3
Heston West,2025-07-01,6,0,12,5
High Barnet,2025-07-01,3,1,5,4
High Street,2025-07-01,13,8,18,7
Higham Hill,2025-07-01,4,2,6,6
Highbury,2025-07-01,7,4,10,7
Highfield,2025-07-01,8,6,10,7
Highgate,2025-07-01,17,8,26,19
Hillingdon East,2025-07-01,3,2,4,3
Hillingdon West,2025-07-01,4,2,6,4
Hillrise,2025-07-01,6,0,12,5
Hillside,2025-07-01,5,3,7,4
Hither Green,2025-07-01,6,4,9,8
Hoe Street,2025-07-01,10,3,17,5
Holborn & Covent Garden,2025-07-01,24,17,31,23
Holland,2025-07-01,5,2,8,5
Holloway,2025-07-01,15,9,21,9
Homerton,2025-07-01,14,10,18,8
Hook & Chessington North,2025-07-01,2,0,3,2
Hornsey,2025-07-01,5,3,7,6
Hounslow Central,2025-07-01,6,3,8,5
Hounslow East,2025-07-01,5,3,7,4
Hounslow Heath,2025-07-01,2,0,4,3
Hounslow South,2025-07-01,2,1,3,2
Hounslow West,2025-07-01,3,0,6,4
Hoxton East & Shoreditch,2025-07-01,21,13,28,15
Hoxton West,2025-07-01,5,0,10,8
Hyde Park,2025-07-01,13,8,17,13
Hylands & Harrow Lodge,2025-07-01,6,4,8,3
Ickenham & South Harefield,2025-07-01,2,0,4,2
Ilford Town,2025-07-01,10,7,13,7
Island Gardens,2025-07-01,3,1,5,4
Isleworth,2025-07-01,2,0,4,1
Jubilee,2025-07-01,7,0,14,4
Junction,2025-07-01,12,5,19,13
Kelsey & Eden Park,2025-07-01,6,3,9,6
Kenley,2025-07-01,1,0,2,1
Kennington,2025-07-01,5,1,10,6
Kentish Town North,2025-07-01,3,0,6,6
Kentish Town South,2025-07-01,6,0,12,9
Kenton,2025-07-01,8,5,11,7
Kenton East,2025-07-01,5,3,7,3
Kenton West,2025-07-01,2,0,4,2
Kew,2025-07-01,1,0,2,3
Kidbrooke Park,2025-07-01,3,1,5,3
Kidbrooke Village & Sutcliffe,2025-07-01,6,3,9,4
Kilburn,2025-07-01,21,6,36,39
King George's & Sunray,2025-07-01,2,1,2,2
King's Cross,2025-07-01,10,6,14,8
King's Park,2025-07-01,1,0,2,4
Kingsbury,2025-07-01,6,3,8,4
Kingston Gate,2025-07-01,4,3,5,2
Kingston Town,2025-07-01,4,1,7,4
Knight's Hill,2025-07-01,4,0,8,3
Knightsbridge & Belgravia,2025-07-01,14,9,19,5
Lady Margaret,2025-07-01,3,0,6,3
Ladywell,2025-07-01,3,0,6,5
Lancaster Gate,2025-07-01,23,17,29,9
Lansbury,2025-07-01,14,2,26,20
Larkswood,2025-07-01,8,1,15,3
Lavender,2025-07-01,9,1,17,11
Lavender Fields,2025-07-01,5,1,9,6
Laycock,2025-07-01,13,7,19,8
Lea Bridge,2025-07-01,19,4,34,20
Lee Green,2025-07-01,2,1,4,4
Lewisham Central,2025-07-01,3,0,6,3
Leyton,2025-07-01,17,8,26,13
Leytonstone,2025-07-01,9,5,13,9
Lillie,2025-07-01,4,2,6,4
Limehouse,2025-07-01,4,2,6,4
Little Ilford,2025-07-01,7,4,9,7
Little Venice,2025-07-01,6,4,8,4
London Bridge & West Bermondsey,2025-07-01,14,8,20,12
London Fields,2025-07-01,8,3,13,8
Longbridge,2025-07-01,3,1,5,3
Longlands,2025-07-01,1,0,2,1
Longthornton,2025-07-01,7,3,10,9
Lower Edmonton,2025-07-01,9,5,13,7
Lower Morden,2025-07-01,3,2,4,3
Loxford,2025-07-01,11,6,16,11
Maida Vale,2025-07-01,12,9,15,7
Manor Park,2025-07-01,10,7,13,3
Markhouse,2025-07-01,4,1,7,2
Marlborough,2025-07-01,6,3,9,2
Marshalls & Rise Park,2025-07-01,3,0,6,5
Maryland,2025-07-01,3,0,6,3
Marylebone,2025-07-01,55,43,67,31
Mawneys,2025-07-01,8,5,12,8
Mayesbrook,2025-07-01,3,0,6,1
Mayfield,2025-07-01,6,4,8,5
Merton Park,2025-07-01,3,2,4,3
Middle Park & Horn Park,2025-07-01,2,0,4,2
Mildmay,2025-07-01,5,1,9,3
Mile End,2025-07-01,12,7,17,9
Mill Hill,2025-07-01,8,3,14,5
Monkhams,2025-07-01,3,1,5,4
Mortlake & Barnes Common,2025-07-01,5,0,10,12
Motspur Park & Old Malden East,2025-07-01,3,0,6,1
Mottingham,2025-07-01,5,3,7,4
"Mottingham, Coldharbour & New Eltham",2025-07-01,1,0,2,3
Munster,2025-07-01,9,5,12,6
Muswell Hill,2025-07-01,4,1,7,3
Myatt's Fields,2025-07-01,1,0,2,2
New Addington North,2025-07-01,2,1,3,2
New Addington South,2025-07-01,4,2,5,4
New Cross Gate,2025-07-01,4,1,7,4
New Malden Village,2025-07-01,4,2,6,4
New Southgate,2025-07-01,4,2,6,3
Newbury,2025-07-01,8,2,14,4
Newington,2025-07-01,7,0,14,6
Nine Elms,2025-07-01,8,5,11,6
Noel Park,2025-07-01,9,7,11,9
Norbiton,2025-07-01,3,1,5,5
Norbury & Pollards Hill,2025-07-01,10,6,14,10
Norbury Park,2025-07-01,1,0,2,2
Norland,2025-07-01,2,0,4,3
North Acton,2025-07-01,11,7,15,10
North Bermondsey,2025-07-01,11,6,16,9
North Cheam,2025-07-01,1,0,2,1
North Greenford,2025-07-01,6,0,12,5
North Hanwell,2025-07-01,5,1,9,3
North Harrow,2025-07-01,3,2,4,3
North Richmond,2025-07-01,2,0,4,3
North Walworth,2025-07-01,9,2,16,8
Northbury,2025-07-01,7,2,11,3
Northcote,2025-07-01,3,0,6,3
Northfield,2025-07-01,6,3,8,4
Northolt Mandeville,2025-07-01,5,0,10,9
Northolt West End,2025-07-01,4,2,6,4
Northumberland Heath,2025-07-01,2,1,3,2
Northumberland Park,2025-07-01,13,9,17,11
Northwick Park,2025-07-01,2,0,4,2
Northwood,2025-07-01,4,0,8,5
Northwood Hills,2025-07-01,8,4,12,4
Norwood Green,2025-07-01,6,2,10,4
Notting Dale,2025-07-01,5,4,6,5
Nunhead & Queen's Road,2025-07-01,6,3,9,9
Oakwood,2025-07-01,2,0,4,2
Old Coulsdon,2025-07-01,3,2,4,3
Old Kent Road,2025-07-01,7,4,10,6
Old Malden,2025-07-01,2,1,3,2
Orpington,2025-07-01,2,0,4,2
Osterley & Spring Grove,2025-07-01,7,2,12,6
Oval,2025-07-01,6,0,12,14
Palace & Hurlingham,2025-07-01,2,0,5,6
Palmers Green,2025-07-01,6,1,11,10
Park Hill & Whitgift,2025-07-01,11,4,17,10
Parsloes,2025-07-01,4,1,7,4
Parsons Green & Sandford,2025-07-01,2,0,4,2
Peckham,2025-07-01,5,0,10,8
Peckham Rye,2025-07-01,3,0,6,4
Pembridge,2025-07-01,9,4,14,11
Penge & Cator,2025-07-01,7,5,9,7
Perivale,2025-07-01,6,2,10,7
Perry Vale,2025-07-01,6,2,10,7
Petts Wood & Knoll,2025-07-01,6,4,8,4
Pimlico North,2025-07-01,10,6,14,6
Pimlico South,2025-07-01,3,0,6,7
Pinkwell,2025-07-01,9,3,15,15
Pinner,2025-07-01,7,5,9,7
Pinner South,2025-07-01,7,3,11,3
Pitshanger,2025-07-01,5,1,9,5
Plaistow,2025-07-01,3,0,6,3
Plaistow North,2025-07-01,7,4,10,6
Plaistow South,2025-07-01,4,1,7,4
Plaistow West & Canning Town East,2025-07-01,8,5,11,6
Plashet,2025-07-01,1,0,2,1
Plumstead & Glyndon,2025-07-01,7,5,9,7
Plumstead Common,2025-07-01,9,5,13,8
Pollards Hill,2025-07-01,2,0,4,2
Ponders End,2025-07-01,14,9,19,8
Poplar,2025-07-01,3,1,5,3
Preston,2025-07-01,2,0,4,2
Primrose Hill,2025-07-01,7,0,14,7
Purley & Woodcote,2025-07-01,7,1,13,13
Purley Oaks & Riddlesdown,2025-07-01,3,0,6,4
Queen's Gate,2025-07-01,5,0,10,5
Queen's Park,2025-07-01,10,4,16,11
Queens Park,2025-07-01,9,4,14,11
Queensbury,2025-07-01,6,3,9,7
Rainham & Wennington,2025-07-01,5,4,6,5
Ravensbury,2025-07-01,3,0,6,5
Ravenscourt,2025-07-01,9,5,13,1
Rayners Lane,2025-07-01,3,2,4,4
Raynes Park,2025-07-01,3,0,6,4
Redcliffe,2025-07-01,7,2,12,11
Regent's Park,2025-07-01,18,12,24,20
Ridgeway,2025-07-01,5,2,8,5
Roehampton,2025-07-01,6,3,9,7
Rotherhithe,2025-07-01,10,3,17,7
Roundwood,2025-07-01,15,12,18,6
Roxbourne,2025-07-01,3,0,6,3
Roxeth,2025-07-01,6,4,8,7
Royal Albert,2025-07-01,1,0,2,2
Royal Hospital,2025-07-01,3,1,5,4
Royal Victoria,2025-07-01,5,1,9,5
Ruislip,2025-07-01,9,6,12,5
Ruislip Manor,2025-07-01,3,2,4,2
Rush Green & Crowlands,2025-07-01,4,0,8,4
Rushey Green,2025-07-01,16,2,30,8
Rye Lane,2025-07-01,15,7,23,15
Sanderstead,2025-07-01,3,0,6,2
Sands End,2025-07-01,3,1,5,4
Selhurst,2025-07-01,8,0,16,5
Selsdon & Addington Village,2025-07-01,3,1,5,3
Selsdon Vale & Forestdale,2025-07-01,5,1,9,6
Seven Kings,2025-07-01,9,3,15,7
Seven Sisters,2025-07-01,6,3,9,6
Shacklewell,2025-07-01,5,2,8,5
Shadwell,2025-07-01,7,4,11,9
Shaftesbury & Queenstown,2025-07-01,9,5,13,9
Shepherd's Bush Green,2025-07-01,9,7,11,7
Shirley North,2025-07-01,3,2,4,3
Shirley South,2025-07-01,3,2,4,3
Shooters Hill,2025-07-01,4,3,5,4
Shortlands & Park Langley,2025-07-01,4,1,7,4
Sidcup,2025-07-01,6,3,9,6
Slade Green & Northend,2025-07-01,3,0,6,3
South Acton,2025-07-01,4,0,8,4
South Balham,2025-07-01,3,2,4,3
South Beddington & Roundshaw,2025-07-01,4,2,5,4
South Bermondsey,2025-07-01,11,6,16,12
South Croydon,2025-07-01,5,0,10,8
South Hampstead,2025-07-01,6,0,12,10
South Hornchurch,2025-07-01,2,0,4,2
South Norwood,2025-07-01,4,0,8,3
South Richmond,2025-07-01,5,1,10,5
South Ruislip,2025-07-01,6,0,12,3
South Tottenham,2025-07-01,9,5,13,11
South Twickenham,2025-07-01,4,2,6,4
South Woodford,2025-07-01,5,1,10,9
Southall Broadway,2025-07-01,8,6,10,7
Southall Green,2025-07-01,7,0,14,11
Southall West,2025-07-01,3,2,4,3
Southbury,2025-07-01,8,5,11,6
Southfield,2025-07-01,4,1,7,7
Southfields,2025-07-01,1,0,2,1
Southgate,2025-07-01,7,4,10,3
Spitalfields & Banglatown,2025-07-01,14,4,23,10
Springfield,2025-07-01,5,1,9,4
Squirrels Heath,2025-07-01,2,0,4,1
St Alban's,2025-07-01,2,0,4,3
St Andrew's,2025-07-01,3,1,5,3
St Ann's,2025-07-01,4,1,7,2
St Dunstan's,2025-07-01,7,4,10,6
St Edward's,2025-07-01,4,0,8,7
St George's,2025-07-01,2,0,4,1
St Giles,2025-07-01,5,0,9,10
St Helier,2025-07-01,1,0,2,1
St Helier East,2025-07-01,1,0,2,1
St Helier West,2025-07-01,5,2,8,3
St James,2025-07-01,9,7,11,4
St James's,2025-07-01,36,25,47,33
St Katharine's & Wapping,2025-07-01,10,6,14,9
St Margarets & North Twickenham,2025-07-01,2,0,4,3
St Mark's & Seething Wells,2025-07-01,2,1,3,2
St Martin's,2025-07-01,6,1,11,4
St Mary Cray,2025-07-01,6,3,8,3
St Mary's,2025-07-01,12,4,20,6
St Mary's & St James,2025-07-01,3,0,6,3
St Mary's & St James',2025-07-01,6,0,12,15
St Pancras & Somers Town,2025-07-01,4,0,8,10
St Paul's Cray,2025-07-01,15,10,20,6
St Peter's & Canalside,2025-07-01,8,2,14,5
St. Helen's,2025-07-01,7,5,9,2
Stamford Hill West,2025-07-01,3,1,5,3
Stanley,2025-07-01,8,2,14,13
Stanmore,2025-07-01,5,0,10,8
Stepney Green,2025-07-01,5,2,8,6
Stockwell East,2025-07-01,5,3,7,5
Stockwell West & Larkhall,2025-07-01,6,0,12,6
Stoke Newington,2025-07-01,2,0,4,3
Stonebridge,2025-07-01,17,12,22,8
Stonecot,2025-07-01,3,1,5,3
Stratford,2025-07-01,16,5,27,24
Streatham Common & Vale,2025-07-01,10,5,15,5
Streatham Hill East,2025-07-01,2,0,4,2
Streatham Hill West & Thornton,2025-07-01,6,3,9,6
Streatham St Leonard's,2025-07-01,11,7,15,9
Streatham Wells,2025-07-01,2,1,3,2
Stroud Green,2025-07-01,7,4,10,7
Sudbury,2025-07-01,2,1,3,2
Surbiton Hill,2025-07-01,5,3,7,5
Surrey Docks,2025-07-01,5,3,7,5
Sutton Central,2025-07-01,6,4,8,6
Sutton North,2025-07-01,3,1,5,3
Sutton South,2025-07-01,2,0,4,4
Sutton West & East Cheam,2025-07-01,3,0,6,8
Sydenham,2025-07-01,4,0,7,4
Syon & Brentford Lock,2025-07-01,9,3,15,8
Teddington,2025-07-01,4,3,5,4
Telegraph Hill,2025-07-01,3,0,6,3
Thames View,2025-07-01,1,0,2,1
Thamesfield,2025-07-01,9,2,16,6
Thamesmead East,2025-07-01,3,0,6,3
Thamesmead Moorings,2025-07-01,3,1,5,3
The Wrythe,2025-07-01,2,0,4,2
Thornton Heath,2025-07-01,5,3,7,6
Tokyngton,2025-07-01,2,0,4,2
Tollington,2025-07-01,18,12,24,13
Tolworth,2025-07-01,5,2,8,5
Tooting Bec,2025-07-01,7,3,10,7
Tooting Broadway,2025-07-01,5,2,8,5
Tottenham Central,2025-07-01,6,3,9,6
Tottenham Hale,2025-07-01,8,6,10,8
Totteridge & Woodside,2025-07-01,12,6,18,11
Town,2025-07-01,7,3,11,7
Trinity,2025-07-01,5,2,8,6
Tudor,2025-07-01,3,2,5,3
Tufnell Park,2025-07-01,5,1,9,6
Twickenham Riverside,2025-07-01,5,1,9,7
Underhill,2025-07-01,2,0,4,2
Upminster,2025-07-01,5,3,7,4
Upper Edmonton,2025-07-01,6,0,12,6
Upper Walthamstow,2025-07-01,4,1,7,4
Uxbridge,2025-07-01,9,5,13,12
Valence,2025-07-01,3,0,6,3
Valentines,2025-07-01,5,2,8,4
Valley,2025-07-01,13,10,16,5
Vauxhall,2025-07-01,7,4,10,7
Victoria,2025-07-01,5,3,7,5
Village,2025-07-01,7,0,14,7
Vincent Square,2025-07-01,8,6,10,3
Waddon,2025-07-01,7,3,11,7
Walham Green,2025-07-01,5,0,10,4
Wall End,2025-07-01,3,1,5,5
Wallington North,2025-07-01,3,2,4,3
Wallington South,2025-07-01,6,2,10,3
Walpole,2025-07-01,6,0,12,5
Wandle,2025-07-01,5,2,8,5
Wandsworth Common,2025-07-01,2,0,4,2
Wandsworth Town,2025-07-01,8,4,12,4
Wanstead Park,2025-07-01,1,0,2,1
Wanstead Village,2025-07-01,4,0,8,4
Waterloo & South Bank,2025-07-01,16,10,22,15
Wealdstone North,2025-07-01,4,2,5,4
Wealdstone South,2025-07-01,10,6,14,7
Weavers,2025-07-01,12,2,22,8
Welsh Harp,2025-07-01,9,4,14,13
Wembley Central,2025-07-01,5,2,8,4
Wembley Hill,2025-07-01,6,4,8,5
Wembley Park,2025-07-01,4,3,5,5
Wendell Park,2025-07-01,1,1,1,1
West Barnes,2025-07-01,1,0,2,3
West Drayton,2025-07-01,10,4,16,5
West Dulwich,2025-07-01,4,2,6,4
West End,2025-07-01,47,20,74,66
West Finchley,2025-07-01,13,5,21,7
West Green,2025-07-01,3,0,6,7
West Ham,2025-07-01,4,1,7,5
West Hampstead,2025-07-01,11,6,16,12
West Harrow,2025-07-01,2,1,3,2
West Heath,2025-07-01,3,1,5,5
West Hendon,2025-07-01,11,6,16,9
West Hill,2025-07-01,5,3,7,4
West Kensington,2025-07-01,7,5,9,5
West Putney,2025-07-01,3,0,6,6
West Thamesmead,2025-07-01,1,0,2,3
West Thornton,2025-07-01,12,5,19,9
West Twickenham,2025-07-01,4,1,7,1
West Wickham,2025-07-01,2,0,4,3
Westbourne,2025-07-01,12,9,15,6
Whalebone,2025-07-01,5,2,8,3
Whetstone,2025-07-01,5,2,8,5
White City,2025-07-01,4,1,7,1
White Hart Lane,2025-07-01,7,4,10,4
Whitechapel,2025-07-01,10,0,19,14
Whitewebbs,2025-07-01,6,3,9,5
Whitton,2025-07-01,2,1,3,2
Willesden Green,2025-07-01,15,11,19,7
William Morris,2025-07-01,9,5,13,3
Wimbledon Park,2025-07-01,5,2,8,6
Wimbledon Town & Dundonald,2025-07-01,1,0,2,1
Winchmore Hill,2025-07-01,8,5,12,6
Wood End,2025-07-01,9,6,12,12
Wood Street,2025-07-01,4,1,7,5
Woodberry Down,2025-07-01,6,1,12,3
Woodhouse,2025-07-01,3,0,6,4
Woodside,2025-07-01,15,12,18,9
Woolwich Arsenal,2025-07-01,4,0,8,5
Woolwich Common,2025-07-01,2,0,4,2
Woolwich Dockyard,2025-07-01,4,1,8,4
Worcester Park North,2025-07-01,2,0,4,1
Worcester Park South,2025-07-01,1,0,2,1
Wormholt,2025-07-01,3,2,4,3
Yeading,2025-07-01,8,4,11,5
Yiewsley,2025-07-01,5,1,9,5
Abbey,2025-08-01,7,3,11,6
Abbey Road,2025-08-01,10,6,14,10
Abbey Wood,2025-08-01,10,5,15,7
Abingdon,2025-08-01,3,1,5,5
Addiscombe East,2025-08-01,4,0,8,4
Addiscombe West,2025-08-01,3,0,6,3
Addison,2025-08-01,5,2,8,6
Aldborough,2025-08-01,10,8,12,7
Alexandra,2025-08-01,2,1,3,2
Alexandra Park,2025-08-01,1,0,2,2
Alibon,2025-08-01,4,2,6,4
Alperton,2025-08-01,4,0,8,4
Arnos Grove,2025-08-01,6,3,9,8
Arsenal,2025-08-01,6,3,9,5
Avonmore,2025-08-01,6,3,9,6
Balham,2025-08-01,14,8,20,13
Barking Riverside,2025-08-01,2,0,4,2
Barkingside,2025-08-01,9,4,14,5
Barnehurst,2025-08-01,5,3,7,3
Barnes,2025-08-01,3,1,5,3
Barnet Vale,2025-08-01,4,0,8,7
Barnhill,2025-08-01,5,3,7,4
Barnsbury,2025-08-01,7,5,9,5
Battersea Park,2025-08-01,13,9,17,10
Bayswater,2025-08-01,23,14,32,16
Beam,2025-08-01,3,1,5,3
Beam Park,2025-08-01,9,7,11,5
Beckenham Town & Copers Cope,2025-08-01,9,3,15,6
Beckton,2025-08-01,6,1,11,8
Becontree,2025-08-01,2,1,3,1
Beddington,2025-08-01,4,3,5,4
Bedfont,2025-08-01,5,2,7,4
Bellingham,2025-08-01,5,3,7,1
Belmont,2025-08-01,7,5,9,8
Belmont,2025-08-01,6,1,12,6
Belmore,2025-08-01,6,0,12,5
Belsize,2025-08-01,16,11,21,13
Belvedere,2025-08-01,5,4,6,5
Bensham Manor,2025-08-01,5,1,9,6
Berrylands,2025-08-01,3,0,6,6
Bethnal Green East,2025-08-01,13,5,21,12
Bethnal Green West,2025-08-01,19,6,32,21
Bexleyheath,2025-08-01,3,0,6,3
Bickley & Sundridge,2025-08-01,5,0,10,7
Biggin Hill,2025-08-01,3,2,4,4
Blackfen & Lamorbey,2025-08-01,3,2,4,3
Blackheath,2025-08-01,12,8,16,9
Blackheath Westcombe,2025-08-01,4,1,7,4
Blackwall & Cubitt Town,2025-08-01,7,3,10,7
Blendon & Penhill,2025-08-01,2,1,3,2
Bloomsbury,2025-08-01,20,8,33,21
Boleyn,2025-08-01,6,2,10,7
Borough & Bankside,2025-08-01,19,9,29,29
Bounds Green,2025-08-01,2,0,4,1
Bow East,2025-08-01,14,4,24,15
Bow West,2025-08-01,5,1,9,7
Bowes,2025-08-01,2,0,4,2
Brentford East,2025-08-01,4,0,8,5
Brentford West,2025-08-01,4,2,5,3
Bridge,2025-08-01,5,4,6,4
Brimsdown,2025-08-01,8,5,11,11
Brixton Acre Lane,2025-08-01,8,4,12,9
Brixton North,2025-08-01,15,9,21,9
Brixton Rush Common,2025-08-01,2,0,4,1
Brixton Windrush,2025-08-01,11,6,16,5
Broad Green,2025-08-01,10,7,13,11
Brockley,2025-08-01,12,0,24,24
Bromley Common & Holwood,2025-08-01,3,1,4,3
Bromley North,2025-08-01,10,5,15,3
Bromley South,2025-08-01,3,1,5,3
Bromley Town,2025-08-01,6,5,7,9
Brompton & Hans Town,2025-08-01,9,4,13,9
Brondesbury Park,2025-08-01,9,3,14,7
Brook Green,2025-08-01,6,2,10,8
Brownswood,2025-08-01,8,5,12,6
Bruce Castle,2025-08-01,4,2,6,4
Brunswick Park,2025-08-01,9,2,16,4
Bullsmoor,2025-08-01,4,3,6,4
Bunhill,2025-08-01,11,0,22,13
Burnt Oak,2025-08-01,8,0,16,8
Bush Hill Park,2025-08-01,9,6,12,6
Caledonian,2025-08-01,8,5,11,8
Camberwell Green,2025-08-01,2,0,4,3
Camden Square,2025-08-01,5,2,7,5
Camden Town,2025-08-01,4,2,6,6
Campden,2025-08-01,6,5,7,6
Canary Wharf,2025-08-01,13,6,20,9
Canbury Gardens,2025-08-01,3,2,4,2
Cann Hall,2025-08-01,9,6,12,10
Canning Town North,2025-08-01,9,4,14,10
Canning Town South,2025-08-01,4,0,8,4
Cannon Hill,2025-08-01,1,1,1,1
Canonbury,2025-08-01,4,1,7,3
Canons,2025-08-01,4,3,5,4
Carshalton Central,2025-08-01,7,3,10,4
Carshalton South & Clockhouse,2025-08-01,4,2,6,4
Carterhatch,2025-08-01,7,4,10,4
Catford South,2025-08-01,5,2,8,5
Cathall,2025-08-01,15,12,18,5
Cazenove,2025-08-01,5,2,8,2
Centenary,2025-08-01,3,0,6,5
Central Greenford,2025-08-01,6,0,12,4
Chadwell,2025-08-01,2,0,4,4
Chadwell Heath,2025-08-01,2,0,5,7
Champion Hill,2025-08-01,1,0,2,2
Chapel End,2025-08-01,4,2,5,4
Charlton Hornfair,2025-08-01,3,3,3,3
Charlton Village & Riverside,2025-08-01,3,2,3,3
Charville,2025-08-01,1,0,2,1
Chaucer,2025-08-01,12,6,18,13
Cheam,2025-08-01,18,14,22,1
Chelsea Riverside,2025-08-01,4,1,7,4
Chelsfield,2025-08-01,4,3,5,3
Chessington South & Malden Rushett,2025-08-01,1,0,2,1
Childs Hill,2025-08-01,10,4,17,14
Chingford Green,2025-08-01,4,2,6,6
Chislehurst,2025-08-01,6,2,10,6
Chiswick Gunnersbury,2025-08-01,8,5,11,8
Chiswick Homefields,2025-08-01,4,1,7,4
Chiswick Riverside,2025-08-01,4,2,6,4
Church Street,2025-08-01,10,6,13,8
Churchfields,2025-08-01,9,3,15,9
Clapham Common & Abbeville,2025-08-01,9,5,13,7
Clapham East,2025-08-01,6,0,12,4
Clapham Park,2025-08-01,3,1,5,2
Clapham Town,2025-08-01,9,4,14,12
Clayhall,2025-08-01,4,3,5,4
Clementswood,2025-08-01,2,0,4,2
Clerkenwell,2025-08-01,7,1,13,4
Clissold,2025-08-01,5,0,10,3
Clock House,2025-08-01,3,0,6,4
Cockfosters,2025-08-01,6,3,9,6
Colham & Cowley,2025-08-01,7,2,12,4
Colindale North,2025-08-01,5,3,6,5
Colindale South,2025-08-01,7,4,10,7
College Park & Old Oak,2025-08-01,8,7,10,8
Colliers Wood,2025-08-01,5,1,9,3
Colville,2025-08-01,9,3,15,12
Coningham,2025-08-01,8,5,11,7
Coombe Hill,2025-08-01,1,0,2,1
Coombe Vale,2025-08-01,2,1,4,3
Coulsdon Town,2025-08-01,2,1,3,2
Courtfield,2025-08-01,6,0,12,4
Cranbrook,2025-08-01,5,1,10,9
Cranford,2025-08-01,4,2,6,4
Cranham,2025-08-01,2,0,4,2
Crayford,2025-08-01,4,3,5,4
Cricket Green,2025-08-01,13,9,17,4
Cricklewood,2025-08-01,7,3,12,7
Cricklewood & Mapesbury,2025-08-01,7,4,10,10
Crofton Park,2025-08-01,8,4,12,4
Crook Log,2025-08-01,3,1,5,3
Crouch End,2025-08-01,10,4,16,13
Crystal Palace & Anerley,2025-08-01,3,0,6,3
Crystal Palace & Upper Norwood,2025-08-01,9,6,12,9
Custom House,2025-08-01,4,2,6,6
Dalgarno,2025-08-01,4,2,6,3
Dalston,2025-08-01,8,3,12,5
Darwin,2025-08-01,2,1,3,2
De Beauvoir,2025-08-01,9,2,16,6
Deptford,2025-08-01,15,4,26,15
Dollis Hill,2025-08-01,9,4,14,14
Dormers Wells,2025-08-01,4,3,5,4
Downham,2025-08-01,4,0,8,5
Dulwich Hill,2025-08-01,2,0,5,5
Dulwich Village,2025-08-01,4,3,5,4
Dulwich Wood,2025-08-01,5,3,7,4
Ealing Broadway,2025-08-01,6,3,9,7
Ealing Common,2025-08-01,4,1,7,7
Earl's Court,2025-08-01,8,1,15,11
East Acton,2025-08-01,4,0,8,4
East Barnet,2025-08-01,4,2,6,5
East Finchley,2025-08-01,5,1,9,5
East Greenwich,2025-08-01,7,3,11,6
East Ham,2025-08-01,16,11,21,13
East Ham South,2025-08-01,7,6,8,5
East Putney,2025-08-01,6,3,9,7
East Sheen,2025-08-01,7,1,13,3
East Wickham,2025-08-01,3,1,5,5
Eastbrook & Rush Green,2025-08-01,1,0,2,1
Eastbury,2025-08-01,6,0,12,5
Eastcote,2025-08-01,4,2,6,6
Edgware,2025-08-01,7,0,14,13
Edgwarebury,2025-08-01,6,3,9,5
Edmonton Green,2025-08-01,10,3,16,10
Elm Park,2025-08-01,4,2,6,3
Eltham Page,2025-08-01,3,2,5,3
Eltham Park & Progress,2025-08-01,2,0,4,2
Eltham Town & Avery Hill,2025-08-01,4,0,8,6
Emerson Park,2025-08-01,1,0,2,1
Endlebury,2025-08-01,3,2,4,3
Enfield Lock,2025-08-01,7,3,11,4
Erith,2025-08-01,2,0,4,2
Evelyn,2025-08-01,5,3,7,5
Fairfield,2025-08-01,24,20,28,14
Fairlop,2025-08-01,2,1,3,2
Falconbrook,2025-08-01,6,3,9,4
Falconwood & Welling,2025-08-01,3,0,6,4
Faraday,2025-08-01,12,5,19,13
Farnborough & Crofton,2025-08-01,6,4,8,4
Feltham North,2025-08-01,4,1,7,4
Feltham West,2025-08-01,4,1,8,7
Figge's Marsh,2025-08-01,1,0,2,3
Finchley Church End,2025-08-01,13,7,19,10
Finsbury Park,2025-08-01,15,7,23,11
Forest,2025-08-01,9,4,14,5
Forest Gate North,2025-08-01,3,2,4,4
Forest Gate South,2025-08-01,13,9,17,8
Forest Hill,2025-08-01,5,2,8,6
Fortis Green,2025-08-01,7,2,11,4
Fortune Green,2025-08-01,8,5,11,12
Friern Barnet,2025-08-01,10,4,16,12
Frognal,2025-08-01,3,0,6,4
Fulham Reach,2025-08-01,6,4,8,6
Fulham Town,2025-08-01,5,2,9,8
Fullwell,2025-08-01,8,3,14,4
Fulwell & Hampton Hill,2025-08-01,2,0,4,2
Furzedown,2025-08-01,4,3,5,6
Garden Suburb,2025-08-01,11,7,15,7
Gascoigne,2025-08-01,4,1,7,3
Gipsy Hill,2025-08-01,3,0,6,6
Golborne,2025-08-01,4,0,8,9
Golders Green,2025-08-01,9,7,11,9
Goodmayes,2025-08-01,4,0,8,9
Goose Green,2025-08-01,5,0,10,8
Gooshays,2025-08-01,3,0,6,3
Goresbrook,2025-08-01,2,0,4,2
Gospel Oak,2025-08-01,12,8,16,7
Grange Park,2025-08-01,3,0,6,4
Graveney,2025-08-01,3,1,4,3
Green Lane & St James,2025-08-01,2,1,2,2
Green Street East,2025-08-01,8,5,11,5
Green Street West,2025-08-01,7,5,9,4
Greenford Broadway,2025-08-01,8,4,12,3
Greenhill,2025-08-01,7,3,11,7
Greenwich Creekside,2025-08-01,4,2,6,4
Greenwich Park,2025-08-01,4,1,7,7
Greenwich Peninsula,2025-08-01,9,3,15,12
Grove,2025-08-01,6,3,9,6
Grove Green,2025-08-01,4,1,7,7
Grove Park,2025-08-01,4,2,6,2
Hackbridge,2025-08-01,2,1,3,2
Hackney Central,2025-08-01,8,5,11,11
Hackney Downs,2025-08-01,5,0,10,10
Hackney Wick,2025-08-01,3,0,7,5
Hacton,2025-08-01,3,2,4,3
Haggerston,2025-08-01,9,4,14,4
Hainault,2025-08-01,7,3,11,1
Hale End & Highams Park South,2025-08-01,2,0,3,2
"Ham, Petersham & Richmond Riverside",2025-08-01,4,3,5,4
Hammersmith Broadway,2025-08-01,5,3,7,3
Hampstead Town,2025-08-01,3,1,5,3
Hampton,2025-08-01,2,0,4,3
Hampton North,2025-08-01,3,0,6,1
Hampton Wick & South Teddington,2025-08-01,6,0,11,4
Hanger Hill,2025-08-01,5,2,8,6
Hanwell Broadway,2025-08-01,8,2,14,8
Hanworth Park,2025-08-01,6,4,8,6
Hanworth Village,2025-08-01,3,0,6,6
Harefield Village,2025-08-01,1,0,2,3
Harlesden & Kensal Green,2025-08-01,10,2,18,10
Harold Wood,2025-08-01,6,2,10,8
Harringay,2025-08-01,4,0,8,4
Harrow Road,2025-08-01,8,6,11,5
Harrow Weald,2025-08-01,9,5,13,7
Harrow on the Hill,2025-08-01,2,0,3,2
Haselbury,2025-08-01,5,0,9,10
Hatch End,2025-08-01,3,1,5,3
Hatch Lane & Highams Park North,2025-08-01,5,3,7,3
Havering-atte-Bower,2025-08-01,4,1,7,4
Haverstock,2025-08-01,10,4,16,10
Hayes & Coney Hall,2025-08-01,4,2,6,3
Hayes Town,2025-08-01,6,0,12,10
Headstone,2025-08-01,8,4,12,6
Heath,2025-08-01,1,0,2,1
Heathfield,2025-08-01,2,0,4,2
Heathrow Villages,2025-08-01,11,8,14,9
Heaton,2025-08-01,5,0,10,4
Hendon,2025-08-01,12,8,16,13
Hermitage & Gardens,2025-08-01,2,1,4,3
Herne Hill & Loughborough Junction,2025-08-01,12,7,17,9
Heston Central,2025-08-01,5,1,9,7
Heston East,2025-08-01,3,0,6,3
Heston West,2025-08-01,4,0,8,6
High Barnet,2025-08-01,4,2,6,3
High Street,2025-08-01,11,4,18,13
Higham Hill,2025-08-01,6,3,8,4
Highbury,2025-08-01,7,5,9,7
Highfield,2025-08-01,6,4,8,8
Highgate,2025-08-01,19,10,28,17
Hillingdon East,2025-08-01,3,2,4,3
Hillingdon West,2025-08-01,4,3,5,4
Hillrise,2025-08-01,10,5,15,6
Hillside,2025-08-01,3,1,5,5
Hither Green,2025-08-01,8,6,10,6
Hoe Street,2025-08-01,15,8,22,10
Holborn & Covent Garden,2025-08-01,26,20,32,24
Holland,2025-08-01,8,6,10,5
Holloway,2025-08-01,10,3,16,15
Homerton,2025-08-01,9,3,15,14
Hook & Chessington North,2025-08-01,2,1,3,2
Hornsey,2025-08-01,7,5,9,5
Hounslow Central,2025-08-01,6,4,8,6
Hounslow East,2025-08-01,5,3,7,5
Hounslow Heath,2025-08-01,9,4,14,2
Hounslow South,2025-08-01,2,1,3,2
Hounslow West,2025-08-01,4,1,7,3
Hoxton East & Shoreditch,2025-08-01,10,2,18,21
Hoxton West,2025-08-01,10,1,19,5
Hyde Park,2025-08-01,8,4,12,13
Hylands & Harrow Lodge,2025-08-01,4,1,7,6
Ickenham & South Harefield,2025-08-01,1,0,2,2
Ilford Town,2025-08-01,7,4,10,10
Island Gardens,2025-08-01,4,2,6,3
Isleworth,2025-08-01,1,0,2,2
Jubilee,2025-08-01,4,0,8,7
Junction,2025-08-01,11,5,17,12
Kelsey & Eden Park,2025-08-01,7,4,10,6
Kenley,2025-08-01,2,0,4,1
Kennington,2025-08-01,7,2,12,5
Kentish Town North,2025-08-01,6,2,9,3
Kentish Town South,2025-08-01,6,1,11,6
Kenton,2025-08-01,8,5,11,8
Kenton East,2025-08-01,3,0,6,5
Kenton West,2025-08-01,2,1,3,2
Kew,2025-08-01,5,0,10,1
Kidbrooke Park,2025-08-01,7,5,9,3
Kidbrooke Village & Sutcliffe,2025-08-01,7,4,10,6
Kilburn,2025-08-01,27,7,47,21
King George's & Sunray,2025-08-01,2,2,2,2
King's Cross,2025-08-01,10,6,14,10
King's Park,2025-08-01,1,0,2,1
Kingsbury,2025-08-01,6,3,8,6
Kingston Gate,2025-08-01,2,0,4,4
Kingston Town,2025-08-01,6,4,8,4
Knight's Hill,2025-08-01,2,0,4,4
Knightsbridge & Belgravia,2025-08-01,10,3,17,14
Lady Margaret,2025-08-01,3,1,5,3
Ladywell,2025-08-01,3,0,6,3
Lancaster Gate,2025-08-01,11,1,22,23
Lansbury,2025-08-01,13,2,24,14
Larkswood,2025-08-01,4,0,8,8
Lavender,2025-08-01,8,1,15,9
Lavender Fields,2025-08-01,6,2,9,5
Laycock,2025-08-01,11,3,19,13
Lea Bridge,2025-08-01,31,19,43,19
Lee Green,2025-08-01,2,0,4,2
Lewisham Central,2025-08-01,4,0,8,3
Leyton,2025-08-01,7,0,14,17
Leytonstone,2025-08-01,11,8,14,9
Lillie,2025-08-01,3,2,4,4
Limehouse,2025-08-01,4,3,5,4
Little Ilford,2025-08-01,6,4,8,7
Little Venice,2025-08-01,5,3,7,6
London Bridge & West Bermondsey,2025-08-01,16,11,21,14
London Fields,2025-08-01,7,2,12,8
Longbridge,2025-08-01,3,2,4,3
Longlands,2025-08-01,1,0,2,1
Longthornton,2025-08-01,6,3,9,7
Lower Edmonton,2025-08-01,7,4,10,9
Lower Morden,2025-08-01,3,2,4,3
Loxford,2025-08-01,7,4,10,11
Maida Vale,2025-08-01,11,6,16,12
Manor Park,2025-08-01,11,4,18,10
Markhouse,2025-08-01,2,0,4,4
Marlborough,2025-08-01,2,0,5,6
Marshalls & Rise Park,2025-08-01,3,0,6,3
Maryland,2025-08-01,10,6,14,3
Marylebone,2025-08-01,46,24,68,55
Mawneys,2025-08-01,8,5,11,8
Mayesbrook,2025-08-01,1,0,2,3
Mayfield,2025-08-01,6,4,8,6
Merton Park,2025-08-01,3,2,4,3
Middle Park & Horn Park,2025-08-01,2,1,3,2
Mildmay,2025-08-01,3,0,7,5
Mile End,2025-08-01,11,7,15,12
Mill Hill,2025-08-01,5,0,10,8
Monkhams,2025-08-01,3,2,5,3
Mortlake & Barnes Common,2025-08-01,10,2,18,5
Motspur Park & Old Malden East,2025-08-01,1,0,2,3
Mottingham,2025-08-01,4,3,6,5
"Mottingham, Coldharbour & New Eltham",2025-08-01,1,0,2,1
Munster,2025-08-01,9,6,12,9
Muswell Hill,2025-08-01,2,0,4,4
Myatt's Fields,2025-08-01,5,2,8,1
New Addington North,2025-08-01,2,1,3,2
New Addington South,2025-08-01,4,3,5,4
New Cross Gate,2025-08-01,9,6,12,4
New Malden Village,2025-08-01,4,2,6,4
New Southgate,2025-08-01,6,4,8,4
Newbury,2025-08-01,6,0,12,8
Newington,2025-08-01,9,5,14,7
Nine Elms,2025-08-01,8,5,11,8
Noel Park,2025-08-01,8,6,10,9
Norbiton,2025-08-01,3,0,6,3
Norbury & Pollards Hill,2025-08-01,12,8,16,10
Norbury Park,2025-08-01,1,0,2,1
Norland,2025-08-01,4,1,7,2
North Acton,2025-08-01,10,6,14,11
North Bermondsey,2025-08-01,12,7,17,11
North Cheam,2025-08-01,1,0,2,1
North Greenford,2025-08-01,13,7,19,6
North Hanwell,2025-08-01,5,2,8,5
North Harrow,2025-08-01,3,3,3,3
North Richmond,2025-08-01,2,1,3,2
North Walworth,2025-08-01,15,10,20,9
Northbury,2025-08-01,7,3,11,7
Northcote,2025-08-01,3,1,5,3
Northfield,2025-08-01,4,2,6,6
Northolt Mandeville,2025-08-01,3,0,6,5
Northolt West End,2025-08-01,4,2,6,4
Northumberland Heath,2025-08-01,2,1,2,2
Northumberland Park,2025-08-01,11,6,15,13
Northwick Park,2025-08-01,2,0,4,2
Northwood,2025-08-01,4,0,8,4
Northwood Hills,2025-08-01,7,3,11,8
Norwood Green,2025-08-01,6,2,10,6
Notting Dale,2025-08-01,5,4,6,5
Nunhead & Queen's Road,2025-08-01,8,5,12,6
Oakwood,2025-08-01,2,1,3,2
Old Coulsdon,2025-08-01,3,2,4,3
Old Kent Road,2025-08-01,7,4,10,7
Old Malden,2025-08-01,2,1,2,2
Orpington,2025-08-01,3,0,6,2
Osterley & Spring Grove,2025-08-01,5,1,9,7
Oval,2025-08-01,3,0,6,6
Palace & Hurlingham,2025-08-01,9,5,13,2
Palmers Green,2025-08-01,5,1,10,6
Park Hill & Whitgift,2025-08-01,11,4,18,11
Parsloes,2025-08-01,3,1,5,4
Parsons Green & Sandford,2025-08-01,4,3,5,2
Peckham,2025-08-01,4,0,8,5
Peckham Rye,2025-08-01,5,3,7,3
Pembridge,2025-08-01,9,4,14,9
Penge & Cator,2025-08-01,7,5,9,7
Perivale,2025-08-01,6,1,11,6
Perry Vale,2025-08-01,7,3,10,6
Petts Wood & Knoll,2025-08-01,5,3,7,6
Pimlico North,2025-08-01,7,3,11,10
Pimlico South,2025-08-01,4,0,8,3
Pinkwell,2025-08-01,22,15,29,9
Pinner,2025-08-01,5,3,7,7
Pinner South,2025-08-01,8,4,12,7
Pitshanger,2025-08-01,8,4,11,5
Plaistow,2025-08-01,3,0,6,3
Plaistow North,2025-08-01,7,4,9,7
Plaistow South,2025-08-01,4,1,7,4
Plaistow West & Canning Town East,2025-08-01,8,5,11,8
Plashet,2025-08-01,2,1,3,1
Plumstead & Glyndon,2025-08-01,7,5,9,7
Plumstead Common,2025-08-01,9,4,14,9
Pollards Hill,2025-08-01,2,0,4,2
Ponders End,2025-08-01,12,7,17,14
Poplar,2025-08-01,3,2,4,3
Preston,2025-08-01,2,1,3,2
Primrose Hill,2025-08-01,7,1,13,7
Purley & Woodcote,2025-08-01,9,3,15,7
Purley Oaks & Riddlesdown,2025-08-01,3,1,5,3
Queen's Gate,2025-08-01,5,2,8,5
Queen's Park,2025-08-01,6,1,11,10
Queens Park,2025-08-01,10,5,15,9
Queensbury,2025-08-01,4,2,6,6
Rainham & Wennington,2025-08-01,5,4,6,5
Ravensbury,2025-08-01,3,0,6,3
Ravenscourt,2025-08-01,1,0,3,9
Rayners Lane,2025-08-01,3,2,4,3
Raynes Park,2025-08-01,12,8,16,3
Redcliffe,2025-08-01,6,1,11,7
Regent's Park,2025-08-01,18,13,23,18
Ridgeway,2025-08-01,5,3,7,5
Roehampton,2025-08-01,8,6,10,6
Rotherhithe,2025-08-01,6,1,11,10
Roundwood,2025-08-01,5,0,10,15
Roxbourne,2025-08-01,3,0,6,3
Roxeth,2025-08-01,5,3,7,6
Royal Albert,2025-08-01,3,0,6,1
Royal Hospital,2025-08-01,5,3,7,3
Royal Victoria,2025-08-01,5,2,8,5
Ruislip,2025-08-01,5,1,10,9
Ruislip Manor,2025-08-01,2,1,3,3
Rush Green & Crowlands,2025-08-01,7,1,13,4
Rushey Green,2025-08-01,9,0,18,16
Rye Lane,2025-08-01,10,3,17,15
Sanderstead,2025-08-01,8,5,11,3
Sands End,2025-08-01,2,0,4,3
Selhurst,2025-08-01,7,0,14,8
Selsdon & Addington Village,2025-08-01,3,2,5,3
Selsdon Vale & Forestdale,2025-08-01,6,3,10,5
Seven Kings,2025-08-01,7,3,12,9
Seven Sisters,2025-08-01,13,11,15,6
Shacklewell,2025-08-01,5,3,7,5
Shadwell,2025-08-01,3,0,6,7
Shaftesbury & Queenstown,2025-08-01,3,0,6,9
Shepherd's Bush Green,2025-08-01,7,4,10,9
Shirley North,2025-08-01,3,2,4,3
Shirley South,2025-08-01,3,2,4,3
Shooters Hill,2025-08-01,4,3,5,4
Shortlands & Park Langley,2025-08-01,4,2,6,4
Sidcup,2025-08-01,7,5,9,6
Slade Green & Northend,2025-08-01,7,4,10,3
South Acton,2025-08-01,5,0,10,4
South Balham,2025-08-01,3,2,4,3
South Beddington & Roundshaw,2025-08-01,4,3,5,4
South Bermondsey,2025-08-01,9,5,13,11
South Croydon,2025-08-01,6,1,11,5
South Hampstead,2025-08-01,12,6,18,6
South Hornchurch,2025-08-01,3,2,4,2
South Norwood,2025-08-01,3,0,6,4
South Richmond,2025-08-01,7,4,10,5
South Ruislip,2025-08-01,5,0,10,6
South Tottenham,2025-08-01,5,1,9,9
South Twickenham,2025-08-01,4,2,5,4
South Woodford,2025-08-01,5,1,9,5
Southall Broadway,2025-08-01,8,6,10,8
Southall Green,2025-08-01,6,0,12,7
Southall West,2025-08-01,3,2,4,3
Southbury,2025-08-01,10,7,13,8
Southfield,2025-08-01,4,1,7,4
Southfields,2025-08-01,2,1,3,1
Southgate,2025-08-01,7,3,11,7
Spitalfields & Banglatown,2025-08-01,14,7,21,14
Springfield,2025-08-01,12,8,16,5
Squirrels Heath,2025-08-01,2,0,4,2
St Alban's,2025-08-01,1,0,2,2
St Andrew's,2025-08-01,3,2,4,3
St Ann's,2025-08-01,5,3,7,4
St Dunstan's,2025-08-01,7,4,10,7
St Edward's,2025-08-01,4,0,8,4
St George's,2025-08-01,1,0,2,2
St Giles,2025-08-01,4,0,8,5
St Helier,2025-08-01,1,0,2,1
St Helier East,2025-08-01,1,1,1,1
St Helier West,2025-08-01,5,2,8,5
St James,2025-08-01,3,0,6,9
St James's,2025-08-01,22,12,32,36
St Katharine's & Wapping,2025-08-01,11,8,14,10
St Margarets & North Twickenham,2025-08-01,2,0,4,2
St Mark's & Seething Wells,2025-08-01,2,1,3,2
St Martin's,2025-08-01,6,2,10,6
St Mary Cray,2025-08-01,6,3,9,6
St Mary's,2025-08-01,15,7,23,12
St Mary's & St James,2025-08-01,5,2,8,3
St Mary's & St James',2025-08-01,8,1,15,6
St Pancras & Somers Town,2025-08-01,9,3,15,4
St Paul's Cray,2025-08-01,6,0,12,15
St Peter's & Canalside,2025-08-01,8,2,14,8
St. Helen's,2025-08-01,3,0,5,7
Stamford Hill West,2025-08-01,3,1,5,3
Stanley,2025-08-01,4,0,8,8
Stanmore,2025-08-01,3,0,6,5
Stepney Green,2025-08-01,5,3,7,5
Stockwell East,2025-08-01,5,4,6,5
Stockwell West & Larkhall,2025-08-01,5,0,10,6
Stoke Newington,2025-08-01,6,3,9,2
Stonebridge,2025-08-01,10,1,19,17
Stonecot,2025-08-01,4,2,6,3
Stratford,2025-08-01,24,14,34,16
Streatham Common & Vale,2025-08-01,5,0,11,10
Streatham Hill East,2025-08-01,3,1,5,2
Streatham Hill West & Thornton,2025-08-01,6,4,8,6
Streatham St Leonard's,2025-08-01,10,5,15,11
Streatham Wells,2025-08-01,2,1,3,2
Stroud Green,2025-08-01,7,5,9,7
Sudbury,2025-08-01,2,1,3,2
Surbiton Hill,2025-08-01,3,2,4,5
Surrey Docks,2025-08-01,7,5,9,5
Sutton Central,2025-08-01,5,4,6,6
Sutton North,2025-08-01,3,1,5,3
Sutton South,2025-08-01,2,0,4,2
Sutton West & East Cheam,2025-08-01,3,0,6,3
Sydenham,2025-08-01,5,2,8,4
Syon & Brentford Lock,2025-08-01,4,0,8,9
Teddington,2025-08-01,4,3,5,4
Telegraph Hill,2025-08-01,5,3,7,3
Thames View,2025-08-01,1,0,2,1
Thamesfield,2025-08-01,10,5,15,9
Thamesmead East,2025-08-01,3,0,6,3
Thamesmead Moorings,2025-08-01,3,2,4,3
The Wrythe,2025-08-01,2,0,4,2
Thornton Heath,2025-08-01,5,3,7,5
Tokyngton,2025-08-01,2,1,4,2
Tollington,2025-08-01,18,12,24,18
Tolworth,2025-08-01,3,1,5,5
Tooting Bec,2025-08-01,7,4,9,7
Tooting Broadway,2025-08-01,5,2,8,5
Tottenham Central,2025-08-01,6,3,9,6
Tottenham Hale,2025-08-01,6,4,8,8
Totteridge & Woodside,2025-08-01,8,2,14,12
Town,2025-08-01,9,5,13,7
Trinity,2025-08-01,6,3,8,5
Tudor,2025-08-01,3,2,4,3
Tufnell Park,2025-08-01,7,4,10,5
Twickenham Riverside,2025-08-01,4,0,8,5
Underhill,2025-08-01,2,1,3,2
Upminster,2025-08-01,3,1,5,5
Upper Edmonton,2025-08-01,10,5,15,6
Upper Walthamstow,2025-08-01,4,2,6,4
Uxbridge,2025-08-01,13,8,18,9
Valence,2025-08-01,8,6,10,3
Valentines,2025-08-01,1,0,2,5
Valley,2025-08-01,7,0,13,13
Vauxhall,2025-08-01,10,8,12,7
Victoria,2025-08-01,8,7,9,5
Village,2025-08-01,7,3,11,7
Vincent Square,2025-08-01,4,0,8,8
Waddon,2025-08-01,12,10,14,7
Walham Green,2025-08-01,4,0,8,5
Wall End,2025-08-01,6,3,9,3
Wallington North,2025-08-01,3,2,4,3
Wallington South,2025-08-01,6,2,10,6
Walpole,2025-08-01,6,1,11,6
Wandle,2025-08-01,8,6,10,5
Wandsworth Common,2025-08-01,4,0,8,2
Wandsworth Town,2025-08-01,12,7,17,8
Wanstead Park,2025-08-01,2,0,4,1
Wanstead Village,2025-08-01,15,10,20,4
Waterloo & South Bank,2025-08-01,15,11,20,16
Wealdstone North,2025-08-01,5,4,6,4
Wealdstone South,2025-08-01,3,0,6,10
Weavers,2025-08-01,8,1,15,12
Welsh Harp,2025-08-01,9,4,14,9
Wembley Central,2025-08-01,3,1,5,5
Wembley Hill,2025-08-01,5,3,7,6
Wembley Park,2025-08-01,5,4,6,4
Wendell Park,2025-08-01,1,1,1,1
West Barnes,2025-08-01,12,8,16,1
West Drayton,2025-08-01,8,1,15,10
West Dulwich,2025-08-01,4,2,6,4
West End,2025-08-01,44,11,77,47
West Finchley,2025-08-01,14,7,21,13
West Green,2025-08-01,2,0,4,3
West Ham,2025-08-01,6,3,9,4
West Hampstead,2025-08-01,14,9,19,11
West Harrow,2025-08-01,2,1,3,2
West Heath,2025-08-01,3,1,5,3
West Hendon,2025-08-01,9,4,14,11
West Hill,2025-08-01,5,3,7,5
West Kensington,2025-08-01,7,4,10,7
West Putney,2025-08-01,5,2,8,3
West Thamesmead,2025-08-01,1,0,2,1
West Thornton,2025-08-01,12,6,18,12
West Twickenham,2025-08-01,3,0,6,4
West Wickham,2025-08-01,2,0,4,2
Westbourne,2025-08-01,8,3,13,12
Whalebone,2025-08-01,4,1,7,5
Whetstone,2025-08-01,4,2,6,5
White City,2025-08-01,1,0,2,4
White Hart Lane,2025-08-01,7,4,10,7
Whitechapel,2025-08-01,8,0,16,10
Whitewebbs,2025-08-01,4,1,7,6
Whitton,2025-08-01,3,2,4,2
Willesden Green,2025-08-01,10,2,18,15
William Morris,2025-08-01,6,2,10,9
Wimbledon Park,2025-08-01,6,4,8,5
Wimbledon Town & Dundonald,2025-08-01,1,0,2,1
Winchmore Hill,2025-08-01,5,1,9,8
Wood End,2025-08-01,5,0,10,9
Wood Street,2025-08-01,4,1,7,4
Woodberry Down,2025-08-01,7,3,11,6
Woodhouse,2025-08-01,3,0,6,3
Woodside,2025-08-01,12,6,18,15
Woolwich Arsenal,2025-08-01,8,4,12,4
Woolwich Common,2025-08-01,3,0,6,2
Woolwich Dockyard,2025-08-01,3,1,5,4
Worcester Park North,2025-08-01,1,0,2,2
Worcester Park South,2025-08-01,1,0,2,1
Wormholt,2025-08-01,3,2,4,3
Yeading,2025-08-01,4,1,7,8
Yiewsley,2025-08-01,18,15,21,5
Abbey,2025-09-01,6,3,9,7
Abbey Road,2025-09-01,8,4,12,10
Abbey Wood,2025-09-01,9,4,14,10
Abingdon,2025-09-01,4,2,6,3
Addiscombe East,2025-09-01,4,0,8,4
Addiscombe West,2025-09-01,8,3,13,3
Addison,2025-09-01,5,2,8,5
Aldborough,2025-09-01,7,4,10,10
Alexandra,2025-09-01,3,2,4,2
Alexandra Park,2025-09-01,1,0,2,1
Alibon,2025-09-01,6,5,7,4
Alperton,2025-09-01,3,0,6,4
Arnos Grove,2025-09-01,8,5,10,6
Arsenal,2025-09-01,12,9,15,6
Avonmore,2025-09-01,4,1,7,6
Balham,2025-09-01,9,5,13,14
Barking Riverside,2025-09-01,10,6,14,2
Barkingside,2025-09-01,6,0,12,9
Barnehurst,2025-09-01,3,1,5,5
Barnes,2025-09-01,5,3,7,3
Barnet Vale,2025-09-01,7,2,11,4
Barnhill,2025-09-01,6,4,8,5
Barnsbury,2025-09-01,5,3,8,7
Battersea Park,2025-09-01,10,5,15,13
Bayswater,2025-09-01,21,13,29,23
Beam,2025-09-01,4,2,6,3
Beam Park,2025-09-01,6,2,10,9
Beckenham Town & Copers Cope,2025-09-01,7,1,13,9
Beckton,2025-09-01,3,0,7,6
Becontree,2025-09-01,1,0,2,2
Beddington,2025-09-01,4,3,5,4
Bedfont,2025-09-01,5,3,7,5
Bellingham,2025-09-01,1,0,3,5
Belmont,2025-09-01,9,7,11,7
Belmont,2025-09-01,7,3,10,6
Belmore,2025-09-01,7,2,12,6
Belsize,2025-09-01,10,4,16,16
Belvedere,2025-09-01,5,4,6,5
Bensham Manor,2025-09-01,5,1,9,5
Berrylands,2025-09-01,3,0,6,3
Bethnal Green East,2025-09-01,16,10,22,13
Bethnal Green West,2025-09-01,20,10,30,19
Bexleyheath,2025-09-01,3,0,6,3
Bickley & Sundridge,2025-09-01,5,0,10,5
Biggin Hill,2025-09-01,4,2,5,3
Blackfen & Lamorbey,2025-09-01,3,2,4,3
Blackheath,2025-09-01,8,3,13,12
Blackheath Westcombe,2025-09-01,6,3,9,4
Blackwall & Cubitt Town,2025-09-01,12,9,15,7
Blendon & Penhill,2025-09-01,2,1,3,2
Bloomsbury,2025-09-01,14,5,23,20
Boleyn,2025-09-01,7,4,10,6
Borough & Bankside,2025-09-01,18,8,28,19
Bounds Green,2025-09-01,2,0,4,2
Bow East,2025-09-01,5,0,10,14
Bow West,2025-09-01,5,1,9,5
Bowes,2025-09-01,2,1,3,2
Brentford East,2025-09-01,4,0,8,4
Brentford West,2025-09-01,4,3,5,4
Bridge,2025-09-01,4,3,5,5
Brimsdown,2025-09-01,8,4,12,8
Brixton Acre Lane,2025-09-01,7,4,10,8
Brixton North,2025-09-01,9,2,15,15
Brixton Rush Common,2025-09-01,7,2,12,2
Brixton Windrush,2025-09-01,10,4,16,11
Broad Green,2025-09-01,10,7,13,10
Brockley,2025-09-01,9,0,18,12
Bromley Common & Holwood,2025-09-01,3,1,4,3
Bromley North,2025-09-01,3,0,6,10
Bromley South,2025-09-01,5,3,7,3
Bromley Town,2025-09-01,8,5,12,6
Brompton & Hans Town,2025-09-01,9,6,12,9
Brondesbury Park,2025-09-01,9,4,15,9
Brook Green,2025-09-01,7,4,10,6
Brownswood,2025-09-01,9,5,12,8
Bruce Castle,2025-09-01,4,2,6,4
Brunswick Park,2025-09-01,3,0,6,9
Bullsmoor,2025-09-01,6,4,8,4
Bunhill,2025-09-01,17,9,25,11
Burnt Oak,2025-09-01,17,9,25,8
Bush Hill Park,2025-09-01,6,2,11,9
Caledonian,2025-09-01,4,2,6,8
Camberwell Green,2025-09-01,9,6,12,2
Camden Square,2025-09-01,5,3,7,5
Camden Town,2025-09-01,6,2,9,4
Campden,2025-09-01,6,5,7,6
Canary Wharf,2025-09-01,14,7,21,13
Canbury Gardens,2025-09-01,2,1,3,3
Cann Hall,2025-09-01,9,6,12,9
Canning Town North,2025-09-01,9,4,14,9
Canning Town South,2025-09-01,4,0,8,4
Cannon Hill,2025-09-01,1,1,1,1
Canonbury,2025-09-01,4,2,6,4
Canons,2025-09-01,4,3,5,4
Carshalton Central,2025-09-01,7,4,10,7
Carshalton South & Clockhouse,2025-09-01,4,2,6,4
Carterhatch,2025-09-01,10,6,14,7
Catford South,2025-09-01,5,2,8,5
Cathall,2025-09-01,11,1,21,15
Cazenove,2025-09-01,7,4,10,5
Centenary,2025-09-01,4,1,7,3
Central Greenford,2025-09-01,5,1,9,6
Chadwell,2025-09-01,4,1,7,2
Chadwell Heath,2025-09-01,2,0,4,2
Champion Hill,2025-09-01,1,0,2,1
Chapel End,2025-09-01,4,2,6,4
Charlton Hornfair,2025-09-01,3,3,3,3
Charlton Village & Riverside,2025-09-01,3,2,3,3
Charville,2025-09-01,2,0,4,1
Chaucer,2025-09-01,10,4,16,12
Cheam,2025-09-01,3,0,5,18
Chelsea Riverside,2025-09-01,4,1,7,4
Chelsfield,2025-09-01,3,1,5,4
Chessington South & Malden Rushett,2025-09-01,1,0,2,1
Childs Hill,2025-09-01,10,3,17,10
Chingford Green,2025-09-01,5,2,8,4
Chislehurst,2025-09-01,5,1,9,6
Chiswick Gunnersbury,2025-09-01,5,3,8,8
Chiswick Homefields,2025-09-01,6,3,9,4
Chiswick Riverside,2025-09-01,3,1,5,4
Church Street,2025-09-01,7,4,10,10
Churchfields,2025-09-01,6,1,11,9
Clapham Common & Abbeville,2025-09-01,5,1,10,9
Clapham East,2025-09-01,6,0,12,6
Clapham Park,2025-09-01,2,0,4,3
Clapham Town,2025-09-01,11,6,17,9
Clayhall,2025-09-01,6,5,7,4
Clementswood,2025-09-01,2,0,4,2
Clerkenwell,2025-09-01,14,8,20,7
Clissold,2025-09-01,3,0,6,5
Clock House,2025-09-01,6,3,8,3
Cockfosters,2025-09-01,6,4,8,6
Colham & Cowley,2025-09-01,6,1,11,7
Colindale North,2025-09-01,5,4,6,5
Colindale South,2025-09-01,11,8,14,7
College Park & Old Oak,2025-09-01,8,6,10,8
Colliers Wood,2025-09-01,3,0,6,5
Colville,2025-09-01,6,0,11,9
Coningham,2025-09-01,9,6,12,8
Coombe Hill,2025-09-01,3,2,4,1
Coombe Vale,2025-09-01,2,1,4,2
Coulsdon Town,2025-09-01,3,2,4,2
Courtfield,2025-09-01,8,3,13,6
Cranbrook,2025-09-01,8,4,12,5
Cranford,2025-09-01,4,2,6,4
Cranham,2025-09-01,4,2,6,2
Crayford,2025-09-01,5,4,6,4
Cricket Green,2025-09-01,8,1,15,13
Cricklewood,2025-09-01,6,1,11,7
Cricklewood & Mapesbury,2025-09-01,8,5,11,7
Crofton Park,2025-09-01,6,2,10,8
Crook Log,2025-09-01,3,1,5,3
Crouch End,2025-09-01,12,8,16,10
Crystal Palace & Anerley,2025-09-01,3,0,6,3
Crystal Palace & Upper Norwood,2025-09-01,6,3,9,9
Custom House,2025-09-01,4,2,6,4
Dalgarno,2025-09-01,5,3,7,4
Dalston,2025-09-01,8,4,12,8
Darwin,2025-09-01,2,1,3,2
De Beauvoir,2025-09-01,9,4,14,9
Deptford,2025-09-01,10,1,19,15
Dollis Hill,2025-09-01,8,3,14,9
Dormers Wells,2025-09-01,4,3,5,4
Downham,2025-09-01,5,0,10,4
Dulwich Hill,2025-09-01,2,0,4,2
Dulwich Village,2025-09-01,5,4,6,4
Dulwich Wood,2025-09-01,5,3,7,5
Ealing Broadway,2025-09-01,6,2,10,6
Ealing Common,2025-09-01,7,3,10,4
Earl's Court,2025-09-01,12,5,20,8
East Acton,2025-09-01,6,2,10,4
East Barnet,2025-09-01,5,3,7,4
East Finchley,2025-09-01,5,1,9,5
East Greenwich,2025-09-01,6,2,10,7
East Ham,2025-09-01,12,7,17,16
East Ham South,2025-09-01,5,3,7,7
East Putney,2025-09-01,6,3,9,6
East Sheen,2025-09-01,9,4,14,7
East Wickham,2025-09-01,5,2,8,3
Eastbrook & Rush Green,2025-09-01,4,3,5,1
Eastbury,2025-09-01,5,0,10,6
Eastcote,2025-09-01,4,2,6,4
Edgware,2025-09-01,14,5,23,7
Edgwarebury,2025-09-01,7,4,9,6
Edmonton Green,2025-09-01,15,9,21,10
Elm Park,2025-09-01,2,0,4,4
Eltham Page,2025-09-01,3,2,5,3
Eltham Park & Progress,2025-09-01,2,0,4,2
Eltham Town & Avery Hill,2025-09-01,5,0,10,4
Emerson Park,2025-09-01,2,0,4,1
Endlebury,2025-09-01,3,2,4,3
Enfield Lock,2025-09-01,3,0,7,7
Erith,2025-09-01,2,0,4,2
Evelyn,2025-09-01,6,4,8,5
Fairfield,2025-09-01,15,6,24,24
Fairlop,2025-09-01,2,1,3,2
Falconbrook,2025-09-01,6,3,9,6
Falconwood & Welling,2025-09-01,3,0,6,3
Faraday,2025-09-01,15,8,22,12
Farnborough & Crofton,2025-09-01,4,1,7,6
Feltham North,2025-09-01,4,1,7,4
Feltham West,2025-09-01,4,0,7,4
Figge's Marsh,2025-09-01,1,0,2,1
Finchley Church End,2025-09-01,9,4,14,13
Finsbury Park,2025-09-01,4,0,8,15
Forest,2025-09-01,4,0,8,9
Forest Gate North,2025-09-01,3,2,4,3
Forest Gate South,2025-09-01,9,4,15,13
Forest Hill,2025-09-01,7,4,10,5
Fortis Green,2025-09-01,8,4,12,7
Fortune Green,2025-09-01,8,4,12,8
Friern Barnet,2025-09-01,5,0,11,10
Frognal,2025-09-01,6,2,10,3
Fulham Reach,2025-09-01,7,5,9,6
Fulham Town,2025-09-01,5,2,8,5
Fullwell,2025-09-01,7,2,12,8
Fulwell & Hampton Hill,2025-09-01,2,0,4,2
Furzedown,2025-09-01,6,3,8,4
Garden Suburb,2025-09-01,7,2,13,11
Gascoigne,2025-09-01,3,0,6,4
Gipsy Hill,2025-09-01,6,2,9,3
Golborne,2025-09-01,6,1,11,4
Golders Green,2025-09-01,7,5,9,9
Goodmayes,2025-09-01,6,0,12,4
Goose Green,2025-09-01,2,0,4,5
Gooshays,2025-09-01,8,4,12,3
Goresbrook,2025-09-01,2,0,4,2
Gospel Oak,2025-09-01,9,3,15,12
Grange Park,2025-09-01,6,3,8,3
Graveney,2025-09-01,3,2,4,3
Green Lane & St James,2025-09-01,2,1,2,2
Green Street East,2025-09-01,5,2,8,8
Green Street West,2025-09-01,4,1,8,7
Greenford Broadway,2025-09-01,9,4,13,8
Greenhill,2025-09-01,12,8,16,7
Greenwich Creekside,2025-09-01,4,2,6,4
Greenwich Park,2025-09-01,4,1,7,4
Greenwich Peninsula,2025-09-01,15,10,20,9
Grove,2025-09-01,7,5,10,6
Grove Green,2025-09-01,3,0,6,4
Grove Park,2025-09-01,2,0,4,4
Hackbridge,2025-09-01,2,1,3,2
Hackney Central,2025-09-01,8,5,11,8
Hackney Downs,2025-09-01,6,0,12,5
Hackney Wick,2025-09-01,9,5,13,3
Hacton,2025-09-01,3,2,4,3
Haggerston,2025-09-01,7,2,12,9
Hainault,2025-09-01,2,0,4,7
Hale End & Highams Park South,2025-09-01,2,0,3,2
"Ham, Petersham & Richmond Riverside",2025-09-01,4,3,5,4
Hammersmith Broadway,2025-09-01,5,3,7,5
Hampstead Town,2025-09-01,4,2,6,3
Hampton,2025-09-01,2,0,4,2
Hampton North,2025-09-01,3,0,6,3
Hampton Wick & South Teddington,2025-09-01,3,0,6,6
Hanger Hill,2025-09-01,6,3,9,5
Hanwell Broadway,2025-09-01,8,3,13,8
Hanworth Park,2025-09-01,6,4,8,6
Hanworth Village,2025-09-01,4,1,7,3
Harefield Village,2025-09-01,1,0,2,1
Harlesden & Kensal Green,2025-09-01,10,2,17,10
Harold Wood,2025-09-01,13,9,17,6
Harringay,2025-09-01,4,1,7,4
Harrow Road,2025-09-01,9,5,12,8
Harrow Weald,2025-09-01,7,3,11,9
Harrow on the Hill,2025-09-01,2,0,3,2
Haselbury,2025-09-01,4,0,8,5
Hatch End,2025-09-01,4,2,6,3
Hatch Lane & Highams Park North,2025-09-01,3,1,5,5
Havering-atte-Bower,2025-09-01,4,2,6,4
Haverstock,2025-09-01,6,2,10,10
Hayes & Coney Hall,2025-09-01,3,1,5,4
Hayes Town,2025-09-01,15,7,23,6
Headstone,2025-09-01,13,9,17,8
Heath,2025-09-01,1,0,2,1
Heathfield,2025-09-01,2,0,4,2
Heathrow Villages,2025-09-01,11,7,15,11
Heaton,2025-09-01,5,0,10,5
Hendon,2025-09-01,13,10,16,12
Hermitage & Gardens,2025-09-01,2,1,3,2
Herne Hill & Loughborough Junction,2025-09-01,7,2,12,12
Heston Central,2025-09-01,5,2,8,5
Heston East,2025-09-01,3,1,6,3
Heston West,2025-09-01,3,0,6,4
High Barnet,2025-09-01,4,2,6,4
High Street,2025-09-01,8,2,14,11
Higham Hill,2025-09-01,6,4,8,6
Highbury,2025-09-01,7,5,9,7
Highfield,2025-09-01,9,7,11,6
Highgate,2025-09-01,21,15,27,19
Hillingdon East,2025-09-01,3,2,4,3
Hillingdon West,2025-09-01,4,3,5,4
Hillrise,2025-09-01,10,4,16,10
Hillside,2025-09-01,3,1,5,3
Hither Green,2025-09-01,6,4,8,8
Hoe Street,2025-09-01,6,0,12,15
Holborn & Covent Garden,2025-09-01,18,12,24,26
Holland,2025-09-01,7,4,10,8
Holloway,2025-09-01,14,8,20,10
Homerton,2025-09-01,8,2,14,9
Hook & Chessington North,2025-09-01,2,1,3,2
Hornsey,2025-09-01,5,3,7,7
Hounslow Central,2025-09-01,4,2,6,6
Hounslow East,2025-09-01,5,3,7,5
Hounslow Heath,2025-09-01,3,0,5,9
Hounslow South,2025-09-01,2,1,3,2
Hounslow West,2025-09-01,3,0,6,4
Hoxton East & Shoreditch,2025-09-01,19,9,28,10
Hoxton West,2025-09-01,15,7,23,10
Hyde Park,2025-09-01,8,2,14,8
Hylands & Harrow Lodge,2025-09-01,3,0,6,4
Ickenham & South Harefield,2025-09-01,1,0,2,1
Ilford Town,2025-09-01,10,7,13,7
Island Gardens,2025-09-01,4,2,6,4
Isleworth,2025-09-01,1,0,2,1
Jubilee,2025-09-01,6,1,11,4
Junction,2025-09-01,14,9,19,11
Kelsey & Eden Park,2025-09-01,7,5,9,7
Kenley,2025-09-01,1,0,2,2
Kennington,2025-09-01,10,6,14,7
Kentish Town North,2025-09-01,3,0,6,6
Kentish Town South,2025-09-01,5,1,9,6
Kenton,2025-09-01,5,3,7,8
Kenton East,2025-09-01,3,1,5,3
Kenton West,2025-09-01,2,1,3,2
Kew,2025-09-01,6,0,12,5
Kidbrooke Park,2025-09-01,6,2,10,7
Kidbrooke Village & Sutcliffe,2025-09-01,8,4,12,7
Kilburn,2025-09-01,18,1,35,27
King George's & Sunray,2025-09-01,2,2,2,2
King's Cross,2025-09-01,8,4,12,10
King's Park,2025-09-01,13,7,19,1
Kingsbury,2025-09-01,6,4,8,6
Kingston Gate,2025-09-01,2,0,4,2
Kingston Town,2025-09-01,4,1,7,6
Knight's Hill,2025-09-01,2,0,4,2
Knightsbridge & Belgravia,2025-09-01,5,0,10,10
Lady Margaret,2025-09-01,4,2,6,3
Ladywell,2025-09-01,4,0,8,3
Lancaster Gate,2025-09-01,15,4,26,11
Lansbury,2025-09-01,9,0,17,13
Larkswood,2025-09-01,3,0,6,4
Lavender,2025-09-01,7,2,12,8
Lavender Fields,2025-09-01,4,1,7,6
Laycock,2025-09-01,13,6,20,11
Lea Bridge,2025-09-01,17,3,31,31
Lee Green,2025-09-01,2,0,4,2
Lewisham Central,2025-09-01,9,3,15,4
Leyton,2025-09-01,6,0,12,7
Leytonstone,2025-09-01,9,6,12,11
Lillie,2025-09-01,4,2,6,3
Limehouse,2025-09-01,4,3,5,4
Little Ilford,2025-09-01,7,5,8,6
Little Venice,2025-09-01,4,2,6,5
London Bridge & West Bermondsey,2025-09-01,10,5,15,16
London Fields,2025-09-01,7,3,11,7
Longbridge,2025-09-01,3,2,4,3
Longlands,2025-09-01,1,0,2,1
Longthornton,2025-09-01,4,1,7,6
Lower Edmonton,2025-09-01,7,4,10,7
Lower Morden,2025-09-01,3,3,3,3
Loxford,2025-09-01,10,6,15,7
Maida Vale,2025-09-01,7,3,12,11
Manor Park,2025-09-01,4,0,8,11
Markhouse,2025-09-01,2,0,4,2
Marlborough,2025-09-01,2,0,4,2
Marshalls & Rise Park,2025-09-01,3,0,6,3
Maryland,2025-09-01,6,0,12,10
Marylebone,2025-09-01,25,4,46,46
Mawneys,2025-09-01,8,5,11,8
Mayesbrook,2025-09-01,3,0,6,1
Mayfield,2025-09-01,6,5,7,6
Merton Park,2025-09-01,3,2,4,3
Middle Park & Horn Park,2025-09-01,2,1,3,2
Mildmay,2025-09-01,3,0,6,3
Mile End,2025-09-01,9,5,14,11
Mill Hill,2025-09-01,9,4,14,5
Monkhams,2025-09-01,4,3,5,3
Mortlake & Barnes Common,2025-09-01,5,0,10,10
Motspur Park & Old Malden East,2025-09-01,1,0,2,1
Mottingham,2025-09-01,4,3,5,4
"Mottingham, Coldharbour & New Eltham",2025-09-01,1,0,2,1
Munster,2025-09-01,8,5,11,9
Muswell Hill,2025-09-01,2,0,4,2
Myatt's Fields,2025-09-01,5,1,9,5
New Addington North,2025-09-01,2,1,2,2
New Addington South,2025-09-01,4,3,5,4
New Cross Gate,2025-09-01,9,4,14,9
New Malden Village,2025-09-01,4,2,6,4
New Southgate,2025-09-01,4,2,7,6
Newbury,2025-09-01,4,0,8,6
Newington,2025-09-01,8,3,13,9
Nine Elms,2025-09-01,6,3,9,8
Noel Park,2025-09-01,11,9,13,8
Norbiton,2025-09-01,3,0,6,3
Norbury & Pollards Hill,2025-09-01,6,2,10,12
Norbury Park,2025-09-01,1,0,2,1
Norland,2025-09-01,2,0,5,4
North Acton,2025-09-01,8,5,11,10
North Bermondsey,2025-09-01,14,10,18,12
North Cheam,2025-09-01,1,0,2,1
North Greenford,2025-09-01,5,0,10,13
North Hanwell,2025-09-01,5,2,8,5
North Harrow,2025-09-01,3,3,3,3
North Richmond,2025-09-01,2,1,3,2
North Walworth,2025-09-01,13,6,20,15
Northbury,2025-09-01,7,3,11,7
Northcote,2025-09-01,3,2,4,3
Northfield,2025-09-01,4,2,6,4
Northolt Mandeville,2025-09-01,6,1,11,3
Northolt West End,2025-09-01,7,5,9,4
Northumberland Heath,2025-09-01,2,1,2,2
Northumberland Park,2025-09-01,10,6,14,11
Northwick Park,2025-09-01,2,0,4,2
Northwood,2025-09-01,5,2,8,4
Northwood Hills,2025-09-01,7,3,11,7
Norwood Green,2025-09-01,6,2,10,6
Notting Dale,2025-09-01,5,4,6,5
Nunhead & Queen's Road,2025-09-01,11,8,14,8
Oakwood,2025-09-01,2,1,3,2
Old Coulsdon,2025-09-01,3,2,3,3
Old Kent Road,2025-09-01,9,6,12,7
Old Malden,2025-09-01,2,1,2,2
Orpington,2025-09-01,4,0,8,3
Osterley & Spring Grove,2025-09-01,7,3,11,5
Oval,2025-09-01,5,0,10,3
Palace & Hurlingham,2025-09-01,2,0,5,9
Palmers Green,2025-09-01,5,1,9,5
Park Hill & Whitgift,2025-09-01,9,4,14,11
Parsloes,2025-09-01,4,2,6,3
Parsons Green & Sandford,2025-09-01,2,0,4,4
Peckham,2025-09-01,14,9,19,4
Peckham Rye,2025-09-01,5,3,7,5
Pembridge,2025-09-01,8,4,12,9
Penge & Cator,2025-09-01,10,8,12,7
Perivale,2025-09-01,6,2,10,6
Perry Vale,2025-09-01,10,7,13,7
Petts Wood & Knoll,2025-09-01,3,1,5,5
Pimlico North,2025-09-01,10,6,14,7
Pimlico South,2025-09-01,6,3,10,4
Pinkwell,2025-09-01,11,1,21,22
Pinner,2025-09-01,7,4,10,5
Pinner South,2025-09-01,8,4,12,8
Pitshanger,2025-09-01,5,1,9,8
Plaistow,2025-09-01,3,0,6,3
Plaistow North,2025-09-01,6,4,8,7
Plaistow South,2025-09-01,4,2,6,4
Plaistow West & Canning Town East,2025-09-01,6,4,8,8
Plashet,2025-09-01,1,0,2,2
Plumstead & Glyndon,2025-09-01,8,6,10,7
Plumstead Common,2025-09-01,8,5,11,9
Pollards Hill,2025-09-01,2,0,4,2
Ponders End,2025-09-01,11,6,16,12
Poplar,2025-09-01,3,2,4,3
Preston,2025-09-01,2,1,3,2
Primrose Hill,2025-09-01,11,7,15,7
Purley & Woodcote,2025-09-01,9,4,14,9
Purley Oaks & Riddlesdown,2025-09-01,3,1,5,3
Queen's Gate,2025-09-01,6,3,9,5
Queen's Park,2025-09-01,7,1,13,6
Queens Park,2025-09-01,12,8,16,10
Queensbury,2025-09-01,6,3,9,4
Rainham & Wennington,2025-09-01,5,4,6,5
Ravensbury,2025-09-01,7,4,10,3
Ravenscourt,2025-09-01,5,0,10,1
Rayners Lane,2025-09-01,4,3,5,3
Raynes Park,2025-09-01,7,0,15,12
Redcliffe,2025-09-01,9,4,14,6
Regent's Park,2025-09-01,17,12,22,18
Ridgeway,2025-09-01,5,3,7,5
Roehampton,2025-09-01,8,6,10,8
Rotherhithe,2025-09-01,13,8,18,6
Roundwood,2025-09-01,5,0,10,5
Roxbourne,2025-09-01,4,2,6,3
Roxeth,2025-09-01,5,3,7,5
Royal Albert,2025-09-01,5,0,10,3
Royal Hospital,2025-09-01,3,1,5,5
Royal Victoria,2025-09-01,5,3,8,5
Ruislip,2025-09-01,5,1,9,5
Ruislip Manor,2025-09-01,2,1,3,2
Rush Green & Crowlands,2025-09-01,4,0,9,7
Rushey Green,2025-09-01,12,0,24,9
Rye Lane,2025-09-01,12,5,19,10
Sanderstead,2025-09-01,7,2,12,8
Sands End,2025-09-01,2,0,4,2
Selhurst,2025-09-01,6,0,12,7
Selsdon & Addington Village,2025-09-01,3,2,5,3
Selsdon Vale & Forestdale,2025-09-01,5,2,8,6
Seven Kings,2025-09-01,5,1,9,7
Seven Sisters,2025-09-01,7,0,13,13
Shacklewell,2025-09-01,5,3,7,5
Shadwell,2025-09-01,5,0,10,3
Shaftesbury & Queenstown,2025-09-01,8,3,13,3
Shepherd's Bush Green,2025-09-01,10,7,13,7
Shirley North,2025-09-01,3,2,4,3
Shirley South,2025-09-01,5,4,6,3
Shooters Hill,2025-09-01,4,3,5,4
Shortlands & Park Langley,2025-09-01,4,2,5,4
Sidcup,2025-09-01,7,5,9,7
Slade Green & Northend,2025-09-01,3,0,6,7
South Acton,2025-09-01,4,0,8,5
South Balham,2025-09-01,4,3,5,3
South Beddington & Roundshaw,2025-09-01,5,4,6,4
South Bermondsey,2025-09-01,9,5,13,9
South Croydon,2025-09-01,7,3,11,6
South Hampstead,2025-09-01,6,0,12,12
South Hornchurch,2025-09-01,2,0,4,3
South Norwood,2025-09-01,6,3,9,3
South Richmond,2025-09-01,5,1,9,7
South Ruislip,2025-09-01,8,3,13,5
South Tottenham,2025-09-01,8,4,13,5
South Twickenham,2025-09-01,4,3,5,4
South Woodford,2025-09-01,5,1,9,5
Southall Broadway,2025-09-01,10,8,12,8
Southall Green,2025-09-01,4,0,8,6
Southall West,2025-09-01,3,2,4,3
Southbury,2025-09-01,8,4,12,10
Southfield,2025-09-01,6,3,9,4
Southfields,2025-09-01,1,0,2,2
Southgate,2025-09-01,6,2,10,7
Spitalfields & Banglatown,2025-09-01,16,9,23,14
Springfield,2025-09-01,12,5,19,12
Squirrels Heath,2025-09-01,1,0,2,2
St Alban's,2025-09-01,8,5,11,1
St Andrew's,2025-09-01,3,2,4,3
St Ann's,2025-09-01,3,0,6,5
St Dunstan's,2025-09-01,7,5,9,7
St Edward's,2025-09-01,4,0,8,4
St George's,2025-09-01,4,1,7,1
St Giles,2025-09-01,4,0,8,4
St Helier,2025-09-01,6,4,8,1
St Helier East,2025-09-01,1,1,1,1
St Helier West,2025-09-01,3,1,5,5
St James,2025-09-01,8,3,13,3
St James's,2025-09-01,22,9,35,22
St Katharine's & Wapping,2025-09-01,7,4,10,11
St Margarets & North Twickenham,2025-09-01,2,0,4,2
St Mark's & Seething Wells,2025-09-01,2,1,3,2
St Martin's,2025-09-01,7,3,11,6
St Mary Cray,2025-09-01,6,3,9,6
St Mary's,2025-09-01,5,0,10,15
St Mary's & St James,2025-09-01,4,1,7,5
St Mary's & St James',2025-09-01,5,0,10,8
St Pancras & Somers Town,2025-09-01,11,4,17,9
St Paul's Cray,2025-09-01,5,0,10,6
St Peter's & Canalside,2025-09-01,12,7,17,8
St. Helen's,2025-09-01,2,0,4,3
Stamford Hill West,2025-09-01,3,2,4,3
Stanley,2025-09-01,3,0,6,4
Stanmore,2025-09-01,8,3,13,3
Stepney Green,2025-09-01,7,5,9,5
Stockwell East,2025-09-01,5,4,6,5
Stockwell West & Larkhall,2025-09-01,8,4,12,5
Stoke Newington,2025-09-01,2,0,4,6
Stonebridge,2025-09-01,11,3,19,10
Stonecot,2025-09-01,4,2,5,4
Stratford,2025-09-01,23,12,34,24
Streatham Common & Vale,2025-09-01,7,2,12,5
Streatham Hill East,2025-09-01,2,0,4,3
Streatham Hill West & Thornton,2025-09-01,8,6,10,6
Streatham St Leonard's,2025-09-01,10,6,14,10
Streatham Wells,2025-09-01,2,1,3,2
Stroud Green,2025-09-01,6,4,8,7
Sudbury,2025-09-01,2,2,2,2
Surbiton Hill,2025-09-01,5,2,7,3
Surrey Docks,2025-09-01,5,3,7,7
Sutton Central,2025-09-01,4,2,6,5
Sutton North,2025-09-01,4,3,5,3
Sutton South,2025-09-01,2,0,4,2
Sutton West & East Cheam,2025-09-01,3,0,6,3
Sydenham,2025-09-01,4,2,7,5
Syon & Brentford Lock,2025-09-01,8,3,13,4
Teddington,2025-09-01,4,3,5,4
Telegraph Hill,2025-09-01,3,0,6,5
Thames View,2025-09-01,1,0,2,1
Thamesfield,2025-09-01,4,0,8,10
Thamesmead East,2025-09-01,5,2,8,3
Thamesmead Moorings,2025-09-01,3,2,4,3
The Wrythe,2025-09-01,4,2,6,2
Thornton Heath,2025-09-01,4,2,6,5
Tokyngton,2025-09-01,2,1,3,2
Tollington,2025-09-01,11,5,17,18
Tolworth,2025-09-01,4,1,7,3
Tooting Bec,2025-09-01,6,4,8,7
Tooting Broadway,2025-09-01,12,9,15,5
Tottenham Central,2025-09-01,7,4,10,6
Tottenham Hale,2025-09-01,8,5,10,6
Totteridge & Woodside,2025-09-01,8,3,13,8
Town,2025-09-01,9,6,12,9
Trinity,2025-09-01,6,4,8,6
Tudor,2025-09-01,3,2,4,3
Tufnell Park,2025-09-01,6,3,9,7
Twickenham Riverside,2025-09-01,4,0,8,4
Underhill,2025-09-01,2,1,3,2
Upminster,2025-09-01,4,2,6,3
Upper Edmonton,2025-09-01,12,6,17,10
Upper Walthamstow,2025-09-01,3,1,5,4
Uxbridge,2025-09-01,10,6,14,13
Valence,2025-09-01,5,0,10,8
Valentines,2025-09-01,1,0,2,1
Valley,2025-09-01,6,0,12,7
Vauxhall,2025-09-01,9,6,12,10
Victoria,2025-09-01,5,2,9,8
Village,2025-09-01,11,7,15,7
Vincent Square,2025-09-01,3,0,6,4
Waddon,2025-09-01,8,2,13,12
Walham Green,2025-09-01,4,0,8,4
Wall End,2025-09-01,4,1,7,6
Wallington North,2025-09-01,6,5,7,3
Wallington South,2025-09-01,7,3,10,6
Walpole,2025-09-01,6,2,10,6
Wandle,2025-09-01,5,2,9,8
Wandsworth Common,2025-09-01,7,3,11,4
Wandsworth Town,2025-09-01,11,4,18,12
Wanstead Park,2025-09-01,1,0,2,2
Wanstead Village,2025-09-01,7,0,14,15
Waterloo & South Bank,2025-09-01,16,12,20,15
Wealdstone North,2025-09-01,4,3,5,5
Wealdstone South,2025-09-01,8,2,13,3
Weavers,2025-09-01,10,3,17,8
Welsh Harp,2025-09-01,6,1,11,9
Wembley Central,2025-09-01,3,0,6,3
Wembley Hill,2025-09-01,5,3,7,5
Wembley Park,2025-09-01,5,4,6,5
Wendell Park,2025-09-01,1,1,1,1
West Barnes,2025-09-01,2,0,4,12
West Drayton,2025-09-01,5,0,11,8
West Dulwich,2025-09-01,11,9,13,4
West End,2025-09-01,41,15,67,44
West Finchley,2025-09-01,9,2,16,14
West Green,2025-09-01,3,0,6,2
West Ham,2025-09-01,4,1,7,6
West Hampstead,2025-09-01,13,8,18,14
West Harrow,2025-09-01,2,1,3,2
West Heath,2025-09-01,3,1,5,3
West Hendon,2025-09-01,17,13,21,9
West Hill,2025-09-01,3,1,5,5
West Kensington,2025-09-01,5,3,8,7
West Putney,2025-09-01,4,1,7,5
West Thamesmead,2025-09-01,1,0,2,1
West Thornton,2025-09-01,12,7,17,12
West Twickenham,2025-09-01,1,0,2,3
West Wickham,2025-09-01,11,6,16,2
Westbourne,2025-09-01,8,3,13,8
Whalebone,2025-09-01,3,0,6,4
Whetstone,2025-09-01,5,3,7,4
White City,2025-09-01,1,0,2,1
White Hart Lane,2025-09-01,7,4,10,7
Whitechapel,2025-09-01,18,10,26,8
Whitewebbs,2025-09-01,6,3,9,4
Whitton,2025-09-01,2,1,3,3
Willesden Green,2025-09-01,6,0,12,10
William Morris,2025-09-01,6,2,10,6
Wimbledon Park,2025-09-01,7,4,9,6
Wimbledon Town & Dundonald,2025-09-01,1,0,2,1
Winchmore Hill,2025-09-01,8,5,12,5
Wood End,2025-09-01,10,3,17,5
Wood Street,2025-09-01,4,2,6,4
Woodberry Down,2025-09-01,6,2,10,7
Woodhouse,2025-09-01,4,1,7,3
Woodside,2025-09-01,12,6,18,12
Woolwich Arsenal,2025-09-01,3,0,5,8
Woolwich Common,2025-09-01,5,1,9,3
Woolwich Dockyard,2025-09-01,4,1,7,3
Worcester Park North,2025-09-01,1,0,2,1
Worcester Park South,2025-09-01,1,0,2,1
Wormholt,2025-09-01,3,2,4,3
Yeading,2025-09-01,5,1,9,4
Yiewsley,2025-09-01,4,0,8,18
Abbey,2025-10-01,6,3,8,6
Abbey Road,2025-10-01,10,7,13,8
Abbey Wood,2025-10-01,7,3,11,9
Abingdon,2025-10-01,3,1,5,4
Addiscombe East,2025-10-01,3,0,6,4
Addiscombe West,2025-10-01,5,0,10,8
Addison,2025-10-01,5,3,7,5
Aldborough,2025-10-01,8,5,11,7
Alexandra,2025-10-01,2,0,3,3
Alexandra Park,2025-10-01,11,8,14,1
Alibon,2025-10-01,5,2,8,6
Alperton,2025-10-01,4,0,8,3
Arnos Grove,2025-10-01,8,6,10,8
Arsenal,2025-10-01,4,0,8,12
Avonmore,2025-10-01,6,4,8,4
Balham,2025-10-01,10,5,15,9
Barking Riverside,2025-10-01,8,1,15,10
Barkingside,2025-10-01,5,0,10,6
Barnehurst,2025-10-01,3,1,5,3
Barnes,2025-10-01,9,6,12,5
Barnet Vale,2025-10-01,10,5,15,7
Barnhill,2025-10-01,6,4,8,6
Barnsbury,2025-10-01,8,5,11,5
Battersea Park,2025-10-01,6,2,11,10
Bayswater,2025-10-01,23,15,31,21
Beam,2025-10-01,5,3,6,4
Beam Park,2025-10-01,9,5,13,6
Beckenham Town & Copers Cope,2025-10-01,5,0,10,7
Beckton,2025-10-01,3,0,6,3
Becontree,2025-10-01,4,2,6,1
Beddington,2025-10-01,4,3,5,4
Bedfont,2025-10-01,5,3,7,5
Bellingham,2025-10-01,1,0,2,1
Belmont,2025-10-01,12,9,15,9
Belmont,2025-10-01,6,3,9,7
Belmore,2025-10-01,8,3,13,7
Belsize,2025-10-01,13,7,19,10
Belvedere,2025-10-01,5,4,6,5
Bensham Manor,2025-10-01,5,2,8,5
Berrylands,2025-10-01,3,0,6,3
Bethnal Green East,2025-10-01,12,6,18,16
Bethnal Green West,2025-10-01,12,4,20,20
Bexleyheath,2025-10-01,7,4,10,3
Bickley & Sundridge,2025-10-01,6,2,10,5
Biggin Hill,2025-10-01,4,3,5,4
Blackfen & Lamorbey,2025-10-01,3,2,4,3
Blackheath,2025-10-01,7,3,11,8
Blackheath Westcombe,2025-10-01,6,3,9,6
Blackwall & Cubitt Town,2025-10-01,9,4,14,12
Blendon & Penhill,2025-10-01,2,1,3,2
Bloomsbury,2025-10-01,32,21,43,14
Boleyn,2025-10-01,6,3,9,7
Borough & Bankside,2025-10-01,27,17,37,18
Bounds Green,2025-10-01,5,1,9,2
Bow East,2025-10-01,24,13,35,5
Bow West,2025-10-01,12,9,15,5
Bowes,2025-10-01,2,1,3,2
Brentford East,2025-10-01,4,0,8,4
Brentford West,2025-10-01,4,3,5,4
Bridge,2025-10-01,4,3,5,4
Brimsdown,2025-10-01,11,8,15,8
Brixton Acre Lane,2025-10-01,11,8,14,7
Brixton North,2025-10-01,8,2,15,9
Brixton Rush Common,2025-10-01,1,0,3,7
Brixton Windrush,2025-10-01,18,11,25,10
Broad Green,2025-10-01,7,5,9,10
Brockley,2025-10-01,7,0,14,9
Bromley Common & Holwood,2025-10-01,5,4,6,3
Bromley North,2025-10-01,5,0,10,3
Bromley South,2025-10-01,4,1,7,5
Bromley Town,2025-10-01,9,6,12,8
Brompton & Hans Town,2025-10-01,14,11,17,9
Brondesbury Park,2025-10-01,9,6,13,9
Brook Green,2025-10-01,7,4,10,7
Brownswood,2025-10-01,8,4,12,9
Bruce Castle,2025-10-01,4,2,6,4
Brunswick Park,2025-10-01,7,1,13,3
Bullsmoor,2025-10-01,4,2,6,6
Bunhill,2025-10-01,7,0,13,17
Burnt Oak,2025-10-01,9,0,18,17
Bush Hill Park,2025-10-01,6,2,10,6
Caledonian,2025-10-01,7,4,11,4
Camberwell Green,2025-10-01,6,0,12,9
Camden Square,2025-10-01,5,4,7,5
Camden Town,2025-10-01,6,3,9,6
Campden,2025-10-01,7,6,8,6
Canary Wharf,2025-10-01,15,9,21,14
Canbury Gardens,2025-10-01,2,1,3,2
Cann Hall,2025-10-01,6,3,9,9
Canning Town North,2025-10-01,8,5,11,9
Canning Town South,2025-10-01,1,0,2,4
Cannon Hill,2025-10-01,1,1,1,1
Canonbury,2025-10-01,5,3,7,4
Canons,2025-10-01,4,3,5,4
Carshalton Central,2025-10-01,7,4,10,7
Carshalton South & Clockhouse,2025-10-01,4,2,5,4
Carterhatch,2025-10-01,4,0,8,10
Catford South,2025-10-01,5,2,8,5
Cathall,2025-10-01,5,0,11,11
Cazenove,2025-10-01,2,0,5,7
Centenary,2025-10-01,7,5,9,4
Central Greenford,2025-10-01,8,4,12,5
Chadwell,2025-10-01,4,1,7,4
Chadwell Heath,2025-10-01,3,0,6,2
Champion Hill,2025-10-01,1,0,2,1
Chapel End,2025-10-01,4,2,6,4
Charlton Hornfair,2025-10-01,3,3,3,3
Charlton Village & Riverside,2025-10-01,3,2,3,3
Charville,2025-10-01,4,1,7,2
Chaucer,2025-10-01,18,12,24,10
Cheam,2025-10-01,1,0,2,3
Chelsea Riverside,2025-10-01,4,2,6,4
Chelsfield,2025-10-01,3,1,5,3
Chessington South & Malden Rushett,2025-10-01,1,0,2,1
Childs Hill,2025-10-01,14,8,20,10
Chingford Green,2025-10-01,5,3,7,5
Chislehurst,2025-10-01,5,1,9,5
Chiswick Gunnersbury,2025-10-01,5,2,8,5
Chiswick Homefields,2025-10-01,6,3,9,6
Chiswick Riverside,2025-10-01,4,2,5,3
Church Street,2025-10-01,7,4,10,7
Churchfields,2025-10-01,7,2,12,6
Clapham Common & Abbeville,2025-10-01,8,4,12,5
Clapham East,2025-10-01,10,5,15,6
Clapham Park,2025-10-01,4,2,6,2
Clapham Town,2025-10-01,13,9,17,11
Clayhall,2025-10-01,4,2,6,6
Clementswood,2025-10-01,4,2,6,2
Clerkenwell,2025-10-01,9,1,17,14
Clissold,2025-10-01,10,5,15,3
Clock House,2025-10-01,3,0,6,6
Cockfosters,2025-10-01,6,4,8,6
Colham & Cowley,2025-10-01,9,5,12,6
Colindale North,2025-10-01,5,4,6,5
Colindale South,2025-10-01,11,6,16,11
College Park & Old Oak,2025-10-01,7,5,9,8
Colliers Wood,2025-10-01,3,0,6,3
Colville,2025-10-01,7,1,13,6
Coningham,2025-10-01,8,4,12,9
Coombe Hill,2025-10-01,1,0,2,3
Coombe Vale,2025-10-01,2,1,3,2
Coulsdon Town,2025-10-01,2,1,4,3
Courtfield,2025-10-01,8,3,13,8
Cranbrook,2025-10-01,5,2,9,8
Cranford,2025-10-01,6,4,8,4
Cranham,2025-10-01,2,0,4,4
Crayford,2025-10-01,4,2,6,5
Cricket Green,2025-10-01,7,0,14,8
Cricklewood,2025-10-01,12,9,15,6
Cricklewood & Mapesbury,2025-10-01,9,6,12,8
Crofton Park,2025-10-01,7,3,11,6
Crook Log,2025-10-01,5,3,7,3
Crouch End,2025-10-01,13,9,17,12
Crystal Palace & Anerley,2025-10-01,4,1,7,3
Crystal Palace & Upper Norwood,2025-10-01,9,5,12,6
Custom House,2025-10-01,4,2,6,4
Dalgarno,2025-10-01,4,2,6,5
Dalston,2025-10-01,12,8,16,8
Darwin,2025-10-01,2,1,3,2
De Beauvoir,2025-10-01,14,9,19,9
Deptford,2025-10-01,7,0,14,10
Dollis Hill,2025-10-01,6,0,12,8
Dormers Wells,2025-10-01,5,4,6,4
Downham,2025-10-01,7,3,11,5
Dulwich Hill,2025-10-01,4,1,7,2
Dulwich Village,2025-10-01,4,3,5,5
Dulwich Wood,2025-10-01,5,3,7,5
Ealing Broadway,2025-10-01,13,9,17,6
Ealing Common,2025-10-01,8,4,12,7
Earl's Court,2025-10-01,13,7,19,12
East Acton,2025-10-01,4,0,8,6
East Barnet,2025-10-01,9,7,11,5
East Finchley,2025-10-01,5,2,8,5
East Greenwich,2025-10-01,5,2,8,6
East Ham,2025-10-01,10,5,15,12
East Ham South,2025-10-01,6,4,8,5
East Putney,2025-10-01,4,1,7,6
East Sheen,2025-10-01,4,0,8,9
East Wickham,2025-10-01,5,3,7,5
Eastbrook & Rush Green,2025-10-01,1,0,2,4
Eastbury,2025-10-01,11,6,16,5
Eastcote,2025-10-01,4,2,6,4
Edgware,2025-10-01,13,4,22,14
Edgwarebury,2025-10-01,7,4,9,7
Edmonton Green,2025-10-01,17,10,24,15
Elm Park,2025-10-01,2,0,4,2
Eltham Page,2025-10-01,4,3,5,3
Eltham Park & Progress,2025-10-01,2,1,3,2
Eltham Town & Avery Hill,2025-10-01,6,2,10,5
Emerson Park,2025-10-01,2,0,4,2
Endlebury,2025-10-01,3,3,4,3
Enfield Lock,2025-10-01,4,0,8,3
Erith,2025-10-01,6,3,9,2
Evelyn,2025-10-01,4,2,6,6
Fairfield,2025-10-01,15,6,24,15
Fairlop,2025-10-01,2,1,3,2
Falconbrook,2025-10-01,8,5,11,6
Falconwood & Welling,2025-10-01,6,3,8,3
Faraday,2025-10-01,18,13,23,15
Farnborough & Crofton,2025-10-01,4,1,7,4
Feltham North,2025-10-01,5,3,7,4
Feltham West,2025-10-01,7,3,11,4
Figge's Marsh,2025-10-01,1,0,2,1
Finchley Church End,2025-10-01,9,3,15,9
Finsbury Park,2025-10-01,10,1,19,4
Forest,2025-10-01,8,3,12,4
Forest Gate North,2025-10-01,3,2,4,3
Forest Gate South,2025-10-01,9,4,14,9
Forest Hill,2025-10-01,7,4,9,7
Fortis Green,2025-10-01,7,3,12,8
Fortune Green,2025-10-01,8,4,12,8
Friern Barnet,2025-10-01,14,8,20,5
Frognal,2025-10-01,7,3,11,6
Fulham Reach,2025-10-01,10,8,12,7
Fulham Town,2025-10-01,6,3,9,5
Fullwell,2025-10-01,6,1,11,7
Fulwell & Hampton Hill,2025-10-01,2,0,4,2
Furzedown,2025-10-01,5,3,7,6
Garden Suburb,2025-10-01,7,2,12,7
Gascoigne,2025-10-01,3,0,6,3
Gipsy Hill,2025-10-01,6,3,9,6
Golborne,2025-10-01,6,1,11,6
Golders Green,2025-10-01,11,9,13,7
Goodmayes,2025-10-01,9,4,14,6
Goose Green,2025-10-01,2,0,4,2
Gooshays,2025-10-01,6,1,11,8
Goresbrook,2025-10-01,2,0,4,2
Gospel Oak,2025-10-01,9,4,14,9
Grange Park,2025-10-01,5,2,8,6
Graveney,2025-10-01,3,2,4,3
Green Lane & St James,2025-10-01,2,1,2,2
Green Street East,2025-10-01,5,2,8,5
Green Street West,2025-10-01,4,1,7,4
Greenford Broadway,2025-10-01,9,4,14,9
Greenhill,2025-10-01,9,3,14,12
Greenwich Creekside,2025-10-01,4,2,6,4
Greenwich Park,2025-10-01,4,1,7,4
Greenwich Peninsula,2025-10-01,16,10,22,15
Grove,2025-10-01,7,5,9,7
Grove Green,2025-10-01,4,0,8,3
Grove Park,2025-10-01,4,1,7,2
Hackbridge,2025-10-01,4,3,5,2
Hackney Central,2025-10-01,9,6,12,8
Hackney Downs,2025-10-01,18,10,26,6
Hackney Wick,2025-10-01,11,5,17,9
Hacton,2025-10-01,3,2,4,3
Haggerston,2025-10-01,5,1,10,7
Hainault,2025-10-01,7,2,12,2
Hale End & Highams Park South,2025-10-01,2,0,3,2
"Ham, Petersham & Richmond Riverside",2025-10-01,4,3,5,4
Hammersmith Broadway,2025-10-01,6,4,8,5
Hampstead Town,2025-10-01,7,5,9,4
Hampton,2025-10-01,6,4,8,2
Hampton North,2025-10-01,3,0,6,3
Hampton Wick & South Teddington,2025-10-01,6,0,11,3
Hanger Hill,2025-10-01,8,5,11,6
Hanwell Broadway,2025-10-01,8,4,12,8
Hanworth Park,2025-10-01,5,4,6,6
Hanworth Village,2025-10-01,8,5,11,4
Harefield Village,2025-10-01,7,4,10,1
Harlesden & Kensal Green,2025-10-01,13,9,17,10
Harold Wood,2025-10-01,9,3,15,13
Harringay,2025-10-01,4,1,7,4
Harrow Road,2025-10-01,7,3,11,9
Harrow Weald,2025-10-01,6,3,9,7
Harrow on the Hill,2025-10-01,2,0,3,2
Haselbury,2025-10-01,4,0,8,4
Hatch End,2025-10-01,3,2,5,4
Hatch Lane & Highams Park North,2025-10-01,5,3,7,3
Havering-atte-Bower,2025-10-01,4,2,6,4
Haverstock,2025-10-01,10,5,15,6
Hayes & Coney Hall,2025-10-01,3,1,5,3
Hayes Town,2025-10-01,12,3,21,15
Headstone,2025-10-01,5,0,10,13
Heath,2025-10-01,1,0,2,1
Heathfield,2025-10-01,2,0,4,2
Heathrow Villages,2025-10-01,10,6,14,11
Heaton,2025-10-01,10,5,15,5
Hendon,2025-10-01,13,10,16,13
Hermitage & Gardens,2025-10-01,2,1,3,2
Herne Hill & Loughborough Junction,2025-10-01,8,3,13,7
Heston Central,2025-10-01,5,2,8,5
Heston East,2025-10-01,4,2,6,3
Heston West,2025-10-01,6,2,10,3
High Barnet,2025-10-01,5,3,7,4
High Street,2025-10-01,6,1,11,8
Higham Hill,2025-10-01,6,4,8,6
Highbury,2025-10-01,7,5,9,7
Highfield,2025-10-01,7,5,10,9
Highgate,2025-10-01,22,15,29,21
Hillingdon East,2025-10-01,3,3,4,3
Hillingdon West,2025-10-01,5,4,6,4
Hillrise,2025-10-01,13,8,19,10
Hillside,2025-10-01,3,1,5,3
Hither Green,2025-10-01,6,4,8,6
Hoe Street,2025-10-01,10,2,18,6
Holborn & Covent Garden,2025-10-01,12,4,20,18
Holland,2025-10-01,9,6,12,7
Holloway,2025-10-01,12,6,18,14
Homerton,2025-10-01,8,3,13,8
Hook & Chessington North,2025-10-01,2,1,3,2
Hornsey,2025-10-01,5,3,7,5
Hounslow Central,2025-10-01,7,5,9,4
Hounslow East,2025-10-01,5,3,6,5
Hounslow Heath,2025-10-01,4,0,8,3
Hounslow South,2025-10-01,2,1,2,2
Hounslow West,2025-10-01,6,4,9,3
Hoxton East & Shoreditch,2025-10-01,24,15,33,19
Hoxton West,2025-10-01,14,5,23,15
Hyde Park,2025-10-01,12,6,18,8
Hylands & Harrow Lodge,2025-10-01,3,0,6,3
Ickenham & South Harefield,2025-10-01,4,2,6,1
Ilford Town,2025-10-01,8,5,11,10
Island Gardens,2025-10-01,4,2,6,4
Isleworth,2025-10-01,3,1,5,1
Jubilee,2025-10-01,12,8,17,6
Junction,2025-10-01,10,5,15,14
Kelsey & Eden Park,2025-10-01,8,6,10,7
Kenley,2025-10-01,1,0,2,1
Kennington,2025-10-01,7,3,11,10
Kentish Town North,2025-10-01,6,2,9,3
Kentish Town South,2025-10-01,8,5,11,5
Kenton,2025-10-01,8,5,11,5
Kenton East,2025-10-01,4,2,6,3
Kenton West,2025-10-01,2,1,3,2
Kew,2025-10-01,5,0,10,6
Kidbrooke Park,2025-10-01,5,1,9,6
Kidbrooke Village & Sutcliffe,2025-10-01,5,1,8,8
Kilburn,2025-10-01,18,3,33,18
King George's & Sunray,2025-10-01,2,2,2,2
King's Cross,2025-10-01,6,3,10,8
King's Park,2025-10-01,5,0,10,13
Kingsbury,2025-10-01,6,4,8,6
Kingston Gate,2025-10-01,2,0,4,2
Kingston Town,2025-10-01,6,4,8,4
Knight's Hill,2025-10-01,6,3,9,2
Knightsbridge & Belgravia,2025-10-01,9,2,16,5
Lady Margaret,2025-10-01,4,2,6,4
Ladywell,2025-10-01,3,0,6,4
Lancaster Gate,2025-10-01,13,3,23,15
Lansbury,2025-10-01,8,0,16,9
Larkswood,2025-10-01,4,0,8,3
Lavender,2025-10-01,6,1,11,7
Lavender Fields,2025-10-01,3,0,6,4
Laycock,2025-10-01,8,2,14,13
Lea Bridge,2025-10-01,16,1,31,17
Lee Green,2025-10-01,3,1,5,2
Lewisham Central,2025-10-01,7,0,14,9
Leyton,2025-10-01,7,0,14,6
Leytonstone,2025-10-01,6,3,9,9
Lillie,2025-10-01,4,3,5,4
Limehouse,2025-10-01,4,3,5,4
Little Ilford,2025-10-01,7,5,8,7
Little Venice,2025-10-01,7,5,9,4
London Bridge & West Bermondsey,2025-10-01,23,17,29,10
London Fields,2025-10-01,7,3,11,7
Longbridge,2025-10-01,3,2,4,3
Longlands,2025-10-01,2,1,3,1
Longthornton,2025-10-01,4,1,7,4
Lower Edmonton,2025-10-01,7,4,10,7
Lower Morden,2025-10-01,3,3,3,3
Loxford,2025-10-01,10,5,15,10
Maida Vale,2025-10-01,7,3,12,7
Manor Park,2025-10-01,4,0,8,4
Markhouse,2025-10-01,2,0,4,2
Marlborough,2025-10-01,2,0,4,2
Marshalls & Rise Park,2025-10-01,3,0,6,3
Maryland,2025-10-01,7,1,13,6
Marylebone,2025-10-01,26,2,50,25
Mawneys,2025-10-01,8,6,10,8
Mayesbrook,2025-10-01,6,3,9,3
Mayfield,2025-10-01,6,5,7,6
Merton Park,2025-10-01,3,2,4,3
Middle Park & Horn Park,2025-10-01,2,1,3,2
Mildmay,2025-10-01,3,0,6,3
Mile End,2025-10-01,14,10,18,9
Mill Hill,2025-10-01,7,2,12,9
Monkhams,2025-10-01,4,3,5,4
Mortlake & Barnes Common,2025-10-01,6,0,12,5
Motspur Park & Old Malden East,2025-10-01,1,0,2,1
Mottingham,2025-10-01,4,3,5,4
"Mottingham, Coldharbour & New Eltham",2025-10-01,2,0,4,1
Munster,2025-10-01,9,6,11,8
Muswell Hill,2025-10-01,3,1,5,2
Myatt's Fields,2025-10-01,2,0,4,5
New Addington North,2025-10-01,2,2,2,2
New Addington South,2025-10-01,4,3,5,4
New Cross Gate,2025-10-01,3,0,6,9
New Malden Village,2025-10-01,3,2,4,4
New Southgate,2025-10-01,5,3,7,4
Newbury,2025-10-01,6,1,11,4
Newington,2025-10-01,10,6,14,8
Nine Elms,2025-10-01,8,5,11,6
Noel Park,2025-10-01,10,8,13,11
Norbiton,2025-10-01,6,4,8,3
Norbury & Pollards Hill,2025-10-01,9,5,14,6
Norbury Park,2025-10-01,1,0,2,1
Norland,2025-10-01,5,2,8,2
North Acton,2025-10-01,10,6,13,8
North Bermondsey,2025-10-01,13,9,17,14
North Cheam,2025-10-01,1,0,2,1
North Greenford,2025-10-01,14,6,22,5
North Hanwell,2025-10-01,8,6,10,5
North Harrow,2025-10-01,3,2,3,3
North Richmond,2025-10-01,2,1,3,2
North Walworth,2025-10-01,19,12,26,13
Northbury,2025-10-01,7,4,9,7
Northcote,2025-10-01,3,2,4,3
Northfield,2025-10-01,4,2,6,4
Northolt Mandeville,2025-10-01,8,4,12,6
Northolt West End,2025-10-01,4,1,7,7
Northumberland Heath,2025-10-01,2,1,3,2
Northumberland Park,2025-10-01,10,7,13,10
Northwick Park,2025-10-01,4,2,6,2
Northwood,2025-10-01,5,3,7,5
Northwood Hills,2025-10-01,7,4,10,7
Norwood Green,2025-10-01,6,4,8,6
Notting Dale,2025-10-01,5,4,6,5
Nunhead & Queen's Road,2025-10-01,9,5,13,11
Oakwood,2025-10-01,2,1,3,2
Old Coulsdon,2025-10-01,3,3,4,3
Old Kent Road,2025-10-01,7,4,11,9
Old Malden,2025-10-01,2,1,2,2
Orpington,2025-10-01,2,0,4,4
Osterley & Spring Grove,2025-10-01,6,2,10,7
Oval,2025-10-01,3,0,7,5
Palace & Hurlingham,2025-10-01,2,0,4,2
Palmers Green,2025-10-01,6,3,9,5
Park Hill & Whitgift,2025-10-01,6,1,11,9
Parsloes,2025-10-01,4,2,6,4
Parsons Green & Sandford,2025-10-01,2,0,4,2
Peckham,2025-10-01,9,1,17,14
Peckham Rye,2025-10-01,5,3,7,5
Pembridge,2025-10-01,11,8,14,8
Penge & Cator,2025-10-01,12,8,16,10
Perivale,2025-10-01,8,5,10,6
Perry Vale,2025-10-01,7,3,11,10
Petts Wood & Knoll,2025-10-01,6,3,8,3
Pimlico North,2025-10-01,11,7,15,10
Pimlico South,2025-10-01,6,2,10,6
Pinkwell,2025-10-01,13,2,24,11
Pinner,2025-10-01,7,4,10,7
Pinner South,2025-10-01,8,5,11,8
Pitshanger,2025-10-01,4,1,7,5
Plaistow,2025-10-01,4,1,7,3
Plaistow North,2025-10-01,6,4,8,6
Plaistow South,2025-10-01,4,2,6,4
Plaistow West & Canning Town East,2025-10-01,9,6,11,6
Plashet,2025-10-01,1,0,2,1
Plumstead & Glyndon,2025-10-01,7,5,9,8
Plumstead Common,2025-10-01,5,2,8,8
Pollards Hill,2025-10-01,2,1,3,2
Ponders End,2025-10-01,11,7,15,11
Poplar,2025-10-01,3,2,4,3
Preston,2025-10-01,2,1,3,2
Primrose Hill,2025-10-01,9,3,15,11
Purley & Woodcote,2025-10-01,10,6,14,9
Purley Oaks & Riddlesdown,2025-10-01,3,2,4,3
Queen's Gate,2025-10-01,5,2,9,6
Queen's Park,2025-10-01,6,1,11,7
Queens Park,2025-10-01,6,2,9,12
Queensbury,2025-10-01,8,5,10,6
Rainham & Wennington,2025-10-01,5,4,6,5
Ravensbury,2025-10-01,5,1,9,7
Ravenscourt,2025-10-01,4,0,8,5
Rayners Lane,2025-10-01,4,3,5,4
Raynes Park,2025-10-01,6,0,12,7
Redcliffe,2025-10-01,6,2,11,9
Regent's Park,2025-10-01,22,18,26,17
Ridgeway,2025-10-01,5,3,7,5
Roehampton,2025-10-01,8,6,10,8
Rotherhithe,2025-10-01,14,7,20,13
Roundwood,2025-10-01,7,0,14,5
Roxbourne,2025-10-01,6,4,9,4
Roxeth,2025-10-01,6,4,8,5
Royal Albert,2025-10-01,5,0,10,5
Royal Hospital,2025-10-01,3,1,5,3
Royal Victoria,2025-10-01,7,4,10,5
Ruislip,2025-10-01,9,5,13,5
Ruislip Manor,2025-10-01,2,1,3,2
Rush Green & Crowlands,2025-10-01,10,5,15,4
Rushey Green,2025-10-01,9,0,17,12
Rye Lane,2025-10-01,11,4,18,12
Sanderstead,2025-10-01,2,0,5,7
Sands End,2025-10-01,2,0,3,2
Selhurst,2025-10-01,8,1,15,6
Selsdon & Addington Village,2025-10-01,3,2,5,3
Selsdon Vale & Forestdale,2025-10-01,3,0,6,5
Seven Kings,2025-10-01,6,1,11,5
Seven Sisters,2025-10-01,9,3,15,7
Shacklewell,2025-10-01,8,6,10,5
Shadwell,2025-10-01,7,2,11,5
Shaftesbury & Queenstown,2025-10-01,9,4,14,8
Shepherd's Bush Green,2025-10-01,8,4,11,10
Shirley North,2025-10-01,3,2,4,3
Shirley South,2025-10-01,3,1,5,5
Shooters Hill,2025-10-01,4,3,4,4
Shortlands & Park Langley,2025-10-01,4,2,5,4
Sidcup,2025-10-01,6,4,8,7
Slade Green & Northend,2025-10-01,6,2,10,3
South Acton,2025-10-01,12,8,16,4
South Balham,2025-10-01,6,4,8,4
South Beddington & Roundshaw,2025-10-01,4,3,5,5
South Bermondsey,2025-10-01,5,1,9,9
South Croydon,2025-10-01,9,5,13,7
South Hampstead,2025-10-01,5,0,10,6
South Hornchurch,2025-10-01,2,0,4,2
South Norwood,2025-10-01,5,1,9,6
South Richmond,2025-10-01,9,6,12,5
South Ruislip,2025-10-01,10,5,14,8
South Tottenham,2025-10-01,8,4,12,8
South Twickenham,2025-10-01,4,3,5,4
South Woodford,2025-10-01,5,2,8,5
Southall Broadway,2025-10-01,8,6,11,10
Southall Green,2025-10-01,4,0,8,4
Southall West,2025-10-01,3,2,4,3
Southbury,2025-10-01,4,1,7,8
Southfield,2025-10-01,6,3,9,6
Southfields,2025-10-01,1,0,2,1
Southgate,2025-10-01,3,0,7,6
Spitalfields & Banglatown,2025-10-01,19,13,25,16
Springfield,2025-10-01,6,0,12,12
Squirrels Heath,2025-10-01,3,1,5,1
St Alban's,2025-10-01,1,0,3,8
St Andrew's,2025-10-01,4,3,5,3
St Ann's,2025-10-01,2,0,4,3
St Dunstan's,2025-10-01,9,7,11,7
St Edward's,2025-10-01,7,4,10,4
St George's,2025-10-01,7,3,11,4
St Giles,2025-10-01,4,0,8,4
St Helier,2025-10-01,1,0,3,6
St Helier East,2025-10-01,1,1,1,1
St Helier West,2025-10-01,6,3,8,3
St James,2025-10-01,9,4,14,8
St James's,2025-10-01,23,9,37,22
St Katharine's & Wapping,2025-10-01,10,6,14,7
St Margarets & North Twickenham,2025-10-01,2,0,4,2
St Mark's & Seething Wells,2025-10-01,2,1,3,2
St Martin's,2025-10-01,14,10,18,7
St Mary Cray,2025-10-01,4,2,6,6
St Mary's,2025-10-01,8,0,16,5
St Mary's & St James,2025-10-01,4,1,7,4
St Mary's & St James',2025-10-01,5,0,10,5
St Pancras & Somers Town,2025-10-01,10,4,16,11
St Paul's Cray,2025-10-01,5,0,10,5
St Peter's & Canalside,2025-10-01,8,3,13,12
St. Helen's,2025-10-01,5,1,9,2
Stamford Hill West,2025-10-01,3,2,4,3
Stanley,2025-10-01,3,0,6,3
Stanmore,2025-10-01,9,4,14,8
Stepney Green,2025-10-01,7,5,9,7
Stockwell East,2025-10-01,5,4,6,5
Stockwell West & Larkhall,2025-10-01,7,2,12,8
Stoke Newington,2025-10-01,8,4,12,2
Stonebridge,2025-10-01,9,2,16,11
Stonecot,2025-10-01,4,3,5,4
Stratford,2025-10-01,16,7,25,23
Streatham Common & Vale,2025-10-01,5,1,10,7
Streatham Hill East,2025-10-01,3,1,5,2
Streatham Hill West & Thornton,2025-10-01,4,1,7,8
Streatham St Leonard's,2025-10-01,9,6,12,10
Streatham Wells,2025-10-01,2,1,3,2
Stroud Green,2025-10-01,12,10,14,6
Sudbury,2025-10-01,2,2,2,2
Surbiton Hill,2025-10-01,4,2,6,5
Surrey Docks,2025-10-01,5,3,7,5
Sutton Central,2025-10-01,4,2,6,4
Sutton North,2025-10-01,5,3,7,4
Sutton South,2025-10-01,6,2,10,2
Sutton West & East Cheam,2025-10-01,3,1,5,3
Sydenham,2025-10-01,9,6,12,4
Syon & Brentford Lock,2025-10-01,11,6,16,8
Teddington,2025-10-01,5,4,6,4
Telegraph Hill,2025-10-01,6,3,9,3
Thames View,2025-10-01,1,0,2,1
Thamesfield,2025-10-01,9,3,15,4
Thamesmead East,2025-10-01,3,0,6,5
Thamesmead Moorings,2025-10-01,3,2,4,3
The Wrythe,2025-10-01,3,0,6,4
Thornton Heath,2025-10-01,6,4,8,4
Tokyngton,2025-10-01,2,1,3,2
Tollington,2025-10-01,11,4,18,11
Tolworth,2025-10-01,5,2,8,4
Tooting Bec,2025-10-01,8,5,11,6
Tooting Broadway,2025-10-01,6,0,12,12
Tottenham Central,2025-10-01,6,4,8,7
Tottenham Hale,2025-10-01,7,4,10,8
Totteridge & Woodside,2025-10-01,13,8,18,8
Town,2025-10-01,9,6,12,9
Trinity,2025-10-01,5,3,7,6
Tudor,2025-10-01,3,2,4,3
Tufnell Park,2025-10-01,7,4,10,6
Twickenham Riverside,2025-10-01,5,2,8,4
Underhill,2025-10-01,2,1,3,2
Upminster,2025-10-01,3,1,5,4
Upper Edmonton,2025-10-01,12,6,17,12
Upper Walthamstow,2025-10-01,4,2,6,3
Uxbridge,2025-10-01,9,5,13,10
Valence,2025-10-01,3,0,6,5
Valentines,2025-10-01,1,0,2,1
Valley,2025-10-01,6,0,12,6
Vauxhall,2025-10-01,7,4,10,9
Victoria,2025-10-01,5,2,8,5
Village,2025-10-01,13,7,19,11
Vincent Square,2025-10-01,4,0,8,3
Waddon,2025-10-01,7,2,12,8
Walham Green,2025-10-01,4,1,8,4
Wall End,2025-10-01,3,0,6,4
Wallington North,2025-10-01,3,0,6,6
Wallington South,2025-10-01,7,5,9,7
Walpole,2025-10-01,9,5,13,6
Wandle,2025-10-01,4,1,7,5
Wandsworth Common,2025-10-01,2,0,5,7
Wandsworth Town,2025-10-01,5,0,10,11
Wanstead Park,2025-10-01,2,0,4,1
Wanstead Village,2025-10-01,8,0,16,7
Waterloo & South Bank,2025-10-01,19,15,23,16
Wealdstone North,2025-10-01,4,3,5,4
Wealdstone South,2025-10-01,8,2,14,8
Weavers,2025-10-01,9,2,16,10
Welsh Harp,2025-10-01,6,1,11,6
Wembley Central,2025-10-01,8,5,11,3
Wembley Hill,2025-10-01,5,4,6,5
Wembley Park,2025-10-01,5,4,6,5
Wendell Park,2025-10-01,1,1,1,1
West Barnes,2025-10-01,1,0,2,2
West Drayton,2025-10-01,7,2,12,5
West Dulwich,2025-10-01,3,0,6,11
West End,2025-10-01,58,36,80,41
West Finchley,2025-10-01,12,6,18,9
West Green,2025-10-01,2,0,4,3
West Ham,2025-10-01,4,2,6,4
West Hampstead,2025-10-01,7,3,11,13
West Harrow,2025-10-01,2,1,3,2
West Heath,2025-10-01,3,2,4,3
West Hendon,2025-10-01,13,6,20,17
West Hill,2025-10-01,7,5,9,3
West Kensington,2025-10-01,5,3,7,5
West Putney,2025-10-01,4,1,7,4
West Thamesmead,2025-10-01,1,0,2,1
West Thornton,2025-10-01,9,5,13,12
West Twickenham,2025-10-01,3,0,6,1
West Wickham,2025-10-01,7,0,14,11
Westbourne,2025-10-01,9,5,13,8
Whalebone,2025-10-01,5,3,7,3
Whetstone,2025-10-01,6,4,8,5
White City,2025-10-01,1,0,2,1
White Hart Lane,2025-10-01,7,6,9,7
Whitechapel,2025-10-01,19,8,30,18
Whitewebbs,2025-10-01,6,3,9,6
Whitton,2025-10-01,2,1,3,2
Willesden Green,2025-10-01,4,0,8,6
William Morris,2025-10-01,6,2,9,6
Wimbledon Park,2025-10-01,4,2,6,7
Wimbledon Town & Dundonald,2025-10-01,6,4,8,1
Winchmore Hill,2025-10-01,8,5,11,8
Wood End,2025-10-01,7,1,13,10
Wood Street,2025-10-01,6,4,8,4
Woodberry Down,2025-10-01,6,3,9,6
Woodhouse,2025-10-01,8,5,11,4
Woodside,2025-10-01,10,5,14,12
Woolwich Arsenal,2025-10-01,7,2,12,3
Woolwich Common,2025-10-01,8,4,12,5
Woolwich Dockyard,2025-10-01,4,2,6,4
Worcester Park North,2025-10-01,2,1,3,1
Worcester Park South,2025-10-01,3,2,4,1
Wormholt,2025-10-01,3,2,4,3
Yeading,2025-10-01,6,3,9,5
Yiewsley,2025-10-01,5,0,10,4
Abbey,2025-11-01,6,3,8,6
Abbey Road,2025-11-01,6,3,9,10
Abbey Wood,2025-11-01,7,3,11,7
Abingdon,2025-11-01,4,2,6,3
Addiscombe East,2025-11-01,4,1,7,3
Addiscombe West,2025-11-01,3,0,6,5
Addison,2025-11-01,5,3,7,5
Aldborough,2025-11-01,8,5,10,8
Alexandra,2025-11-01,2,1,3,2
Alexandra Park,2025-11-01,1,0,3,11
Alibon,2025-11-01,4,2,6,5
Alperton,2025-11-01,5,1,9,4
Arnos Grove,2025-11-01,8,6,10,8
Arsenal,2025-11-01,3,0,6,4
Avonmore,2025-11-01,6,4,8,6
Balham,2025-11-01,10,5,15,10
Barking Riverside,2025-11-01,4,0,8,8
Barkingside,2025-11-01,8,3,13,5
Barnehurst,2025-11-01,5,2,7,3
Barnes,2025-11-01,4,0,8,9
Barnet Vale,2025-11-01,7,1,13,10
Barnhill,2025-11-01,6,4,7,6
Barnsbury,2025-11-01,5,3,8,8
Battersea Park,2025-11-01,6,0,11,6
Bayswater,2025-11-01,20,14,26,23
Beam,2025-11-01,5,3,7,5
Beam Park,2025-11-01,6,2,9,9
Beckenham Town & Copers Cope,2025-11-01,8,2,14,5
Beckton,2025-11-01,7,3,11,3
Becontree,2025-11-01,1,0,3,4
Beddington,2025-11-01,5,4,6,4
Bedfont,2025-11-01,5,3,7,5
Bellingham,2025-11-01,1,0,2,1
Belmont,2025-11-01,9,4,13,12
Belmont,2025-11-01,6,4,9,6
Belmore,2025-11-01,9,5,13,8
Belsize,2025-11-01,8,2,14,13
Belvedere,2025-11-01,5,4,6,5
Bensham Manor,2025-11-01,5,2,8,5
Berrylands,2025-11-01,5,3,7,3
Bethnal Green East,2025-11-01,18,12,24,12
Bethnal Green West,2025-11-01,18,8,28,12
Bexleyheath,2025-11-01,3,0,7,7
Bickley & Sundridge,2025-11-01,8,4,12,6
Biggin Hill,2025-11-01,4,3,5,4
Blackfen & Lamorbey,2025-11-01,3,2,4,3
Blackheath,2025-11-01,6,2,11,7
Blackheath Westcombe,2025-11-01,9,6,12,6
Blackwall & Cubitt Town,2025-11-01,7,2,12,9
Blendon & Penhill,2025-11-01,4,3,5,2
Bloomsbury,2025-11-01,28,13,43,32
Boleyn,2025-11-01,6,3,9,6
Borough & Bankside,2025-11-01,19,10,29,27
Bounds Green,2025-11-01,1,0,3,5
Bow East,2025-11-01,12,0,24,24
Bow West,2025-11-01,6,0,12,12
Bowes,2025-11-01,3,2,4,2
Brentford East,2025-11-01,4,1,7,4
Brentford West,2025-11-01,4,3,5,4
Bridge,2025-11-01,5,4,6,4
Brimsdown,2025-11-01,12,8,15,11
Brixton Acre Lane,2025-11-01,8,4,12,11
Brixton North,2025-11-01,8,1,15,8
Brixton Rush Common,2025-11-01,3,0,6,1
Brixton Windrush,2025-11-01,9,0,18,18
Broad Green,2025-11-01,8,5,11,7
Brockley,2025-11-01,8,0,16,7
Bromley Common & Holwood,2025-11-01,3,1,5,5
Bromley North,2025-11-01,7,0,14,5
Bromley South,2025-11-01,4,2,6,4
Bromley Town,2025-11-01,9,6,12,9
Brompton & Hans Town,2025-11-01,10,5,15,14
Brondesbury Park,2025-11-01,9,6,12,9
Brook Green,2025-11-01,8,6,10,7
Brownswood,2025-11-01,5,2,8,8
Bruce Castle,2025-11-01,7,6,8,4
Brunswick Park,2025-11-01,8,2,14,7
Bullsmoor,2025-11-01,4,2,6,4
Bunhill,2025-11-01,9,0,18,7
Burnt Oak,2025-11-01,22,13,31,9
Bush Hill Park,2025-11-01,4,0,8,6
Caledonian,2025-11-01,8,4,11,7
Camberwell Green,2025-11-01,3,0,6,6
Camden Square,2025-11-01,5,4,6,5
Camden Town,2025-11-01,8,5,11,6
Campden,2025-11-01,6,5,7,7
Canary Wharf,2025-11-01,19,14,24,15
Canbury Gardens,2025-11-01,2,1,3,2
Cann Hall,2025-11-01,10,6,14,6
Canning Town North,2025-11-01,9,6,12,8
Canning Town South,2025-11-01,1,0,2,1
Cannon Hill,2025-11-01,1,1,1,1
Canonbury,2025-11-01,4,2,6,5
Canons,2025-11-01,3,2,4,4
Carshalton Central,2025-11-01,5,3,7,7
Carshalton South & Clockhouse,2025-11-01,4,3,5,4
Carterhatch,2025-11-01,6,1,11,4
Catford South,2025-11-01,10,8,12,5
Cathall,2025-11-01,5,0,10,5
Cazenove,2025-11-01,2,0,4,2
Centenary,2025-11-01,6,3,9,7
Central Greenford,2025-11-01,6,2,10,8
Chadwell,2025-11-01,3,0,6,4
Chadwell Heath,2025-11-01,2,0,4,3
Champion Hill,2025-11-01,4,3,5,1
Chapel End,2025-11-01,4,3,5,4
Charlton Hornfair,2025-11-01,3,3,3,3
Charlton Village & Riverside,2025-11-01,3,3,3,3
Charville,2025-11-01,2,0,4,4
Chaucer,2025-11-01,29,20,38,18
Cheam,2025-11-01,2,0,4,1
Chelsea Riverside,2025-11-01,7,5,9,4
Chelsfield,2025-11-01,3,1,5,3
Chessington South & Malden Rushett,2025-11-01,1,0,2,1
Childs Hill,2025-11-01,16,11,21,14
Chingford Green,2025-11-01,5,3,7,5
Chislehurst,2025-11-01,13,10,16,5
Chiswick Gunnersbury,2025-11-01,5,2,8,5
Chiswick Homefields,2025-11-01,11,8,14,6
Chiswick Riverside,2025-11-01,4,3,5,4
Church Street,2025-11-01,9,6,13,7
Churchfields,2025-11-01,6,2,10,7
Clapham Common & Abbeville,2025-11-01,6,2,10,8
Clapham East,2025-11-01,4,0,8,10
Clapham Park,2025-11-01,2,0,4,4
Clapham Town,2025-11-01,12,7,16,13
Clayhall,2025-11-01,5,3,7,4
Clementswood,2025-11-01,2,0,4,4
Clerkenwell,2025-11-01,9,2,16,9
Clissold,2025-11-01,6,0,12,10
Clock House,2025-11-01,6,3,8,3
Cockfosters,2025-11-01,12,10,14,6
Colham & Cowley,2025-11-01,9,5,13,9
Colindale North,2025-11-01,5,4,6,5
Colindale South,2025-11-01,9,4,14,11
College Park & Old Oak,2025-11-01,3,1,5,7
Colliers Wood,2025-11-01,3,0,6,3
Colville,2025-11-01,5,1,10,7
Coningham,2025-11-01,10,7,13,8
Coombe Hill,2025-11-01,2,0,4,1
Coombe Vale,2025-11-01,4,3,5,2
Coulsdon Town,2025-11-01,3,2,4,2
Courtfield,2025-11-01,6,1,11,8
Cranbrook,2025-11-01,3,0,6,5
Cranford,2025-11-01,4,2,7,6
Cranham,2025-11-01,2,0,4,2
Crayford,2025-11-01,4,3,6,4
Cricket Green,2025-11-01,13,7,19,7
Cricklewood,2025-11-01,8,2,13,12
Cricklewood & Mapesbury,2025-11-01,8,6,11,9
Crofton Park,2025-11-01,4,1,7,7
Crook Log,2025-11-01,7,4,10,5
Crouch End,2025-11-01,12,8,16,13
Crystal Palace & Anerley,2025-11-01,3,0,6,4
Crystal Palace & Upper Norwood,2025-11-01,9,6,12,9
Custom House,2025-11-01,4,3,5,4
Dalgarno,2025-11-01,6,4,8,4
Dalston,2025-11-01,8,3,13,12
Darwin,2025-11-01,2,1,3,2
De Beauvoir,2025-11-01,7,1,13,14
Deptford,2025-11-01,9,0,18,7
Dollis Hill,2025-11-01,11,6,16,6
Dormers Wells,2025-11-01,4,3,5,5
Downham,2025-11-01,6,2,10,7
Dulwich Hill,2025-11-01,3,1,5,4
Dulwich Village,2025-11-01,4,3,5,4
Dulwich Wood,2025-11-01,6,5,7,5
Ealing Broadway,2025-11-01,15,8,22,13
Ealing Common,2025-11-01,11,7,15,8
Earl's Court,2025-11-01,9,3,15,13
East Acton,2025-11-01,7,3,11,4
East Barnet,2025-11-01,5,1,9,9
East Finchley,2025-11-01,5,3,8,5
East Greenwich,2025-11-01,8,5,10,5
East Ham,2025-11-01,12,6,17,10
East Ham South,2025-11-01,5,3,7,6
East Putney,2025-11-01,7,4,10,4
East Sheen,2025-11-01,4,0,8,4
East Wickham,2025-11-01,5,3,7,5
Eastbrook & Rush Green,2025-11-01,1,0,2,1
Eastbury,2025-11-01,7,0,14,11
Eastcote,2025-11-01,4,3,5,4
Edgware,2025-11-01,19,11,27,13
Edgwarebury,2025-11-01,7,5,9,7
Edmonton Green,2025-11-01,11,3,18,17
Elm Park,2025-11-01,3,1,5,2
Eltham Page,2025-11-01,8,6,10,4
Eltham Park & Progress,2025-11-01,5,4,6,2
Eltham Town & Avery Hill,2025-11-01,14,10,18,6
Emerson Park,2025-11-01,1,0,2,2
Endlebury,2025-11-01,3,2,4,3
Enfield Lock,2025-11-01,4,0,8,4
Erith,2025-11-01,4,0,8,6
Evelyn,2025-11-01,8,6,10,4
Fairfield,2025-11-01,13,5,21,15
Fairlop,2025-11-01,2,1,3,2
Falconbrook,2025-11-01,5,2,7,8
Falconwood & Welling,2025-11-01,7,4,10,6
Faraday,2025-11-01,11,4,18,18
Farnborough & Crofton,2025-11-01,9,6,12,4
Feltham North,2025-11-01,11,8,14,5
Feltham West,2025-11-01,6,3,9,7
Figge's Marsh,2025-11-01,2,0,4,1
Finchley Church End,2025-11-01,18,13,23,9
Finsbury Park,2025-11-01,6,0,12,10
Forest,2025-11-01,5,0,10,8
Forest Gate North,2025-11-01,3,2,4,3
Forest Gate South,2025-11-01,7,2,12,9
Forest Hill,2025-11-01,7,4,9,7
Fortis Green,2025-11-01,14,10,18,7
Fortune Green,2025-11-01,7,5,9,8
Friern Barnet,2025-11-01,6,0,12,14
Frognal,2025-11-01,15,10,20,7
Fulham Reach,2025-11-01,7,3,11,10
Fulham Town,2025-11-01,5,3,8,6
Fullwell,2025-11-01,4,0,8,6
Fulwell & Hampton Hill,2025-11-01,3,1,5,2
Furzedown,2025-11-01,6,4,8,5
Garden Suburb,2025-11-01,16,11,21,7
Gascoigne,2025-11-01,3,1,5,3
Gipsy Hill,2025-11-01,10,7,13,6
Golborne,2025-11-01,5,1,9,6
Golders Green,2025-11-01,10,7,13,11
Goodmayes,2025-11-01,5,0,10,9
Goose Green,2025-11-01,2,0,4,2
Gooshays,2025-11-01,5,1,9,6
Goresbrook,2025-11-01,2,0,4,2
Gospel Oak,2025-11-01,8,4,12,9
Grange Park,2025-11-01,6,3,8,5
Graveney,2025-11-01,3,2,4,3
Green Lane & St James,2025-11-01,2,1,2,2
Green Street East,2025-11-01,6,3,9,5
Green Street West,2025-11-01,5,2,8,4
Greenford Broadway,2025-11-01,8,5,11,9
Greenhill,2025-11-01,7,2,12,9
Greenwich Creekside,2025-11-01,4,3,5,4
Greenwich Park,2025-11-01,4,2,6,4
Greenwich Peninsula,2025-11-01,13,6,20,16
Grove,2025-11-01,8,6,10,7
Grove Green,2025-11-01,4,1,7,4
Grove Park,2025-11-01,3,0,6,4
Hackbridge,2025-11-01,2,0,4,4
Hackney Central,2025-11-01,8,6,10,9
Hackney Downs,2025-11-01,6,0,12,18
Hackney Wick,2025-11-01,10,3,17,11
Hacton,2025-11-01,3,2,4,3
Haggerston,2025-11-01,5,1,9,5
Hainault,2025-11-01,2,0,4,7
Hale End & Highams Park South,2025-11-01,3,2,4,2
"Ham, Petersham & Richmond Riverside",2025-11-01,4,3,5,4
Hammersmith Broadway,2025-11-01,5,3,7,6
Hampstead Town,2025-11-01,5,2,8,7
Hampton,2025-11-01,3,0,6,6
Hampton North,2025-11-01,1,0,3,3
Hampton Wick & South Teddington,2025-11-01,3,0,6,6
Hanger Hill,2025-11-01,10,6,14,8
Hanwell Broadway,2025-11-01,12,8,16,8
Hanworth Park,2025-11-01,6,5,7,5
Hanworth Village,2025-11-01,6,2,10,8
Harefield Village,2025-11-01,1,0,3,7
Harlesden & Kensal Green,2025-11-01,11,6,16,13
Harold Wood,2025-11-01,3,0,6,9
Harringay,2025-11-01,6,3,9,4
Harrow Road,2025-11-01,8,5,11,7
Harrow Weald,2025-11-01,8,5,12,6
Harrow on the Hill,2025-11-01,4,3,5,2
Haselbury,2025-11-01,8,4,12,4
Hatch End,2025-11-01,3,2,5,3
Hatch Lane & Highams Park North,2025-11-01,5,3,7,5
Havering-atte-Bower,2025-11-01,4,2,6,4
Haverstock,2025-11-01,10,5,15,10
Hayes & Coney Hall,2025-11-01,6,4,8,3
Hayes Town,2025-11-01,12,4,20,12
Headstone,2025-11-01,9,2,15,5
Heath,2025-11-01,1,0,2,1
Heathfield,2025-11-01,3,1,5,2
Heathrow Villages,2025-11-01,13,10,16,10
Heaton,2025-11-01,4,0,8,10
Hendon,2025-11-01,13,10,16,13
Hermitage & Gardens,2025-11-01,2,1,3,2
Herne Hill & Loughborough Junction,2025-11-01,11,6,16,8
Heston Central,2025-11-01,7,5,9,5
Heston East,2025-11-01,3,1,5,4
Heston West,2025-11-01,4,0,8,6
High Barnet,2025-11-01,4,2,6,5
High Street,2025-11-01,4,0,8,6
Higham Hill,2025-11-01,5,4,6,6
Highbury,2025-11-01,4,2,6,7
Highfield,2025-11-01,7,4,9,7
Highgate,2025-11-01,23,16,30,22
Hillingdon East,2025-11-01,3,2,4,3
Hillingdon West,2025-11-01,4,3,5,5
Hillrise,2025-11-01,12,6,18,13
Hillside,2025-11-01,3,2,4,3
Hither Green,2025-11-01,7,5,9,6
Hoe Street,2025-11-01,11,3,19,10
Holborn & Covent Garden,2025-11-01,16,6,26,12
Holland,2025-11-01,5,2,8,9
Holloway,2025-11-01,8,3,13,12
Homerton,2025-11-01,10,7,13,8
Hook & Chessington North,2025-11-01,2,1,3,2
Hornsey,2025-11-01,5,3,7,5
Hounslow Central,2025-11-01,6,4,9,7
Hounslow East,2025-11-01,5,4,6,5
Hounslow Heath,2025-11-01,3,0,6,4
Hounslow South,2025-11-01,2,2,2,2
Hounslow West,2025-11-01,7,3,10,6
Hoxton East & Shoreditch,2025-11-01,18,7,29,24
Hoxton West,2025-11-01,17,10,24,14
Hyde Park,2025-11-01,7,2,12,12
Hylands & Harrow Lodge,2025-11-01,3,1,5,3
Ickenham & South Harefield,2025-11-01,2,0,4,4
Ilford Town,2025-11-01,10,7,13,8
Island Gardens,2025-11-01,6,5,7,4
Isleworth,2025-11-01,1,0,2,3
Jubilee,2025-11-01,10,3,17,12
Junction,2025-11-01,20,15,25,10
Kelsey & Eden Park,2025-11-01,8,6,10,8
Kenley,2025-11-01,1,0,2,1
Kennington,2025-11-01,5,1,9,7
Kentish Town North,2025-11-01,8,5,11,6
Kentish Town South,2025-11-01,7,3,11,8
Kenton,2025-11-01,8,5,11,8
Kenton East,2025-11-01,4,2,6,4
Kenton West,2025-11-01,2,1,3,2
Kew,2025-11-01,1,0,3,5
Kidbrooke Park,2025-11-01,5,2,8,5
Kidbrooke Village & Sutcliffe,2025-11-01,11,7,15,5
Kilburn,2025-11-01,14,0,28,18
King George's & Sunray,2025-11-01,2,2,2,2
King's Cross,2025-11-01,6,2,10,6
King's Park,2025-11-01,2,0,4,5
Kingsbury,2025-11-01,6,4,8,6
Kingston Gate,2025-11-01,2,1,3,2
Kingston Town,2025-11-01,4,2,7,6
Knight's Hill,2025-11-01,6,2,10,6
Knightsbridge & Belgravia,2025-11-01,9,3,15,9
Lady Margaret,2025-11-01,3,2,4,4
Ladywell,2025-11-01,3,1,5,3
Lancaster Gate,2025-11-01,11,4,17,13
Lansbury,2025-11-01,18,9,27,8
Larkswood,2025-11-01,4,1,7,4
Lavender,2025-11-01,4,0,8,6
Lavender Fields,2025-11-01,9,5,13,3
Laycock,2025-11-01,12,6,18,8
Lea Bridge,2025-11-01,12,0,24,16
Lee Green,2025-11-01,2,0,4,3
Lewisham Central,2025-11-01,3,0,6,7
Leyton,2025-11-01,5,0,11,7
Leytonstone,2025-11-01,9,5,12,6
Lillie,2025-11-01,4,3,6,4
Limehouse,2025-11-01,8,7,9,4
Little Ilford,2025-11-01,6,4,8,7
Little Venice,2025-11-01,4,2,7,7
London Bridge & West Bermondsey,2025-11-01,16,7,25,23
London Fields,2025-11-01,8,5,11,7
Longbridge,2025-11-01,3,2,4,3
Longlands,2025-11-01,1,0,2,2
Longthornton,2025-11-01,6,3,9,4
Lower Edmonton,2025-11-01,8,6,10,7
Lower Morden,2025-11-01,3,3,3,3
Loxford,2025-11-01,5,1,9,10
Maida Vale,2025-11-01,7,3,11,7
Manor Park,2025-11-01,3,0,6,4
Markhouse,2025-11-01,2,0,4,2
Marlborough,2025-11-01,2,0,4,2
Marshalls & Rise Park,2025-11-01,20,14,26,3
Maryland,2025-11-01,3,0,5,7
Marylebone,2025-11-01,33,11,55,26
Mawneys,2025-11-01,8,6,10,8
Mayesbrook,2025-11-01,8,3,13,6
Mayfield,2025-11-01,6,5,7,6
Merton Park,2025-11-01,3,2,4,3
Middle Park & Horn Park,2025-11-01,2,1,3,2
Mildmay,2025-11-01,11,8,14,3
Mile End,2025-11-01,17,12,22,14
Mill Hill,2025-11-01,9,4,14,7
Monkhams,2025-11-01,3,2,4,4
Mortlake & Barnes Common,2025-11-01,7,1,13,6
Motspur Park & Old Malden East,2025-11-01,1,0,2,1
Mottingham,2025-11-01,4,3,5,4
"Mottingham, Coldharbour & New Eltham",2025-11-01,5,1,9,2
Munster,2025-11-01,8,6,10,9
Muswell Hill,2025-11-01,1,0,2,3
Myatt's Fields,2025-11-01,6,2,10,2
New Addington North,2025-11-01,2,2,2,2
New Addington South,2025-11-01,3,2,4,4
New Cross Gate,2025-11-01,4,0,8,3
New Malden Village,2025-11-01,4,2,6,3
New Southgate,2025-11-01,4,2,6,5
Newbury,2025-11-01,5,1,9,6
Newington,2025-11-01,8,4,12,10
Nine Elms,2025-11-01,6,4,9,8
Noel Park,2025-11-01,10,8,13,10
Norbiton,2025-11-01,4,1,7,6
Norbury & Pollards Hill,2025-11-01,8,3,13,9
Norbury Park,2025-11-01,1,0,2,1
Norland,2025-11-01,2,0,5,5
North Acton,2025-11-01,11,8,14,10
North Bermondsey,2025-11-01,14,10,18,13
North Cheam,2025-11-01,1,1,1,1
North Greenford,2025-11-01,9,0,18,14
North Hanwell,2025-11-01,5,1,9,8
North Harrow,2025-11-01,3,2,3,3
North Richmond,2025-11-01,2,1,3,2
North Walworth,2025-11-01,11,4,18,19
Northbury,2025-11-01,5,2,8,7
Northcote,2025-11-01,3,2,4,3
Northfield,2025-11-01,4,3,5,4
Northolt Mandeville,2025-11-01,6,1,11,8
Northolt West End,2025-11-01,3,0,6,4
Northumberland Heath,2025-11-01,2,1,3,2
Northumberland Park,2025-11-01,12,9,15,10
Northwick Park,2025-11-01,2,0,4,4
Northwood,2025-11-01,9,7,11,5
Northwood Hills,2025-11-01,6,4,8,7
Norwood Green,2025-11-01,6,4,8,6
Notting Dale,2025-11-01,4,3,5,5
Nunhead & Queen's Road,2025-11-01,9,6,12,9
Oakwood,2025-11-01,2,1,3,2
Old Coulsdon,2025-11-01,3,3,4,3
Old Kent Road,2025-11-01,7,4,10,7
Old Malden,2025-11-01,2,2,2,2
Orpington,2025-11-01,5,2,8,2
Osterley & Spring Grove,2025-11-01,7,3,11,6
Oval,2025-11-01,3,0,6,3
Palace & Hurlingham,2025-11-01,3,0,6,2
Palmers Green,2025-11-01,5,2,8,6
Park Hill & Whitgift,2025-11-01,5,0,10,6
Parsloes,2025-11-01,5,3,7,4
Parsons Green & Sandford,2025-11-01,2,0,4,2
Peckham,2025-11-01,4,0,9,9
Peckham Rye,2025-11-01,6,5,7,5
Pembridge,2025-11-01,6,2,10,11
Penge & Cator,2025-11-01,8,4,12,12
Perivale,2025-11-01,8,5,11,8
Perry Vale,2025-11-01,9,5,13,7
Petts Wood & Knoll,2025-11-01,6,3,9,6
Pimlico North,2025-11-01,11,7,15,11
Pimlico South,2025-11-01,8,5,11,6
Pinkwell,2025-11-01,4,0,8,13
Pinner,2025-11-01,10,7,13,7
Pinner South,2025-11-01,8,5,11,8
Pitshanger,2025-11-01,7,4,11,4
Plaistow,2025-11-01,3,0,6,4
Plaistow North,2025-11-01,8,6,10,6
Plaistow South,2025-11-01,4,2,5,4
Plaistow West & Canning Town East,2025-11-01,8,6,10,9
Plashet,2025-11-01,2,1,3,1
Plumstead & Glyndon,2025-11-01,5,4,6,7
Plumstead Common,2025-11-01,7,3,11,5
Pollards Hill,2025-11-01,2,1,3,2
Ponders End,2025-11-01,7,4,10,11
Poplar,2025-11-01,3,2,4,3
Preston,2025-11-01,2,1,3,2
Primrose Hill,2025-11-01,11,7,16,9
Purley & Woodcote,2025-11-01,12,9,15,10
Purley Oaks & Riddlesdown,2025-11-01,3,2,4,3
Queen's Gate,2025-11-01,5,3,7,5
Queen's Park,2025-11-01,10,6,14,6
Queens Park,2025-11-01,10,5,15,6
Queensbury,2025-11-01,8,5,11,8
Rainham & Wennington,2025-11-01,5,5,6,5
Ravensbury,2025-11-01,3,0,6,5
Ravenscourt,2025-11-01,1,0,2,4
Rayners Lane,2025-11-01,4,3,5,4
Raynes Park,2025-11-01,7,1,13,6
Redcliffe,2025-11-01,14,9,19,6
Regent's Park,2025-11-01,25,20,30,22
Ridgeway,2025-11-01,5,4,7,5
Roehampton,2025-11-01,7,5,9,8
Rotherhithe,2025-11-01,6,0,12,14
Roundwood,2025-11-01,5,0,10,7
Roxbourne,2025-11-01,3,0,6,6
Roxeth,2025-11-01,7,5,8,6
Royal Albert,2025-11-01,12,8,16,5
Royal Hospital,2025-11-01,4,2,6,3
Royal Victoria,2025-11-01,7,4,10,7
Ruislip,2025-11-01,5,1,10,9
Ruislip Manor,2025-11-01,2,1,3,2
Rush Green & Crowlands,2025-11-01,13,7,19,10
Rushey Green,2025-11-01,12,5,19,9
Rye Lane,2025-11-01,11,5,17,11
Sanderstead,2025-11-01,3,0,6,2
Sands End,2025-11-01,3,2,4,2
Selhurst,2025-11-01,6,2,10,8
Selsdon & Addington Village,2025-11-01,3,2,4,3
Selsdon Vale & Forestdale,2025-11-01,5,2,8,3
Seven Kings,2025-11-01,12,9,15,6
Seven Sisters,2025-11-01,4,0,8,9
Shacklewell,2025-11-01,6,3,8,8
Shadwell,2025-11-01,6,2,10,7
Shaftesbury & Queenstown,2025-11-01,6,1,11,9
Shepherd's Bush Green,2025-11-01,7,4,10,8
Shirley North,2025-11-01,3,3,4,3
Shirley South,2025-11-01,3,1,5,3
Shooters Hill,2025-11-01,4,3,4,4
Shortlands & Park Langley,2025-11-01,7,6,8,4
Sidcup,2025-11-01,7,5,8,6
Slade Green & Northend,2025-11-01,3,0,7,6
South Acton,2025-11-01,11,4,18,12
South Balham,2025-11-01,4,1,7,6
South Beddington & Roundshaw,2025-11-01,4,3,5,4
South Bermondsey,2025-11-01,10,5,15,5
South Croydon,2025-11-01,9,5,13,9
South Hampstead,2025-11-01,5,0,10,5
South Hornchurch,2025-11-01,4,3,5,2
South Norwood,2025-11-01,8,5,11,5
South Richmond,2025-11-01,8,4,12,9
South Ruislip,2025-11-01,10,4,15,10
South Tottenham,2025-11-01,9,5,12,8
South Twickenham,2025-11-01,4,3,5,4
South Woodford,2025-11-01,5,3,8,5
Southall Broadway,2025-11-01,8,6,11,8
Southall Green,2025-11-01,4,0,8,4
Southall West,2025-11-01,3,3,4,3
Southbury,2025-11-01,8,4,12,4
Southfield,2025-11-01,6,4,8,6
Southfields,2025-11-01,2,1,3,1
Southgate,2025-11-01,7,3,11,3
Spitalfields & Banglatown,2025-11-01,21,14,28,19
Springfield,2025-11-01,5,0,10,6
Squirrels Heath,2025-11-01,2,0,4,3
St Alban's,2025-11-01,1,0,2,1
St Andrew's,2025-11-01,3,2,4,4
St Ann's,2025-11-01,2,0,4,2
St Dunstan's,2025-11-01,7,5,10,9
St Edward's,2025-11-01,3,0,7,7
St George's,2025-11-01,7,2,12,7
St Giles,2025-11-01,6,0,12,4
St Helier,2025-11-01,1,0,2,1
St Helier East,2025-11-01,1,1,1,1
St Helier West,2025-11-01,6,4,9,6
St James,2025-11-01,4,0,9,9
St James's,2025-11-01,27,18,36,23
St Katharine's & Wapping,2025-11-01,9,6,12,10
St Margarets & North Twickenham,2025-11-01,2,0,4,2
St Mark's & Seething Wells,2025-11-01,2,1,3,2
St Martin's,2025-11-01,7,0,14,14
St Mary Cray,2025-11-01,6,4,8,4
St Mary's,2025-11-01,13,4,22,8
St Mary's & St James,2025-11-01,5,3,7,4
St Mary's & St James',2025-11-01,5,0,10,5
St Pancras & Somers Town,2025-11-01,10,6,14,10
St Paul's Cray,2025-11-01,7,2,12,5
St Peter's & Canalside,2025-11-01,6,1,11,8
St. Helen's,2025-11-01,3,0,5,5
Stamford Hill West,2025-11-01,6,5,7,3
Stanley,2025-11-01,6,1,11,3
Stanmore,2025-11-01,9,4,14,9
Stepney Green,2025-11-01,6,4,8,7
Stockwell East,2025-11-01,5,4,6,5
Stockwell West & Larkhall,2025-11-01,5,0,10,7
Stoke Newington,2025-11-01,2,0,5,8
Stonebridge,2025-11-01,8,3,13,9
Stonecot,2025-11-01,3,2,4,4
Stratford,2025-11-01,20,11,29,16
Streatham Common & Vale,2025-11-01,7,4,10,5
Streatham Hill East,2025-11-01,5,3,7,3
Streatham Hill West & Thornton,2025-11-01,6,2,9,4
Streatham St Leonard's,2025-11-01,7,4,10,9
Streatham Wells,2025-11-01,3,2,4,2
Stroud Green,2025-11-01,8,3,12,12
Sudbury,2025-11-01,2,2,2,2
Surbiton Hill,2025-11-01,5,3,7,4
Surrey Docks,2025-11-01,5,3,7,5
Sutton Central,2025-11-01,6,4,7,4
Sutton North,2025-11-01,3,1,5,5
Sutton South,2025-11-01,6,0,12,6
Sutton West & East Cheam,2025-11-01,3,1,5,3
Sydenham,2025-11-01,7,3,11,9
Syon & Brentford Lock,2025-11-01,5,0,9,11
Teddington,2025-11-01,4,3,5,5
Telegraph Hill,2025-11-01,8,4,12,6
Thames View,2025-11-01,1,0,2,1
Thamesfield,2025-11-01,12,6,18,9
Thamesmead East,2025-11-01,3,0,6,3
Thamesmead Moorings,2025-11-01,3,2,4,3
The Wrythe,2025-11-01,2,0,4,3
Thornton Heath,2025-11-01,3,1,5,6
Tokyngton,2025-11-01,2,1,3,2
Tollington,2025-11-01,17,10,24,11
Tolworth,2025-11-01,5,3,7,5
Tooting Bec,2025-11-01,7,5,9,8
Tooting Broadway,2025-11-01,6,0,12,6
Tottenham Central,2025-11-01,5,3,7,6
Tottenham Hale,2025-11-01,5,3,7,7
Totteridge & Woodside,2025-11-01,12,7,17,13
Town,2025-11-01,9,7,11,9
Trinity,2025-11-01,6,4,8,5
Tudor,2025-11-01,3,3,4,3
Tufnell Park,2025-11-01,8,6,10,7
Twickenham Riverside,2025-11-01,9,6,12,5
Underhill,2025-11-01,4,3,5,2
Upminster,2025-11-01,3,2,5,3
Upper Edmonton,2025-11-01,12,8,16,12
Upper Walthamstow,2025-11-01,8,6,10,4
Uxbridge,2025-11-01,6,1,11,9
Valence,2025-11-01,3,0,6,3
Valentines,2025-11-01,3,1,5,1
Valley,2025-11-01,8,4,12,6
Vauxhall,2025-11-01,7,4,10,7
Victoria,2025-11-01,9,6,12,5
Village,2025-11-01,8,2,14,13
Vincent Square,2025-11-01,4,1,7,4
Waddon,2025-11-01,14,9,19,7
Walham Green,2025-11-01,7,5,9,4
Wall End,2025-11-01,6,3,9,3
Wallington North,2025-11-01,3,0,6,3
Wallington South,2025-11-01,5,3,7,7
Walpole,2025-11-01,6,3,10,9
Wandle,2025-11-01,6,3,9,4
Wandsworth Common,2025-11-01,13,8,18,2
Wandsworth Town,2025-11-01,6,0,12,5
Wanstead Park,2025-11-01,2,0,4,2
Wanstead Village,2025-11-01,4,0,9,8
Waterloo & South Bank,2025-11-01,16,11,20,19
Wealdstone North,2025-11-01,4,3,5,4
Wealdstone South,2025-11-01,8,3,13,8
Weavers,2025-11-01,18,12,24,9
Welsh Harp,2025-11-01,10,5,15,6
Wembley Central,2025-11-01,6,2,10,8
Wembley Hill,2025-11-01,5,4,6,5
Wembley Park,2025-11-01,5,4,6,5
Wendell Park,2025-11-01,1,1,1,1
West Barnes,2025-11-01,3,0,6,1
West Drayton,2025-11-01,5,1,10,7
West Dulwich,2025-11-01,4,0,8,3
West End,2025-11-01,57,31,83,58
West Finchley,2025-11-01,9,3,15,12
West Green,2025-11-01,12,8,16,2
West Ham,2025-11-01,4,2,6,4
West Hampstead,2025-11-01,10,3,16,7
West Harrow,2025-11-01,2,2,2,2
West Heath,2025-11-01,3,2,4,3
West Hendon,2025-11-01,10,3,17,13
West Hill,2025-11-01,5,2,8,7
West Kensington,2025-11-01,5,3,7,5
West Putney,2025-11-01,4,1,7,4
West Thamesmead,2025-11-01,1,0,2,1
West Thornton,2025-11-01,12,7,16,9
West Twickenham,2025-11-01,4,1,7,3
West Wickham,2025-11-01,6,0,12,7
Westbourne,2025-11-01,8,5,11,9
Whalebone,2025-11-01,6,4,8,5
Whetstone,2025-11-01,6,4,8,6
White City,2025-11-01,2,0,4,1
White Hart Lane,2025-11-01,7,6,9,7
Whitechapel,2025-11-01,17,5,29,19
Whitewebbs,2025-11-01,6,4,8,6
Whitton,2025-11-01,2,1,3,2
Willesden Green,2025-11-01,13,6,20,4
William Morris,2025-11-01,6,3,8,6
Wimbledon Park,2025-11-01,7,4,10,4
Wimbledon Town & Dundonald,2025-11-01,1,0,3,6
Winchmore Hill,2025-11-01,6,3,9,8
Wood End,2025-11-01,9,3,15,7
Wood Street,2025-11-01,4,2,7,6
Woodberry Down,2025-11-01,7,4,10,6
Woodhouse,2025-11-01,3,0,7,8
Woodside,2025-11-01,15,10,20,10
Woolwich Arsenal,2025-11-01,6,1,11,7
Woolwich Common,2025-11-01,9,4,14,8
Woolwich Dockyard,2025-11-01,8,6,10,4
Worcester Park North,2025-11-01,1,0,2,2
Worcester Park South,2025-11-01,3,1,5,3
Wormholt,2025-11-01,3,2,4,3
Yeading,2025-11-01,6,3,9,6
Yiewsley,2025-11-01,5,0,10,5
Abbey,2025-12-01,10,8,12,6
Abbey Road,2025-12-01,10,6,14,6
Abbey Wood,2025-12-01,7,4,10,7
Abingdon,2025-12-01,3,1,5,4
Addiscombe East,2025-12-01,4,1,7,4
Addiscombe West,2025-12-01,9,4,14,3
Addison,2025-12-01,11,9,13,5
Aldborough,2025-12-01,7,5,9,8
Alexandra,2025-12-01,3,2,4,2
Alexandra Park,2025-12-01,5,0,10,1
Alibon,2025-12-01,4,2,6,4
Alperton,2025-12-01,7,4,10,5
Arnos Grove,2025-12-01,9,7,11,8
Arsenal,2025-12-01,3,0,6,3
Avonmore,2025-12-01,6,4,8,6
Balham,2025-12-01,7,4,11,10
Barking Riverside,2025-12-01,5,0,10,4
Barkingside,2025-12-01,1,0,3,8
Barnehurst,2025-12-01,5,3,7,5
Barnes,2025-12-01,4,0,8,4
Barnet Vale,2025-12-01,17,12,22,7
Barnhill,2025-12-01,6,5,7,6
Barnsbury,2025-12-01,7,4,10,5
Battersea Park,2025-12-01,6,1,11,6
Bayswater,2025-12-01,25,19,30,20
Beam,2025-12-01,5,3,6,5
Beam Park,2025-12-01,5,1,9,6
Beckenham Town & Copers Cope,2025-12-01,14,9,19,8
Beckton,2025-12-01,5,1,9,7
Becontree,2025-12-01,1,0,2,1
Beddington,2025-12-01,4,3,5,5
Bedfont,2025-12-01,8,7,9,5
Bellingham,2025-12-01,4,1,7,1
Belmont,2025-12-01,7,3,11,9
Belmont,2025-12-01,2,0,4,6
Belmore,2025-12-01,13,9,17,9
Belsize,2025-12-01,13,7,19,8
Belvedere,2025-12-01,5,4,6,5
Bensham Manor,2025-12-01,8,5,11,5
Berrylands,2025-12-01,6,3,8,5
Bethnal Green East,2025-12-01,16,9,23,18
Bethnal Green West,2025-12-01,13,4,22,18
Bexleyheath,2025-12-01,5,1,9,3
Bickley & Sundridge,2025-12-01,15,10,20,8
Biggin Hill,2025-12-01,4,3,5,4
Blackfen & Lamorbey,2025-12-01,6,5,7,3
Blackheath,2025-12-01,11,7,15,6
Blackheath Westcombe,2025-12-01,6,3,10,9
Blackwall & Cubitt Town,2025-12-01,15,10,20,7
Blendon & Penhill,2025-12-01,2,0,4,4
Bloomsbury,2025-12-01,22,8,36,28
Boleyn,2025-12-01,9,7,11,6
Borough & Bankside,2025-12-01,19,10,28,19
Bounds Green,2025-12-01,1,0,2,1
Bow East,2025-12-01,8,0,16,12
Bow West,2025-12-01,3,0,7,6
Bowes,2025-12-01,2,1,3,3
Brentford East,2025-12-01,4,1,7,4
Brentford West,2025-12-01,4,3,5,4
Bridge,2025-12-01,5,4,6,5
Brimsdown,2025-12-01,10,6,14,12
Brixton Acre Lane,2025-12-01,5,2,9,8
Brixton North,2025-12-01,8,3,13,8
Brixton Rush Common,2025-12-01,1,0,2,3
Brixton Windrush,2025-12-01,9,0,18,9
Broad Green,2025-12-01,7,4,10,8
Brockley,2025-12-01,12,4,20,8
Bromley Common & Holwood,2025-12-01,5,3,7,3
Bromley North,2025-12-01,12,6,18,7
Bromley South,2025-12-01,3,1,5,4
Bromley Town,2025-12-01,10,8,12,9
Brompton & Hans Town,2025-12-01,10,6,14,10
Brondesbury Park,2025-12-01,11,8,14,9
Brook Green,2025-12-01,8,6,10,8
Brownswood,2025-12-01,4,0,8,5
Bruce Castle,2025-12-01,4,2,7,7
Brunswick Park,2025-12-01,9,3,15,8
Bullsmoor,2025-12-01,4,2,6,4
Bunhill,2025-12-01,11,2,20,9
Burnt Oak,2025-12-01,9,0,19,22
Bush Hill Park,2025-12-01,6,3,9,4
Caledonian,2025-12-01,8,4,11,8
Camberwell Green,2025-12-01,10,4,16,3
Camden Square,2025-12-01,5,4,6,5
Camden Town,2025-12-01,6,3,10,8
Campden,2025-12-01,6,5,7,6
Canary Wharf,2025-12-01,15,9,21,19
Canbury Gardens,2025-12-01,2,1,3,2
Cann Hall,2025-12-01,5,1,9,10
Canning Town North,2025-12-01,6,3,9,9
Canning Town South,2025-12-01,5,1,9,1
Cannon Hill,2025-12-01,1,1,1,1
Canonbury,2025-12-01,7,5,9,4
Canons,2025-12-01,4,3,5,3
Carshalton Central,2025-12-01,7,4,9,5
Carshalton South & Clockhouse,2025-12-01,4,3,5,4
Carterhatch,2025-12-01,7,2,12,6
Catford South,2025-12-01,3,0,5,10
Cathall,2025-12-01,5,0,10,5
Cazenove,2025-12-01,2,0,4,2
Centenary,2025-12-01,6,3,9,6
Central Greenford,2025-12-01,10,6,14,6
Chadwell,2025-12-01,6,4,8,3
Chadwell Heath,2025-12-01,5,2,8,2
Champion Hill,2025-12-01,2,0,4,4
Chapel End,2025-12-01,4,3,5,4
Charlton Hornfair,2025-12-01,3,3,3,3
Charlton Village & Riverside,2025-12-01,3,2,3,3
Charville,2025-12-01,4,1,7,2
Chaucer,2025-12-01,12,0,24,29
Cheam,2025-12-01,5,0,10,2
Chelsea Riverside,2025-12-01,4,1,8,7
Chelsfield,2025-12-01,5,3,7,3
Chessington South & Malden Rushett,2025-12-01,1,0,2,1
Childs Hill,2025-12-01,16,10,22,16
Chingford Green,2025-12-01,8,6,9,5
Chislehurst,2025-12-01,12,5,19,13
Chiswick Gunnersbury,2025-12-01,7,5,9,5
Chiswick Homefields,2025-12-01,6,1,11,11
Chiswick Riverside,2025-12-01,4,3,5,4
Church Street,2025-12-01,6,3,9,9
Churchfields,2025-12-01,3,0,7,6
Clapham Common & Abbeville,2025-12-01,6,3,9,6
Clapham East,2025-12-01,7,1,13,4
Clapham Park,2025-12-01,2,0,4,2
Clapham Town,2025-12-01,12,8,15,12
Clayhall,2025-12-01,6,4,8,5
Clementswood,2025-12-01,2,0,4,2
Clerkenwell,2025-12-01,8,2,14,9
Clissold,2025-12-01,4,0,8,6
Clock House,2025-12-01,5,2,8,6
Cockfosters,2025-12-01,9,4,14,12
Colham & Cowley,2025-12-01,6,2,10,9
Colindale North,2025-12-01,4,3,5,5
Colindale South,2025-12-01,7,3,11,9
College Park & Old Oak,2025-12-01,6,2,10,3
Colliers Wood,2025-12-01,3,1,5,3
Colville,2025-12-01,11,7,15,5
Coningham,2025-12-01,16,12,20,10
Coombe Hill,2025-12-01,1,0,2,2
Coombe Vale,2025-12-01,2,1,4,4
Coulsdon Town,2025-12-01,3,2,4,3
Courtfield,2025-12-01,9,5,13,6
Cranbrook,2025-12-01,5,1,9,3
Cranford,2025-12-01,4,2,6,4
Cranham,2025-12-01,2,0,4,2
Crayford,2025-12-01,4,3,5,4
Cricket Green,2025-12-01,8,1,14,13
Cricklewood,2025-12-01,8,3,13,8
Cricklewood & Mapesbury,2025-12-01,9,7,11,8
Crofton Park,2025-12-01,4,1,7,4
Crook Log,2025-12-01,7,3,11,7
Crouch End,2025-12-01,17,14,20,12
Crystal Palace & Anerley,2025-12-01,7,5,9,3
Crystal Palace & Upper Norwood,2025-12-01,9,6,12,9
Custom House,2025-12-01,4,3,5,4
Dalgarno,2025-12-01,4,2,6,6
Dalston,2025-12-01,9,4,14,8
Darwin,2025-12-01,2,1,2,2
De Beauvoir,2025-12-01,10,4,16,7
Deptford,2025-12-01,11,4,18,9
Dollis Hill,2025-12-01,13,7,19,11
Dormers Wells,2025-12-01,4,3,5,4
Downham,2025-12-01,6,2,10,6
Dulwich Hill,2025-12-01,2,0,4,3
Dulwich Village,2025-12-01,4,3,5,4
Dulwich Wood,2025-12-01,7,5,9,6
Ealing Broadway,2025-12-01,9,0,18,15
Ealing Common,2025-12-01,7,3,12,11
Earl's Court,2025-12-01,15,10,20,9
East Acton,2025-12-01,4,1,7,7
East Barnet,2025-12-01,5,1,9,5
East Finchley,2025-12-01,10,8,12,5
East Greenwich,2025-12-01,8,5,11,8
East Ham,2025-12-01,10,6,14,12
East Ham South,2025-12-01,5,4,6,5
East Putney,2025-12-01,9,6,12,7
East Sheen,2025-12-01,9,4,14,4
East Wickham,2025-12-01,5,4,6,5
Eastbrook & Rush Green,2025-12-01,2,0,4,1
Eastbury,2025-12-01,16,9,23,7
Eastcote,2025-12-01,4,3,5,4
Edgware,2025-12-01,21,13,29,19
Edgwarebury,2025-12-01,7,5,9,7
Edmonton Green,2025-12-01,10,3,17,11
Elm Park,2025-12-01,2,0,4,3
Eltham Page,2025-12-01,3,0,7,8
Eltham Park & Progress,2025-12-01,2,0,4,5
Eltham Town & Avery Hill,2025-12-01,9,0,18,14
Emerson Park,2025-12-01,7,5,9,1
Endlebury,2025-12-01,3,3,4,3
Enfield Lock,2025-12-01,6,3,9,4
Erith,2025-12-01,2,0,4,4
Evelyn,2025-12-01,5,2,9,8
Fairfield,2025-12-01,19,13,25,13
Fairlop,2025-12-01,2,1,2,2
Falconbrook,2025-12-01,3,0,6,5
Falconwood & Welling,2025-12-01,6,3,10,7
Faraday,2025-12-01,18,11,25,11
Farnborough & Crofton,2025-12-01,4,0,9,9
Feltham North,2025-12-01,6,0,12,11
Feltham West,2025-12-01,5,2,8,6
Figge's Marsh,2025-12-01,1,0,2,2
Finchley Church End,2025-12-01,18,10,26,18
Finsbury Park,2025-12-01,13,6,20,6
Forest,2025-12-01,6,2,10,5
Forest Gate North,2025-12-01,3,2,4,3
Forest Gate South,2025-12-01,5,1,9,7
Forest Hill,2025-12-01,6,4,8,7
Fortis Green,2025-12-01,8,1,14,14
Fortune Green,2025-12-01,10,7,13,7
Friern Barnet,2025-12-01,6,0,12,6
Frognal,2025-12-01,4,0,8,15
Fulham Reach,2025-12-01,5,2,8,7
Fulham Town,2025-12-01,5,3,7,5
Fullwell,2025-12-01,7,3,11,4
Fulwell & Hampton Hill,2025-12-01,2,0,4,3
Furzedown,2025-12-01,6,5,7,6
Garden Suburb,2025-12-01,7,0,14,16
Gascoigne,2025-12-01,3,1,5,3
Gipsy Hill,2025-12-01,6,2,11,10
Golborne,2025-12-01,2,0,5,5
Golders Green,2025-12-01,9,6,12,10
Goodmayes,2025-12-01,5,1,9,5
Goose Green,2025-12-01,4,1,7,2
Gooshays,2025-12-01,5,2,8,5
Goresbrook,2025-12-01,2,0,4,2
Gospel Oak,2025-12-01,3,0,6,8
Grange Park,2025-12-01,6,4,8,6
Graveney,2025-12-01,3,2,4,3
Green Lane & St James,2025-12-01,2,2,2,2
Green Street East,2025-12-01,5,3,7,6
Green Street West,2025-12-01,8,6,10,5
Greenford Broadway,2025-12-01,9,6,12,8
Greenhill,2025-12-01,12,7,17,7
Greenwich Creekside,2025-12-01,4,3,5,4
Greenwich Park,2025-12-01,4,2,5,4
Greenwich Peninsula,2025-12-01,14,9,19,13
Grove,2025-12-01,8,6,9,8
Grove Green,2025-12-01,4,1,7,4
Grove Park,2025-12-01,3,0,6,3
Hackbridge,2025-12-01,2,0,4,2
Hackney Central,2025-12-01,8,6,10,8
Hackney Downs,2025-12-01,3,0,6,6
Hackney Wick,2025-12-01,6,1,11,10
Hacton,2025-12-01,3,2,3,3
Haggerston,2025-12-01,7,4,10,5
Hainault,2025-12-01,4,0,8,2
Hale End & Highams Park South,2025-12-01,7,5,9,3
"Ham, Petersham & Richmond Riverside",2025-12-01,4,3,4,4
Hammersmith Broadway,2025-12-01,3,1,5,5
Hampstead Town,2025-12-01,4,1,7,5
Hampton,2025-12-01,5,1,9,3
Hampton North,2025-12-01,1,0,2,1
Hampton Wick & South Teddington,2025-12-01,6,0,11,3
Hanger Hill,2025-12-01,9,5,13,10
Hanwell Broadway,2025-12-01,10,5,15,12
Hanworth Park,2025-12-01,6,5,7,6
Hanworth Village,2025-12-01,8,4,12,6
Harefield Village,2025-12-01,1,0,2,1
Harlesden & Kensal Green,2025-12-01,10,5,15,11
Harold Wood,2025-12-01,4,0,8,3
Harringay,2025-12-01,4,2,7,6
Harrow Road,2025-12-01,7,4,10,8
Harrow Weald,2025-12-01,9,6,12,8
Harrow on the Hill,2025-12-01,5,3,7,4
Haselbury,2025-12-01,4,0,9,8
Hatch End,2025-12-01,6,4,8,3
Hatch Lane & Highams Park North,2025-12-01,5,3,7,5
Havering-atte-Bower,2025-12-01,4,3,5,4
Haverstock,2025-12-01,11,6,15,10
Hayes & Coney Hall,2025-12-01,8,5,11,6
Hayes Town,2025-12-01,11,5,17,12
Headstone,2025-12-01,8,2,14,9
Heath,2025-12-01,2,1,3,1
Heathfield,2025-12-01,5,3,7,3
Heathrow Villages,2025-12-01,7,3,11,13
Heaton,2025-12-01,3,0,6,4
Hendon,2025-12-01,12,10,14,13
Hermitage & Gardens,2025-12-01,2,1,3,2
Herne Hill & Loughborough Junction,2025-12-01,12,7,16,11
Heston Central,2025-12-01,5,2,8,7
Heston East,2025-12-01,6,4,8,3
Heston West,2025-12-01,6,1,10,4
High Barnet,2025-12-01,4,2,6,4
High Street,2025-12-01,9,4,14,4
Higham Hill,2025-12-01,6,4,7,5
Highbury,2025-12-01,6,3,9,4
Highfield,2025-12-01,7,5,9,7
Highgate,2025-12-01,23,18,28,23
Hillingdon East,2025-12-01,3,3,4,3
Hillingdon West,2025-12-01,4,3,5,4
Hillrise,2025-12-01,14,9,19,12
Hillside,2025-12-01,3,2,4,3
Hither Green,2025-12-01,7,5,9,7
Hoe Street,2025-12-01,7,1,13,11
Holborn & Covent Garden,2025-12-01,17,9,25,16
Holland,2025-12-01,5,1,8,5
Holloway,2025-12-01,9,3,15,8
Homerton,2025-12-01,8,4,12,10
Hook & Chessington North,2025-12-01,2,1,2,2
Hornsey,2025-12-01,6,5,7,5
Hounslow Central,2025-12-01,6,4,8,6
Hounslow East,2025-12-01,6,5,7,5
Hounslow Heath,2025-12-01,3,0,6,3
Hounslow South,2025-12-01,2,2,2,2
Hounslow West,2025-12-01,7,3,11,7
Hoxton East & Shoreditch,2025-12-01,15,7,23,18
Hoxton West,2025-12-01,9,2,16,17
Hyde Park,2025-12-01,8,3,13,7
Hylands & Harrow Lodge,2025-12-01,3,1,5,3
Ickenham & South Harefield,2025-12-01,4,1,7,2
Ilford Town,2025-12-01,7,5,10,10
Island Gardens,2025-12-01,7,5,9,6
Isleworth,2025-12-01,5,3,7,1
Jubilee,2025-12-01,10,4,16,10
Junction,2025-12-01,17,9,25,20
Kelsey & Eden Park,2025-12-01,8,6,10,8
Kenley,2025-12-01,2,1,3,1
Kennington,2025-12-01,9,5,13,5
Kentish Town North,2025-12-01,5,1,9,8
Kentish Town South,2025-12-01,10,6,14,7
Kenton,2025-12-01,8,5,11,8
Kenton East,2025-12-01,5,3,7,4
Kenton West,2025-12-01,2,1,3,2
Kew,2025-12-01,2,0,4,1
Kidbrooke Park,2025-12-01,5,3,7,5
Kidbrooke Village & Sutcliffe,2025-12-01,7,2,12,11
Kilburn,2025-12-01,26,12,40,14
King George's & Sunray,2025-12-01,2,2,2,2
King's Cross,2025-12-01,13,9,17,6
King's Park,2025-12-01,2,0,4,2
Kingsbury,2025-12-01,8,6,10,6
Kingston Gate,2025-12-01,2,1,3,2
Kingston Town,2025-12-01,4,2,6,4
Knight's Hill,2025-12-01,4,0,8,6
Knightsbridge & Belgravia,2025-12-01,10,5,15,9
Lady Margaret,2025-12-01,3,2,4,3
Ladywell,2025-12-01,7,5,9,3
Lancaster Gate,2025-12-01,14,7,21,11
Lansbury,2025-12-01,22,11,33,18
Larkswood,2025-12-01,3,0,6,4
Lavender,2025-12-01,8,3,13,4
Lavender Fields,2025-12-01,7,2,12,9
Laycock,2025-12-01,5,0,10,12
Lea Bridge,2025-12-01,6,0,12,12
Lee Green,2025-12-01,2,0,4,2
Lewisham Central,2025-12-01,6,0,12,3
Leyton,2025-12-01,4,0,8,5
Leytonstone,2025-12-01,9,5,12,9
Lillie,2025-12-01,3,2,4,4
Limehouse,2025-12-01,5,1,8,8
Little Ilford,2025-12-01,7,5,8,6
Little Venice,2025-12-01,5,2,8,4
London Bridge & West Bermondsey,2025-12-01,17,8,26,16
London Fields,2025-12-01,11,8,14,8
Longbridge,2025-12-01,4,3,5,3
Longlands,2025-12-01,3,2,4,1
Longthornton,2025-12-01,6,3,9,6
Lower Edmonton,2025-12-01,5,3,7,8
Lower Morden,2025-12-01,3,3,3,3
Loxford,2025-12-01,10,5,15,5
Maida Vale,2025-12-01,7,4,10,7
Manor Park,2025-12-01,8,3,13,3
Markhouse,2025-12-01,2,1,3,2
Marlborough,2025-12-01,2,0,4,2
Marshalls & Rise Park,2025-12-01,5,0,10,20
Maryland,2025-12-01,2,0,4,3
Marylebone,2025-12-01,36,19,53,33
Mawneys,2025-12-01,3,1,5,8
Mayesbrook,2025-12-01,2,0,4,8
Mayfield,2025-12-01,6,5,6,6
Merton Park,2025-12-01,3,2,3,3
Middle Park & Horn Park,2025-12-01,4,3,5,2
Mildmay,2025-12-01,4,0,8,11
Mile End,2025-12-01,17,10,24,17
Mill Hill,2025-12-01,17,13,21,9
Monkhams,2025-12-01,3,2,4,3
Mortlake & Barnes Common,2025-12-01,7,2,12,7
Motspur Park & Old Malden East,2025-12-01,1,0,2,1
Mottingham,2025-12-01,4,3,5,4
"Mottingham, Coldharbour & New Eltham",2025-12-01,4,0,8,5
Munster,2025-12-01,6,4,8,8
Muswell Hill,2025-12-01,2,0,4,1
Myatt's Fields,2025-12-01,1,0,3,6
New Addington North,2025-12-01,2,2,2,2
New Addington South,2025-12-01,4,3,5,3
New Cross Gate,2025-12-01,6,1,11,4
New Malden Village,2025-12-01,7,5,9,4
New Southgate,2025-12-01,4,2,6,4
Newbury,2025-12-01,10,7,14,5
Newington,2025-12-01,9,6,13,8
Nine Elms,2025-12-01,6,4,8,6
Noel Park,2025-12-01,10,8,12,10
Norbiton,2025-12-01,5,2,7,4
Norbury & Pollards Hill,2025-12-01,10,6,13,8
Norbury Park,2025-12-01,1,0,2,1
Norland,2025-12-01,10,6,14,2
North Acton,2025-12-01,7,4,10,11
North Bermondsey,2025-12-01,7,4,10,14
North Cheam,2025-12-01,1,1,1,1
North Greenford,2025-12-01,10,2,18,9
North Hanwell,2025-12-01,6,2,9,5
North Harrow,2025-12-01,3,3,3,3
North Richmond,2025-12-01,2,1,3,2
North Walworth,2025-12-01,16,8,24,11
Northbury,2025-12-01,5,2,8,5
Northcote,2025-12-01,3,2,4,3
Northfield,2025-12-01,4,3,5,4
Northolt Mandeville,2025-12-01,11,7,15,6
Northolt West End,2025-12-01,4,1,7,3
Northumberland Heath,2025-12-01,2,2,2,2
Northumberland Park,2025-12-01,14,11,17,12
Northwick Park,2025-12-01,3,0,6,2
Northwood,2025-12-01,8,4,12,9
Northwood Hills,2025-12-01,9,6,11,6
Norwood Green,2025-12-01,6,4,8,6
Notting Dale,2025-12-01,5,4,6,4
Nunhead & Queen's Road,2025-12-01,9,6,12,9
Oakwood,2025-12-01,2,1,3,2
Old Coulsdon,2025-12-01,3,3,4,3
Old Kent Road,2025-12-01,14,11,17,7
Old Malden,2025-12-01,2,2,2,2
Orpington,2025-12-01,5,2,8,5
Osterley & Spring Grove,2025-12-01,18,14,22,7
Oval,2025-12-01,3,0,6,3
Palace & Hurlingham,2025-12-01,2,0,4,3
Palmers Green,2025-12-01,5,2,8,5
Park Hill & Whitgift,2025-12-01,6,1,11,5
Parsloes,2025-12-01,6,4,8,5
Parsons Green & Sandford,2025-12-01,5,3,7,2
Peckham,2025-12-01,10,2,18,4
Peckham Rye,2025-12-01,6,4,8,6
Pembridge,2025-12-01,10,6,14,6
Penge & Cator,2025-12-01,9,5,13,8
Perivale,2025-12-01,8,5,11,8
Perry Vale,2025-12-01,7,4,10,9
Petts Wood & Knoll,2025-12-01,5,2,8,6
Pimlico North,2025-12-01,11,8,13,11
Pimlico South,2025-12-01,7,4,11,8
Pinkwell,2025-12-01,9,0,18,4
Pinner,2025-12-01,3,0,6,10
Pinner South,2025-12-01,7,4,10,8
Pitshanger,2025-12-01,10,6,14,7
Plaistow,2025-12-01,13,10,16,3
Plaistow North,2025-12-01,4,2,6,8
Plaistow South,2025-12-01,5,4,6,4
Plaistow West & Canning Town East,2025-12-01,8,6,10,8
Plashet,2025-12-01,1,0,2,2
Plumstead & Glyndon,2025-12-01,7,5,9,5
Plumstead Common,2025-12-01,8,5,11,7
Pollards Hill,2025-12-01,3,2,4,2
Ponders End,2025-12-01,12,8,17,7
Poplar,2025-12-01,3,2,4,3
Preston,2025-12-01,2,1,3,2
Primrose Hill,2025-12-01,12,8,16,11
Purley & Woodcote,2025-12-01,10,6,14,12
Purley Oaks & Riddlesdown,2025-12-01,3,2,4,3
Queen's Gate,2025-12-01,7,5,9,5
Queen's Park,2025-12-01,10,5,15,10
Queens Park,2025-12-01,11,6,16,10
Queensbury,2025-12-01,8,5,11,8
Rainham & Wennington,2025-12-01,5,5,5,5
Ravensbury,2025-12-01,4,0,8,3
Ravenscourt,2025-12-01,1,0,2,1
Rayners Lane,2025-12-01,4,3,5,4
Raynes Park,2025-12-01,4,0,8,7
Redcliffe,2025-12-01,13,6,20,14
Regent's Park,2025-12-01,24,17,31,25
Ridgeway,2025-12-01,5,4,6,5
Roehampton,2025-12-01,5,3,7,7
Rotherhithe,2025-12-01,6,0,12,6
Roundwood,2025-12-01,7,2,12,5
Roxbourne,2025-12-01,5,2,8,3
Roxeth,2025-12-01,7,5,9,7
Royal Albert,2025-12-01,3,0,6,12
Royal Hospital,2025-12-01,5,3,7,4
Royal Victoria,2025-12-01,10,7,13,7
Ruislip,2025-12-01,5,1,9,5
Ruislip Manor,2025-12-01,2,1,3,2
Rush Green & Crowlands,2025-12-01,5,0,10,13
Rushey Green,2025-12-01,8,1,16,12
Rye Lane,2025-12-01,14,10,18,11
Sanderstead,2025-12-01,5,0,10,3
Sands End,2025-12-01,2,1,3,3
Selhurst,2025-12-01,4,0,9,6
Selsdon & Addington Village,2025-12-01,5,4,6,3
Selsdon Vale & Forestdale,2025-12-01,6,3,9,5
Seven Kings,2025-12-01,6,0,12,12
Seven Sisters,2025-12-01,7,2,12,4
Shacklewell,2025-12-01,5,2,8,6
Shadwell,2025-12-01,10,7,13,6
Shaftesbury & Queenstown,2025-12-01,9,5,13,6
Shepherd's Bush Green,2025-12-01,11,8,14,7
Shirley North,2025-12-01,3,3,3,3
Shirley South,2025-12-01,3,1,5,3
Shooters Hill,2025-12-01,4,3,4,4
Shortlands & Park Langley,2025-12-01,6,3,9,7
Sidcup,2025-12-01,7,5,8,7
Slade Green & Northend,2025-12-01,5,2,8,3
South Acton,2025-12-01,11,4,18,11
South Balham,2025-12-01,4,2,6,4
South Beddington & Roundshaw,2025-12-01,4,3,5,4
South Bermondsey,2025-12-01,11,6,16,10
South Croydon,2025-12-01,14,10,18,9
South Hampstead,2025-12-01,9,4,14,5
South Hornchurch,2025-12-01,2,0,4,4
South Norwood,2025-12-01,4,0,8,8
South Richmond,2025-12-01,10,6,14,8
South Ruislip,2025-12-01,6,1,11,10
South Tottenham,2025-12-01,8,5,11,9
South Twickenham,2025-12-01,4,3,5,4
South Woodford,2025-12-01,5,3,7,5
Southall Broadway,2025-12-01,7,5,9,8
Southall Green,2025-12-01,9,5,13,4
Southall West,2025-12-01,3,3,4,3
Southbury,2025-12-01,8,4,12,8
Southfield,2025-12-01,7,5,8,6
Southfields,2025-12-01,2,1,3,2
Southgate,2025-12-01,8,4,12,7
Spitalfields & Banglatown,2025-12-01,15,7,22,21
Springfield,2025-12-01,5,0,10,5
Squirrels Heath,2025-12-01,1,0,2,2
St Alban's,2025-12-01,2,0,4,1
St Andrew's,2025-12-01,3,2,4,3
St Ann's,2025-12-01,4,2,6,2
St Dunstan's,2025-12-01,8,6,10,7
St Edward's,2025-12-01,7,3,11,3
St George's,2025-12-01,3,0,6,7
St Giles,2025-12-01,10,5,15,6
St Helier,2025-12-01,5,1,9,1
St Helier East,2025-12-01,1,1,1,1
St Helier West,2025-12-01,5,2,8,6
St James,2025-12-01,4,0,8,4
St James's,2025-12-01,34,24,44,27
St Katharine's & Wapping,2025-12-01,10,7,13,9
St Margarets & North Twickenham,2025-12-01,3,1,5,2
St Mark's & Seething Wells,2025-12-01,2,1,3,2
St Martin's,2025-12-01,4,0,8,7
St Mary Cray,2025-12-01,6,4,8,6
St Mary's,2025-12-01,7,0,14,13
St Mary's & St James,2025-12-01,3,1,5,5
St Mary's & St James',2025-12-01,5,0,10,5
St Pancras & Somers Town,2025-12-01,13,9,17,10
St Paul's Cray,2025-12-01,6,1,11,7
St Peter's & Canalside,2025-12-01,8,3,13,6
St. Helen's,2025-12-01,2,0,4,3
Stamford Hill West,2025-12-01,3,1,6,6
Stanley,2025-12-01,7,1,13,6
Stanmore,2025-12-01,9,6,12,9
Stepney Green,2025-12-01,6,4,8,6
Stockwell East,2025-12-01,4,3,5,5
Stockwell West & Larkhall,2025-12-01,5,2,8,5
Stoke Newington,2025-12-01,2,0,4,2
Stonebridge,2025-12-01,10,5,16,8
Stonecot,2025-12-01,3,2,4,3
Stratford,2025-12-01,13,4,22,20
Streatham Common & Vale,2025-12-01,5,2,8,7
Streatham Hill East,2025-12-01,7,4,10,5
Streatham Hill West & Thornton,2025-12-01,9,6,12,6
Streatham St Leonard's,2025-12-01,5,1,9,7
Streatham Wells,2025-12-01,2,1,3,3
Stroud Green,2025-12-01,7,2,12,8
Sudbury,2025-12-01,2,2,2,2
Surbiton Hill,2025-12-01,5,3,7,5
Surrey Docks,2025-12-01,5,4,6,5
Sutton Central,2025-12-01,6,4,8,6
Sutton North,2025-12-01,3,1,5,3
Sutton South,2025-12-01,2,0,4,6
Sutton West & East Cheam,2025-12-01,3,1,5,3
Sydenham,2025-12-01,4,0,8,7
Syon & Brentford Lock,2025-12-01,5,0,10,5
Teddington,2025-12-01,4,3,5,4
Telegraph Hill,2025-12-01,9,4,14,8
Thames View,2025-12-01,1,0,1,1
Thamesfield,2025-12-01,9,2,16,12
Thamesmead East,2025-12-01,3,0,5,3
Thamesmead Moorings,2025-12-01,3,2,4,3
The Wrythe,2025-12-01,3,1,5,2
Thornton Heath,2025-12-01,5,2,7,3
Tokyngton,2025-12-01,4,3,5,2
Tollington,2025-12-01,9,2,16,17
Tolworth,2025-12-01,6,4,8,5
Tooting Bec,2025-12-01,5,3,7,7
Tooting Broadway,2025-12-01,8,2,14,6
Tottenham Central,2025-12-01,5,3,7,5
Tottenham Hale,2025-12-01,10,7,13,5
Totteridge & Woodside,2025-12-01,12,7,17,12
Town,2025-12-01,5,3,7,9
Trinity,2025-12-01,6,5,7,6
Tudor,2025-12-01,3,3,4,3
Tufnell Park,2025-12-01,6,3,9,8
Twickenham Riverside,2025-12-01,6,2,10,9
Underhill,2025-12-01,3,1,5,4
Upminster,2025-12-01,4,3,5,3
Upper Edmonton,2025-12-01,12,8,15,12
Upper Walthamstow,2025-12-01,5,0,9,8
Uxbridge,2025-12-01,10,5,15,6
Valence,2025-12-01,4,1,7,3
Valentines,2025-12-01,1,0,2,3
Valley,2025-12-01,6,2,10,8
Vauxhall,2025-12-01,7,4,10,7
Victoria,2025-12-01,5,2,9,9
Village,2025-12-01,12,7,17,8
Vincent Square,2025-12-01,4,1,7,4
Waddon,2025-12-01,11,5,17,14
Walham Green,2025-12-01,5,1,9,7
Wall End,2025-12-01,5,2,8,6
Wallington North,2025-12-01,3,0,5,3
Wallington South,2025-12-01,7,4,9,5
Walpole,2025-12-01,6,2,10,6
Wandle,2025-12-01,5,3,8,6
Wandsworth Common,2025-12-01,5,0,10,13
Wandsworth Town,2025-12-01,10,4,16,6
Wanstead Park,2025-12-01,8,6,10,2
Wanstead Village,2025-12-01,6,0,12,4
Waterloo & South Bank,2025-12-01,15,10,19,16
Wealdstone North,2025-12-01,4,3,5,4
Wealdstone South,2025-12-01,8,5,11,8
Weavers,2025-12-01,16,7,25,18
Welsh Harp,2025-12-01,11,6,16,10
Wembley Central,2025-12-01,5,1,9,6
Wembley Hill,2025-12-01,5,4,6,5
Wembley Park,2025-12-01,5,4,6,5
Wendell Park,2025-12-01,1,1,1,1
West Barnes,2025-12-01,1,0,2,3
West Drayton,2025-12-01,5,1,9,5
West Dulwich,2025-12-01,4,0,8,4
West End,2025-12-01,63,41,85,57
West Finchley,2025-12-01,11,6,16,9
West Green,2025-12-01,6,0,12,12
West Ham,2025-12-01,4,2,6,4
West Hampstead,2025-12-01,7,1,13,10
West Harrow,2025-12-01,2,2,2,2
West Heath,2025-12-01,3,2,4,3
West Hendon,2025-12-01,16,9,23,10
West Hill,2025-12-01,5,2,8,5
West Kensington,2025-12-01,5,3,7,5
West Putney,2025-12-01,9,7,11,4
West Thamesmead,2025-12-01,1,0,2,1
West Thornton,2025-12-01,12,8,16,12
West Twickenham,2025-12-01,1,0,3,4
West Wickham,2025-12-01,2,0,5,6
Westbourne,2025-12-01,8,5,11,8
Whalebone,2025-12-01,5,2,8,6
Whetstone,2025-12-01,6,4,8,6
White City,2025-12-01,1,0,2,2
White Hart Lane,2025-12-01,7,5,9,7
Whitechapel,2025-12-01,23,15,31,17
Whitewebbs,2025-12-01,7,5,9,6
Whitton,2025-12-01,2,1,3,2
Willesden Green,2025-12-01,11,3,19,13
William Morris,2025-12-01,4,2,6,6
Wimbledon Park,2025-12-01,7,4,10,7
Wimbledon Town & Dundonald,2025-12-01,3,0,6,1
Winchmore Hill,2025-12-01,8,6,11,6
Wood End,2025-12-01,12,8,17,9
Wood Street,2025-12-01,4,2,6,4
Woodberry Down,2025-12-01,7,4,10,7
Woodhouse,2025-12-01,8,4,12,3
Woodside,2025-12-01,16,11,21,15
Woolwich Arsenal,2025-12-01,3,0,6,6
Woolwich Common,2025-12-01,3,0,6,9
Woolwich Dockyard,2025-12-01,4,0,9,8
Worcester Park North,2025-12-01,1,0,2,1
Worcester Park South,2025-12-01,1,0,2,3
Wormholt,2025-12-01,3,3,3,3
Yeading,2025-12-01,7,5,9,6
Yiewsley,2025-12-01,5,0,10,5
Abbey,2026-01-01,7,3,11,10
Abbey Road,2026-01-01,8,4,12,10
Abbey Wood,2026-01-01,4,1,7,7
Abingdon,2026-01-01,3,2,4,3
Addiscombe East,2026-01-01,4,1,7,4
Addiscombe West,2026-01-01,5,0,10,9
Addison,2026-01-01,4,0,8,11
Aldborough,2026-01-01,8,6,10,7
Alexandra,2026-01-01,2,1,3,3
Alexandra Park,2026-01-01,1,0,3,5
Alibon,2026-01-01,4,3,6,4
Alperton,2026-01-01,4,1,8,7
Arnos Grove,2026-01-01,8,6,10,9
Arsenal,2026-01-01,5,1,9,3
Avonmore,2026-01-01,5,4,6,6
Balham,2026-01-01,7,3,11,7
Barking Riverside,2026-01-01,5,0,10,5
Barkingside,2026-01-01,1,0,2,1
Barnehurst,2026-01-01,5,3,7,5
Barnes,2026-01-01,3,0,6,4
Barnet Vale,2026-01-01,8,0,16,17
Barnhill,2026-01-01,6,5,7,6
Barnsbury,2026-01-01,5,3,8,7
Battersea Park,2026-01-01,12,8,16,6
Bayswater,2026-01-01,25,19,31,25
Beam,2026-01-01,5,4,6,5
Beam Park,2026-01-01,5,2,9,5
Beckenham Town & Copers Cope,2026-01-01,20,12,28,14
Beckton,2026-01-01,3,0,6,5
Becontree,2026-01-01,1,0,2,1
Beddington,2026-01-01,4,3,5,4
Bedfont,2026-01-01,5,3,8,8
Bellingham,2026-01-01,4,1,7,4
Belmont,2026-01-01,12,8,16,7
Belmont,2026-01-01,2,0,4,2
Belmore,2026-01-01,9,3,15,13
Belsize,2026-01-01,10,4,16,13
Belvedere,2026-01-01,5,5,5,5
Bensham Manor,2026-01-01,9,6,12,8
Berrylands,2026-01-01,3,0,6,6
Bethnal Green East,2026-01-01,22,15,29,16
Bethnal Green West,2026-01-01,22,13,31,13
Bexleyheath,2026-01-01,6,3,9,5
Bickley & Sundridge,2026-01-01,13,5,21,15
Biggin Hill,2026-01-01,4,4,4,4
Blackfen & Lamorbey,2026-01-01,3,1,6,6
Blackheath,2026-01-01,7,2,11,11
Blackheath Westcombe,2026-01-01,5,2,8,6
Blackwall & Cubitt Town,2026-01-01,7,1,14,15
Blendon & Penhill,2026-01-01,3,1,5,2
Bloomsbury,2026-01-01,25,14,36,22
Boleyn,2026-01-01,10,7,13,9
Borough & Bankside,2026-01-01,22,13,31,19
Bounds Green,2026-01-01,6,2,10,1
Bow East,2026-01-01,6,0,12,8
Bow West,2026-01-01,3,0,6,3
Bowes,2026-01-01,2,1,3,2
Brentford East,2026-01-01,4,2,6,4
Brentford West,2026-01-01,4,3,5,4
Bridge,2026-01-01,5,4,6,5
Brimsdown,2026-01-01,11,8,14,10
Brixton Acre Lane,2026-01-01,5,1,9,5
Brixton North,2026-01-01,7,3,11,8
Brixton Rush Common,2026-01-01,1,0,2,1
Brixton Windrush,2026-01-01,10,1,19,9
Broad Green,2026-01-01,8,6,10,7
Brockley,2026-01-01,10,1,19,12
Bromley Common & Holwood,2026-01-01,4,2,6,5
Bromley North,2026-01-01,6,0,12,12
Bromley South,2026-01-01,3,1,5,3
Bromley Town,2026-01-01,8,6,10,10
Brompton & Hans Town,2026-01-01,9,5,13,10
Brondesbury Park,2026-01-01,7,4,10,11
Brook Green,2026-01-01,8,6,10,8
Brownswood,2026-01-01,4,0,8,4
Bruce Castle,2026-01-01,4,1,7,4
Brunswick Park,2026-01-01,11,7,16,9
Bullsmoor,2026-01-01,4,3,5,4
Bunhill,2026-01-01,12,5,19,11
Burnt Oak,2026-01-01,6,0,12,9
Bush Hill Park,2026-01-01,7,4,10,6
Caledonian,2026-01-01,7,5,9,8
Camberwell Green,2026-01-01,6,0,12,10
Camden Square,2026-01-01,5,4,6,5
Camden Town,2026-01-01,13,10,16,6
Campden,2026-01-01,6,5,7,6
Canary Wharf,2026-01-01,14,8,20,15
Canbury Gardens,2026-01-01,2,1,3,2
Cann Hall,2026-01-01,6,1,11,5
Canning Town North,2026-01-01,10,7,13,6
Canning Town South,2026-01-01,11,6,16,5
Cannon Hill,2026-01-01,1,1,1,1
Canonbury,2026-01-01,4,1,7,7
Canons,2026-01-01,4,3,5,4
Carshalton Central,2026-01-01,3,0,6,7
Carshalton South & Clockhouse,2026-01-01,3,2,4,4
Carterhatch,2026-01-01,3,0,7,7
Catford South,2026-01-01,8,2,14,3
Cathall,2026-01-01,5,0,10,5
Cazenove,2026-01-01,2,0,4,2
Centenary,2026-01-01,6,4,8,6
Central Greenford,2026-01-01,11,6,15,10
Chadwell,2026-01-01,4,1,7,6
Chadwell Heath,2026-01-01,3,0,6,5
Champion Hill,2026-01-01,1,0,2,2
Chapel End,2026-01-01,7,6,8,4
Charlton Hornfair,2026-01-01,3,3,3,3
Charlton Village & Riverside,2026-01-01,3,3,3,3
Charville,2026-01-01,4,1,7,4
Chaucer,2026-01-01,9,0,18,12
Cheam,2026-01-01,5,0,10,5
Chelsea Riverside,2026-01-01,8,5,11,4
Chelsfield,2026-01-01,7,5,9,5
Chessington South & Malden Rushett,2026-01-01,1,0,2,1
Childs Hill,2026-01-01,15,10,20,16
Chingford Green,2026-01-01,5,2,8,8
Chislehurst,2026-01-01,10,3,17,12
Chiswick Gunnersbury,2026-01-01,5,3,8,7
Chiswick Homefields,2026-01-01,4,0,8,6
Chiswick Riverside,2026-01-01,4,3,5,4
Church Street,2026-01-01,7,4,10,6
Churchfields,2026-01-01,3,0,6,3
Clapham Common & Abbeville,2026-01-01,4,1,7,6
Clapham East,2026-01-01,4,0,7,7
Clapham Park,2026-01-01,3,1,5,2
Clapham Town,2026-01-01,7,4,10,12
Clayhall,2026-01-01,4,2,6,6
Clementswood,2026-01-01,3,1,5,2
Clerkenwell,2026-01-01,8,3,13,8
Clissold,2026-01-01,3,0,6,4
Clock House,2026-01-01,6,3,8,5
Cockfosters,2026-01-01,6,1,11,9
Colham & Cowley,2026-01-01,12,8,16,6
Colindale North,2026-01-01,5,4,6,4
Colindale South,2026-01-01,11,7,15,7
College Park & Old Oak,2026-01-01,8,4,11,6
Colliers Wood,2026-01-01,6,4,8,3
Colville,2026-01-01,5,0,10,11
Coningham,2026-01-01,7,0,14,16
Coombe Hill,2026-01-01,2,1,3,1
Coombe Vale,2026-01-01,2,0,4,2
Coulsdon Town,2026-01-01,2,1,3,3
Courtfield,2026-01-01,4,0,8,9
Cranbrook,2026-01-01,5,2,8,5
Cranford,2026-01-01,4,2,6,4
Cranham,2026-01-01,2,1,3,2
Crayford,2026-01-01,3,2,4,4
Cricket Green,2026-01-01,7,1,13,8
Cricklewood,2026-01-01,8,3,13,8
Cricklewood & Mapesbury,2026-01-01,8,6,10,9
Crofton Park,2026-01-01,7,3,10,4
Crook Log,2026-01-01,8,4,12,7
Crouch End,2026-01-01,14,9,19,17
Crystal Palace & Anerley,2026-01-01,5,1,9,7
Crystal Palace & Upper Norwood,2026-01-01,7,5,9,9
Custom House,2026-01-01,3,2,4,4
Dalgarno,2026-01-01,4,2,6,4
Dalston,2026-01-01,7,3,11,9
Darwin,2026-01-01,2,2,2,2
De Beauvoir,2026-01-01,12,6,18,10
Deptford,2026-01-01,10,4,16,11
Dollis Hill,2026-01-01,8,2,14,13
Dormers Wells,2026-01-01,4,3,5,4
Downham,2026-01-01,2,0,4,6
Dulwich Hill,2026-01-01,2,0,4,2
Dulwich Village,2026-01-01,4,3,4,4
Dulwich Wood,2026-01-01,5,3,7,7
Ealing Broadway,2026-01-01,18,11,25,9
Ealing Common,2026-01-01,7,3,11,7
Earl's Court,2026-01-01,13,8,19,15
East Acton,2026-01-01,6,3,9,4
East Barnet,2026-01-01,8,4,12,5
East Finchley,2026-01-01,13,8,18,10
East Greenwich,2026-01-01,8,5,11,8
East Ham,2026-01-01,9,5,13,10
East Ham South,2026-01-01,5,4,6,5
East Putney,2026-01-01,8,4,12,9
East Sheen,2026-01-01,6,1,11,9
East Wickham,2026-01-01,5,4,6,5
Eastbrook & Rush Green,2026-01-01,1,0,2,2
Eastbury,2026-01-01,10,2,18,16
Eastcote,2026-01-01,4,3,5,4
Edgware,2026-01-01,17,8,26,21
Edgwarebury,2026-01-01,9,7,11,7
Edmonton Green,2026-01-01,12,5,19,10
Elm Park,2026-01-01,2,0,3,2
Eltham Page,2026-01-01,3,0,6,3
Eltham Park & Progress,2026-01-01,4,1,7,2
Eltham Town & Avery Hill,2026-01-01,17,9,25,9
Emerson Park,2026-01-01,1,0,3,7
Endlebury,2026-01-01,3,3,3,3
Enfield Lock,2026-01-01,9,5,13,6
Erith,2026-01-01,2,0,4,2
Evelyn,2026-01-01,5,2,8,5
Fairfield,2026-01-01,15,8,22,19
Fairlop,2026-01-01,2,1,2,2
Falconbrook,2026-01-01,4,0,8,3
Falconwood & Welling,2026-01-01,7,4,10,6
Faraday,2026-01-01,19,12,26,18
Farnborough & Crofton,2026-01-01,7,3,11,4
Feltham North,2026-01-01,4,0,8,6
Feltham West,2026-01-01,4,1,7,5
Figge's Marsh,2026-01-01,1,0,2,1
Finchley Church End,2026-01-01,15,7,24,18
Finsbury Park,2026-01-01,5,0,10,13
Forest,2026-01-01,5,1,9,6
Forest Gate North,2026-01-01,3,2,4,3
Forest Gate South,2026-01-01,8,4,13,5
Forest Hill,2026-01-01,5,3,7,6
Fortis Green,2026-01-01,12,5,19,8
Fortune Green,2026-01-01,7,4,10,10
Friern Barnet,2026-01-01,5,0,10,6
Frognal,2026-01-01,6,0,12,4
Fulham Reach,2026-01-01,6,2,9,5
Fulham Town,2026-01-01,5,3,7,5
Fullwell,2026-01-01,4,0,8,7
Fulwell & Hampton Hill,2026-01-01,2,1,3,2
Furzedown,2026-01-01,6,5,7,6
Garden Suburb,2026-01-01,8,0,16,7
Gascoigne,2026-01-01,5,4,6,3
Gipsy Hill,2026-01-01,6,2,10,6
Golborne,2026-01-01,3,0,6,2
Golders Green,2026-01-01,9,7,11,9
Goodmayes,2026-01-01,3,0,6,5
Goose Green,2026-01-01,7,3,11,4
Gooshays,2026-01-01,4,1,7,5
Goresbrook,2026-01-01,2,1,3,2
Gospel Oak,2026-01-01,6,0,11,3
Grange Park,2026-01-01,6,4,8,6
Graveney,2026-01-01,4,3,5,3
Green Lane & St James,2026-01-01,2,2,2,2
Green Street East,2026-01-01,5,3,7,5
Green Street West,2026-01-01,4,1,8,8
Greenford Broadway,2026-01-01,8,5,11,9
Greenhill,2026-01-01,6,1,11,12
Greenwich Creekside,2026-01-01,4,3,5,4
Greenwich Park,2026-01-01,4,2,5,4
Greenwich Peninsula,2026-01-01,22,17,27,14
Grove,2026-01-01,7,5,9,8
Grove Green,2026-01-01,4,2,6,4
Grove Park,2026-01-01,7,5,9,3
Hackbridge,2026-01-01,2,0,4,2
Hackney Central,2026-01-01,8,6,10,8
Hackney Downs,2026-01-01,2,0,4,3
Hackney Wick,2026-01-01,3,0,6,6
Hacton,2026-01-01,3,3,3,3
Haggerston,2026-01-01,9,6,12,7
Hainault,2026-01-01,1,0,2,4
Hale End & Highams Park South,2026-01-01,2,0,5,7
"Ham, Petersham & Richmond Riverside",2026-01-01,4,4,4,4
Hammersmith Broadway,2026-01-01,5,2,7,3
Hampstead Town,2026-01-01,4,1,7,4
Hampton,2026-01-01,3,0,6,5
Hampton North,2026-01-01,1,0,2,1
Hampton Wick & South Teddington,2026-01-01,4,0,8,6
Hanger Hill,2026-01-01,12,8,16,9
Hanwell Broadway,2026-01-01,7,3,11,10
Hanworth Park,2026-01-01,6,5,7,6
Hanworth Village,2026-01-01,6,3,9,8
Harefield Village,2026-01-01,1,0,2,1
Harlesden & Kensal Green,2026-01-01,10,6,14,10
Harold Wood,2026-01-01,7,1,13,4
Harringay,2026-01-01,4,1,6,4
Harrow Road,2026-01-01,9,6,11,7
Harrow Weald,2026-01-01,8,5,11,9
Harrow on the Hill,2026-01-01,2,0,4,5
Haselbury,2026-01-01,6,1,11,4
Hatch End,2026-01-01,3,1,6,6
Hatch Lane & Highams Park North,2026-01-01,5,4,7,5
Havering-atte-Bower,2026-01-01,4,3,5,4
Haverstock,2026-01-01,15,12,18,11
Hayes & Coney Hall,2026-01-01,3,0,7,8
Hayes Town,2026-01-01,12,7,17,11
Headstone,2026-01-01,6,1,11,8
Heath,2026-01-01,1,0,2,2
Heathfield,2026-01-01,7,4,10,5
Heathrow Villages,2026-01-01,9,4,13,7
Heaton,2026-01-01,4,0,8,3
Hendon,2026-01-01,20,18,22,12
Hermitage & Gardens,2026-01-01,2,1,3,2
Herne Hill & Loughborough Junction,2026-01-01,7,3,11,12
Heston Central,2026-01-01,7,5,10,5
Heston East,2026-01-01,3,1,6,6
Heston West,2026-01-01,6,2,10,6
High Barnet,2026-01-01,6,4,8,4
High Street,2026-01-01,5,0,9,9
Higham Hill,2026-01-01,6,4,8,6
Highbury,2026-01-01,4,1,7,6
Highfield,2026-01-01,8,7,9,7
Highgate,2026-01-01,17,12,22,23
Hillingdon East,2026-01-01,3,2,3,3
Hillingdon West,2026-01-01,3,2,4,4
Hillrise,2026-01-01,14,9,19,14
Hillside,2026-01-01,3,2,4,3
Hither Green,2026-01-01,7,6,8,7
Hoe Street,2026-01-01,10,5,16,7
Holborn & Covent Garden,2026-01-01,16,8,24,17
Holland,2026-01-01,7,3,11,5
Holloway,2026-01-01,10,5,15,9
Homerton,2026-01-01,8,4,12,8
Hook & Chessington North,2026-01-01,3,2,4,2
Hornsey,2026-01-01,6,5,7,6
Hounslow Central,2026-01-01,6,4,8,6
Hounslow East,2026-01-01,5,4,6,6
Hounslow Heath,2026-01-01,2,0,4,3
Hounslow South,2026-01-01,2,2,2,2
Hounslow West,2026-01-01,5,2,8,7
Hoxton East & Shoreditch,2026-01-01,21,12,30,15
Hoxton West,2026-01-01,5,0,11,9
Hyde Park,2026-01-01,11,6,16,8
Hylands & Harrow Lodge,2026-01-01,3,2,5,3
Ickenham & South Harefield,2026-01-01,3,0,6,4
Ilford Town,2026-01-01,7,4,10,7
Island Gardens,2026-01-01,4,2,7,7
Isleworth,2026-01-01,1,0,3,5
Jubilee,2026-01-01,10,5,15,10
Junction,2026-01-01,16,8,24,17
Kelsey & Eden Park,2026-01-01,8,7,9,8
Kenley,2026-01-01,3,1,5,2
Kennington,2026-01-01,7,3,11,9
Kentish Town North,2026-01-01,4,1,7,5
Kentish Town South,2026-01-01,10,6,13,10
Kenton,2026-01-01,7,5,9,8
Kenton East,2026-01-01,6,4,8,5
Kenton West,2026-01-01,3,2,4,2
Kew,2026-01-01,17,11,23,2
Kidbrooke Park,2026-01-01,4,3,6,5
Kidbrooke Village & Sutcliffe,2026-01-01,6,1,11,7
Kilburn,2026-01-01,20,6,34,26
King George's & Sunray,2026-01-01,2,2,2,2
King's Cross,2026-01-01,7,1,13,13
King's Park,2026-01-01,1,0,2,2
Kingsbury,2026-01-01,4,2,6,8
Kingston Gate,2026-01-01,2,1,3,2
Kingston Town,2026-01-01,4,2,6,4
Knight's Hill,2026-01-01,2,0,4,4
Knightsbridge & Belgravia,2026-01-01,9,5,13,10
Lady Margaret,2026-01-01,3,2,4,3
Ladywell,2026-01-01,3,0,7,7
Lancaster Gate,2026-01-01,12,6,18,14
Lansbury,2026-01-01,14,2,26,22
Larkswood,2026-01-01,7,4,10,3
Lavender,2026-01-01,7,3,11,8
Lavender Fields,2026-01-01,10,5,15,7
Laycock,2026-01-01,7,0,14,5
Lea Bridge,2026-01-01,9,0,18,6
Lee Green,2026-01-01,4,2,6,2
Lewisham Central,2026-01-01,2,0,5,6
Leyton,2026-01-01,5,0,10,4
Leytonstone,2026-01-01,7,4,10,9
Lillie,2026-01-01,4,2,5,3
Limehouse,2026-01-01,4,1,7,5
Little Ilford,2026-01-01,5,4,6,7
Little Venice,2026-01-01,4,2,6,5
London Bridge & West Bermondsey,2026-01-01,16,9,23,17
London Fields,2026-01-01,11,7,15,11
Longbridge,2026-01-01,4,3,5,4
Longlands,2026-01-01,1,0,2,3
Longthornton,2026-01-01,6,4,8,6
Lower Edmonton,2026-01-01,5,2,8,5
Lower Morden,2026-01-01,3,3,3,3
Loxford,2026-01-01,6,1,11,10
Maida Vale,2026-01-01,5,2,8,7
Manor Park,2026-01-01,3,0,7,8
Markhouse,2026-01-01,2,1,3,2
Marlborough,2026-01-01,2,0,4,2
Marshalls & Rise Park,2026-01-01,5,0,10,5
Maryland,2026-01-01,2,0,4,2
Marylebone,2026-01-01,23,6,40,36
Mawneys,2026-01-01,7,3,11,3
Mayesbrook,2026-01-01,2,0,4,2
Mayfield,2026-01-01,6,5,6,6
Merton Park,2026-01-01,3,2,3,3
Middle Park & Horn Park,2026-01-01,2,0,4,4
Mildmay,2026-01-01,3,0,6,4
Mile End,2026-01-01,13,8,18,17
Mill Hill,2026-01-01,10,2,18,17
Monkhams,2026-01-01,4,3,5,3
Mortlake & Barnes Common,2026-01-01,7,3,11,7
Motspur Park & Old Malden East,2026-01-01,4,2,6,1
Mottingham,2026-01-01,4,3,4,4
"Mottingham, Coldharbour & New Eltham",2026-01-01,3,0,6,4
Munster,2026-01-01,8,6,11,6
Muswell Hill,2026-01-01,1,0,2,2
Myatt's Fields,2026-01-01,1,0,2,1
New Addington North,2026-01-01,2,2,2,2
New Addington South,2026-01-01,4,3,5,4
New Cross Gate,2026-01-01,4,0,8,6
New Malden Village,2026-01-01,5,2,8,7
New Southgate,2026-01-01,4,3,5,4
Newbury,2026-01-01,7,2,12,10
Newington,2026-01-01,17,14,20,9
Nine Elms,2026-01-01,6,4,8,6
Noel Park,2026-01-01,9,8,10,10
Norbiton,2026-01-01,5,3,7,5
Norbury & Pollards Hill,2026-01-01,10,7,13,10
Norbury Park,2026-01-01,1,0,2,1
Norland,2026-01-01,3,0,5,10
North Acton,2026-01-01,11,7,15,7
North Bermondsey,2026-01-01,10,4,16,7
North Cheam,2026-01-01,1,1,1,1
North Greenford,2026-01-01,8,1,15,10
North Hanwell,2026-01-01,8,5,11,6
North Harrow,2026-01-01,3,3,3,3
North Richmond,2026-01-01,3,2,4,2
North Walworth,2026-01-01,11,4,18,16
Northbury,2026-01-01,3,0,6,5
Northcote,2026-01-01,3,2,4,3
Northfield,2026-01-01,6,5,7,4
Northolt Mandeville,2026-01-01,11,6,16,11
Northolt West End,2026-01-01,4,2,6,4
Northumberland Heath,2026-01-01,2,2,2,2
Northumberland Park,2026-01-01,11,7,15,14
Northwick Park,2026-01-01,2,0,4,3
Northwood,2026-01-01,9,5,13,8
Northwood Hills,2026-01-01,5,2,8,9
Norwood Green,2026-01-01,5,4,6,6
Notting Dale,2026-01-01,5,4,6,5
Nunhead & Queen's Road,2026-01-01,9,7,11,9
Oakwood,2026-01-01,4,3,5,2
Old Coulsdon,2026-01-01,3,3,3,3
Old Kent Road,2026-01-01,8,2,14,14
Old Malden,2026-01-01,2,2,2,2
Orpington,2026-01-01,3,0,6,5
Osterley & Spring Grove,2026-01-01,5,0,10,18
Oval,2026-01-01,3,0,6,3
Palace & Hurlingham,2026-01-01,2,0,4,2
Palmers Green,2026-01-01,8,6,10,5
Park Hill & Whitgift,2026-01-01,8,4,12,6
Parsloes,2026-01-01,6,4,8,6
Parsons Green & Sandford,2026-01-01,2,0,5,5
Peckham,2026-01-01,12,5,19,10
Peckham Rye,2026-01-01,3,1,5,6
Pembridge,2026-01-01,11,7,15,10
Penge & Cator,2026-01-01,7,3,11,9
Perivale,2026-01-01,8,6,10,8
Perry Vale,2026-01-01,7,4,10,7
Petts Wood & Knoll,2026-01-01,6,4,7,5
Pimlico North,2026-01-01,11,8,13,11
Pimlico South,2026-01-01,7,4,10,7
Pinkwell,2026-01-01,14,4,23,9
Pinner,2026-01-01,7,2,12,3
Pinner South,2026-01-01,5,3,7,7
Pitshanger,2026-01-01,5,0,10,10
Plaistow,2026-01-01,7,0,14,13
Plaistow North,2026-01-01,6,3,9,4
Plaistow South,2026-01-01,4,3,5,5
Plaistow West & Canning Town East,2026-01-01,8,6,10,8
Plashet,2026-01-01,1,0,2,1
Plumstead & Glyndon,2026-01-01,7,5,9,7
Plumstead Common,2026-01-01,9,6,12,8
Pollards Hill,2026-01-01,2,1,4,3
Ponders End,2026-01-01,13,9,18,12
Poplar,2026-01-01,4,3,5,3
Preston,2026-01-01,4,3,5,2
Primrose Hill,2026-01-01,15,10,20,12
Purley & Woodcote,2026-01-01,10,7,13,10
Purley Oaks & Riddlesdown,2026-01-01,6,5,7,3
Queen's Gate,2026-01-01,6,4,8,7
Queen's Park,2026-01-01,9,4,14,10
Queens Park,2026-01-01,7,2,12,11
Queensbury,2026-01-01,8,6,10,8
Rainham & Wennington,2026-01-01,5,5,5,5
Ravensbury,2026-01-01,7,4,10,4
Ravenscourt,2026-01-01,2,0,4,1
Rayners Lane,2026-01-01,4,3,5,4
Raynes Park,2026-01-01,4,0,8,4
Redcliffe,2026-01-01,7,0,13,13
Regent's Park,2026-01-01,22,17,27,24
Ridgeway,2026-01-01,8,7,9,5
Roehampton,2026-01-01,8,5,11,5
Rotherhithe,2026-01-01,3,0,6,6
Roundwood,2026-01-01,5,0,10,7
Roxbourne,2026-01-01,7,3,10,5
Roxeth,2026-01-01,7,5,8,7
Royal Albert,2026-01-01,5,0,10,3
Royal Hospital,2026-01-01,3,1,5,5
Royal Victoria,2026-01-01,5,2,9,10
Ruislip,2026-01-01,9,5,13,5
Ruislip Manor,2026-01-01,2,1,2,2
Rush Green & Crowlands,2026-01-01,4,0,8,5
Rushey Green,2026-01-01,12,5,19,8
Rye Lane,2026-01-01,17,12,22,14
Sanderstead,2026-01-01,2,0,5,5
Sands End,2026-01-01,2,1,3,2
Selhurst,2026-01-01,4,0,8,4
Selsdon & Addington Village,2026-01-01,3,1,5,5
Selsdon Vale & Forestdale,2026-01-01,7,4,9,6
Seven Kings,2026-01-01,7,1,12,6
Seven Sisters,2026-01-01,6,1,11,7
Shacklewell,2026-01-01,4,1,7,5
Shadwell,2026-01-01,7,3,12,10
Shaftesbury & Queenstown,2026-01-01,7,3,11,9
Shepherd's Bush Green,2026-01-01,8,5,11,11
Shirley North,2026-01-01,3,3,3,3
Shirley South,2026-01-01,3,2,4,3
Shooters Hill,2026-01-01,4,4,4,4
Shortlands & Park Langley,2026-01-01,7,4,10,6
Sidcup,2026-01-01,6,5,7,7
Slade Green & Northend,2026-01-01,3,0,6,5
South Acton,2026-01-01,7,2,12,11
South Balham,2026-01-01,3,1,5,4
South Beddington & Roundshaw,2026-01-01,4,3,5,4
South Bermondsey,2026-01-01,16,10,22,11
South Croydon,2026-01-01,9,3,15,14
South Hampstead,2026-01-01,18,12,24,9
South Hornchurch,2026-01-01,2,0,4,2
South Norwood,2026-01-01,5,1,9,4
South Richmond,2026-01-01,10,6,14,10
South Ruislip,2026-01-01,14,9,19,6
South Tottenham,2026-01-01,8,6,10,8
South Twickenham,2026-01-01,4,3,5,4
South Woodford,2026-01-01,4,3,5,5
Southall Broadway,2026-01-01,7,5,9,7
Southall Green,2026-01-01,12,7,17,9
Southall West,2026-01-01,3,3,4,3
Southbury,2026-01-01,8,4,12,8
Southfield,2026-01-01,7,5,9,7
Southfields,2026-01-01,1,0,2,2
Southgate,2026-01-01,3,0,7,8
Spitalfields & Banglatown,2026-01-01,21,14,28,15
Springfield,2026-01-01,6,2,10,5
Squirrels Heath,2026-01-01,4,2,6,1
St Alban's,2026-01-01,1,0,2,2
St Andrew's,2026-01-01,3,2,4,3
St Ann's,2026-01-01,2,0,4,4
St Dunstan's,2026-01-01,7,5,9,8
St Edward's,2026-01-01,6,2,10,7
St George's,2026-01-01,4,0,8,3
St Giles,2026-01-01,11,5,17,10
St Helier,2026-01-01,1,0,3,5
St Helier East,2026-01-01,1,1,1,1
St Helier West,2026-01-01,6,4,8,5
St James,2026-01-01,4,0,8,4
St James's,2026-01-01,20,8,32,34
St Katharine's & Wapping,2026-01-01,10,8,12,10
St Margarets & North Twickenham,2026-01-01,6,4,8,3
St Mark's & Seething Wells,2026-01-01,2,2,2,2
St Martin's,2026-01-01,3,0,6,4
St Mary Cray,2026-01-01,6,4,8,6
St Mary's,2026-01-01,7,0,14,7
St Mary's & St James,2026-01-01,5,3,7,3
St Mary's & St James',2026-01-01,8,5,11,5
St Pancras & Somers Town,2026-01-01,11,6,16,13
St Paul's Cray,2026-01-01,7,2,12,6
St Peter's & Canalside,2026-01-01,4,1,8,8
St. Helen's,2026-01-01,2,0,4,2
Stamford Hill West,2026-01-01,3,1,5,3
Stanley,2026-01-01,9,4,14,7
Stanmore,2026-01-01,8,5,11,9
Stepney Green,2026-01-01,8,6,10,6
Stockwell East,2026-01-01,5,4,6,4
Stockwell West & Larkhall,2026-01-01,5,2,8,5
Stoke Newington,2026-01-01,4,0,8,2
Stonebridge,2026-01-01,9,4,14,10
Stonecot,2026-01-01,4,3,5,3
Stratford,2026-01-01,9,0,18,13
Streatham Common & Vale,2026-01-01,5,2,8,5
Streatham Hill East,2026-01-01,2,0,5,7
Streatham Hill West & Thornton,2026-01-01,7,3,11,9
Streatham St Leonard's,2026-01-01,9,5,13,5
Streatham Wells,2026-01-01,2,1,3,2
Stroud Green,2026-01-01,6,2,10,7
Sudbury,2026-01-01,2,2,2,2
Surbiton Hill,2026-01-01,4,2,6,5
Surrey Docks,2026-01-01,5,4,6,5
Sutton Central,2026-01-01,4,2,6,6
Sutton North,2026-01-01,3,1,5,3
Sutton South,2026-01-01,2,0,4,2
Sutton West & East Cheam,2026-01-01,3,2,4,3
Sydenham,2026-01-01,5,1,9,4
Syon & Brentford Lock,2026-01-01,11,5,17,5
Teddington,2026-01-01,4,3,5,4
Telegraph Hill,2026-01-01,4,0,8,9
Thames View,2026-01-01,1,1,1,1
Thamesfield,2026-01-01,12,7,17,9
Thamesmead East,2026-01-01,3,1,5,3
Thamesmead Moorings,2026-01-01,3,2,3,3
The Wrythe,2026-01-01,7,5,9,3
Thornton Heath,2026-01-01,5,3,7,5
Tokyngton,2026-01-01,3,1,5,4
Tollington,2026-01-01,8,0,16,9
Tolworth,2026-01-01,4,2,6,6
Tooting Bec,2026-01-01,7,4,9,5
Tooting Broadway,2026-01-01,7,3,11,8
Tottenham Central,2026-01-01,6,4,8,5
Tottenham Hale,2026-01-01,8,5,12,10
Totteridge & Woodside,2026-01-01,12,8,16,12
Town,2026-01-01,8,5,12,5
Trinity,2026-01-01,6,5,7,6
Tudor,2026-01-01,3,3,4,3
Tufnell Park,2026-01-01,10,7,13,6
Twickenham Riverside,2026-01-01,8,4,12,6
Underhill,2026-01-01,2,0,4,3
Upminster,2026-01-01,3,2,4,4
Upper Edmonton,2026-01-01,12,9,15,12
Upper Walthamstow,2026-01-01,7,3,11,5
Uxbridge,2026-01-01,12,8,16,10
Valence,2026-01-01,6,3,9,4
Valentines,2026-01-01,1,0,2,1
Valley,2026-01-01,6,2,10,6
Vauxhall,2026-01-01,5,3,7,7
Victoria,2026-01-01,5,1,8,5
Village,2026-01-01,8,2,13,12
Vincent Square,2026-01-01,4,2,6,4
Waddon,2026-01-01,10,4,16,11
Walham Green,2026-01-01,4,0,8,5
Wall End,2026-01-01,6,3,9,5
Wallington North,2026-01-01,3,2,5,3
Wallington South,2026-01-01,6,4,8,7
Walpole,2026-01-01,5,1,9,6
Wandle,2026-01-01,5,3,7,5
Wandsworth Common,2026-01-01,2,0,5,5
Wandsworth Town,2026-01-01,7,2,12,10
Wanstead Park,2026-01-01,2,0,4,8
Wanstead Village,2026-01-01,4,0,9,6
Waterloo & South Bank,2026-01-01,19,15,23,15
Wealdstone North,2026-01-01,4,3,5,4
Wealdstone South,2026-01-01,7,4,10,8
Weavers,2026-01-01,18,9,27,16
Welsh Harp,2026-01-01,8,4,13,11
Wembley Central,2026-01-01,7,4,10,5
Wembley Hill,2026-01-01,5,4,6,5
Wembley Park,2026-01-01,5,5,6,5
Wendell Park,2026-01-01,1,1,1,1
West Barnes,2026-01-01,1,0,2,1
West Drayton,2026-01-01,5,1,9,5
West Dulwich,2026-01-01,4,0,8,4
West End,2026-01-01,67,50,84,63
West Finchley,2026-01-01,8,4,12,11
West Green,2026-01-01,4,0,8,6
West Ham,2026-01-01,4,3,6,4
West Hampstead,2026-01-01,12,7,17,7
West Harrow,2026-01-01,2,2,2,2
West Heath,2026-01-01,3,2,4,3
West Hendon,2026-01-01,13,7,19,16
West Hill,2026-01-01,5,3,7,5
West Kensington,2026-01-01,4,2,6,5
West Putney,2026-01-01,4,0,7,9
West Thamesmead,2026-01-01,1,1,2,1
West Thornton,2026-01-01,12,9,15,12
West Twickenham,2026-01-01,1,0,2,1
West Wickham,2026-01-01,3,0,6,2
Westbourne,2026-01-01,8,5,10,8
Whalebone,2026-01-01,4,2,6,5
Whetstone,2026-01-01,7,6,8,6
White City,2026-01-01,1,0,2,1
White Hart Lane,2026-01-01,7,6,8,7
Whitechapel,2026-01-01,27,17,37,23
Whitewebbs,2026-01-01,6,4,8,7
Whitton,2026-01-01,2,1,3,2
Willesden Green,2026-01-01,8,0,16,11
William Morris,2026-01-01,6,3,9,4
Wimbledon Park,2026-01-01,7,4,10,7
Wimbledon Town & Dundonald,2026-01-01,1,0,2,3
Winchmore Hill,2026-01-01,9,6,12,8
Wood End,2026-01-01,13,8,18,12
Wood Street,2026-01-01,4,2,6,4
Woodberry Down,2026-01-01,11,9,13,7
Woodhouse,2026-01-01,6,1,11,8
Woodside,2026-01-01,10,4,16,16
Woolwich Arsenal,2026-01-01,6,2,10,3
Woolwich Common,2026-01-01,2,0,4,3
Woolwich Dockyard,2026-01-01,8,4,12,4
Worcester Park North,2026-01-01,1,0,2,1
Worcester Park South,2026-01-01,1,0,2,1
Wormholt,2026-01-01,3,3,3,3
Yeading,2026-01-01,8,6,10,7
Yiewsley,2026-01-01,5,0,10,5
Abbey,2026-02-01,6,2,10,7
Abbey Road,2026-02-01,12,8,16,8
Abbey Wood,2026-02-01,7,3,11,4
Abingdon,2026-02-01,3,2,4,3
Addiscombe East,2026-02-01,4,2,6,4
Addiscombe West,2026-02-01,3,0,7,5
Addison,2026-02-01,5,0,10,4
Aldborough,2026-02-01,8,6,10,8
Alexandra,2026-02-01,2,1,3,2
Alexandra Park,2026-02-01,1,0,2,1
Alibon,2026-02-01,4,3,5,4
Alperton,2026-02-01,4,1,7,4
Arnos Grove,2026-02-01,8,6,10,8
Arsenal,2026-02-01,3,0,7,5
Avonmore,2026-02-01,6,4,8,5
Balham,2026-02-01,7,3,11,7
Barking Riverside,2026-02-01,2,0,5,5
Barkingside,2026-02-01,1,0,2,1
Barnehurst,2026-02-01,5,4,6,5
Barnes,2026-02-01,3,0,6,3
Barnet Vale,2026-02-01,7,0,14,8
Barnhill,2026-02-01,6,5,7,6
Barnsbury,2026-02-01,5,3,7,5
Battersea Park,2026-02-01,7,1,13,12
Bayswater,2026-02-01,26,20,32,25
Beam,2026-02-01,5,4,6,5
Beam Park,2026-02-01,5,3,8,5
Beckenham Town & Copers Cope,2026-02-01,11,1,21,20
Beckton,2026-02-01,3,0,6,3
Becontree,2026-02-01,1,0,2,1
Beddington,2026-02-01,4,3,5,4
Bedfont,2026-02-01,5,2,8,5
Bellingham,2026-02-01,1,0,3,4
Belmont,2026-02-01,9,4,13,12
Belmont,2026-02-01,2,0,4,2
Belmore,2026-02-01,12,6,17,9
Belsize,2026-02-01,13,8,18,10
Belvedere,2026-02-01,5,5,5,5
Bensham Manor,2026-02-01,5,2,9,9
Berrylands,2026-02-01,6,3,8,3
Bethnal Green East,2026-02-01,8,0,15,22
Bethnal Green West,2026-02-01,6,0,12,22
Bexleyheath,2026-02-01,3,0,6,6
Bickley & Sundridge,2026-02-01,10,3,18,13
Biggin Hill,2026-02-01,4,4,4,4
Blackfen & Lamorbey,2026-02-01,3,1,5,3
Blackheath,2026-02-01,6,1,11,7
Blackheath Westcombe,2026-02-01,6,3,9,5
Blackwall & Cubitt Town,2026-02-01,7,0,14,7
Blendon & Penhill,2026-02-01,2,0,4,3
Bloomsbury,2026-02-01,21,11,31,25
Boleyn,2026-02-01,10,6,13,10
Borough & Bankside,2026-02-01,19,13,24,22
Bounds Green,2026-02-01,1,0,2,6
Bow East,2026-02-01,3,0,7,6
Bow West,2026-02-01,3,0,6,3
Bowes,2026-02-01,2,1,3,2
Brentford East,2026-02-01,4,2,6,4
Brentford West,2026-02-01,4,4,4,4
Bridge,2026-02-01,5,4,5,5
Brimsdown,2026-02-01,12,9,14,11
Brixton Acre Lane,2026-02-01,5,1,9,5
Brixton North,2026-02-01,8,4,12,7
Brixton Rush Common,2026-02-01,1,0,2,1
Brixton Windrush,2026-02-01,6,0,11,10
Broad Green,2026-02-01,7,5,9,8
Brockley,2026-02-01,7,2,13,10
Bromley Common & Holwood,2026-02-01,3,1,5,4
Bromley North,2026-02-01,2,0,5,6
Bromley South,2026-02-01,3,1,5,3
Bromley Town,2026-02-01,9,7,11,8
Brompton & Hans Town,2026-02-01,9,6,12,9
Brondesbury Park,2026-02-01,9,5,13,7
Brook Green,2026-02-01,8,7,10,8
Brownswood,2026-02-01,8,5,11,4
Bruce Castle,2026-02-01,4,1,7,4
Brunswick Park,2026-02-01,12,7,17,11
Bullsmoor,2026-02-01,4,3,5,4
Bunhill,2026-02-01,6,0,12,12
Burnt Oak,2026-02-01,8,0,16,6
Bush Hill Park,2026-02-01,6,3,9,7
Caledonian,2026-02-01,8,6,10,7
Camberwell Green,2026-02-01,1,0,3,6
Camden Square,2026-02-01,5,4,6,5
Camden Town,2026-02-01,7,1,13,13
Campden,2026-02-01,6,5,7,6
Canary Wharf,2026-02-01,14,9,19,14
Canbury Gardens,2026-02-01,2,2,3,2
Cann Hall,2026-02-01,10,6,15,6
Canning Town North,2026-02-01,11,7,14,10
Canning Town South,2026-02-01,2,0,3,11
Cannon Hill,2026-02-01,1,1,1,1
Canonbury,2026-02-01,3,0,6,4
Canons,2026-02-01,4,3,5,4
Carshalton Central,2026-02-01,7,3,10,3
Carshalton South & Clockhouse,2026-02-01,4,3,5,3
Carterhatch,2026-02-01,3,0,6,3
Catford South,2026-02-01,2,0,5,8
Cathall,2026-02-01,5,0,10,5
Cazenove,2026-02-01,2,0,4,2
Centenary,2026-02-01,6,4,8,6
Central Greenford,2026-02-01,11,6,16,11
Chadwell,2026-02-01,2,0,4,4
Chadwell Heath,2026-02-01,2,0,4,3
Champion Hill,2026-02-01,1,0,2,1
Chapel End,2026-02-01,4,2,7,7
Charlton Hornfair,2026-02-01,3,3,3,3
Charlton Village & Riverside,2026-02-01,3,3,3,3
Charville,2026-02-01,1,0,3,4
Chaucer,2026-02-01,8,0,16,9
Cheam,2026-02-01,1,0,3,5
Chelsea Riverside,2026-02-01,4,1,8,8
Chelsfield,2026-02-01,3,0,7,7
Chessington South & Malden Rushett,2026-02-01,1,1,1,1
Childs Hill,2026-02-01,11,6,15,15
Chingford Green,2026-02-01,8,5,10,5
Chislehurst,2026-02-01,6,1,12,10
Chiswick Gunnersbury,2026-02-01,5,3,7,5
Chiswick Homefields,2026-02-01,4,0,8,4
Chiswick Riverside,2026-02-01,4,3,5,4
Church Street,2026-02-01,9,6,12,7
Churchfields,2026-02-01,3,0,6,3
Clapham Common & Abbeville,2026-02-01,5,2,8,4
Clapham East,2026-02-01,3,0,6,4
Clapham Park,2026-02-01,2,1,3,3
Clapham Town,2026-02-01,11,6,16,7
Clayhall,2026-02-01,4,2,6,4
Clementswood,2026-02-01,2,0,4,3
Clerkenwell,2026-02-01,4,0,7,8
Clissold,2026-02-01,3,0,6,3
Clock House,2026-02-01,6,4,8,6
Cockfosters,2026-02-01,6,1,11,6
Colham & Cowley,2026-02-01,9,4,14,12
Colindale North,2026-02-01,5,4,6,5
Colindale South,2026-02-01,7,4,11,11
College Park & Old Oak,2026-02-01,8,4,12,8
Colliers Wood,2026-02-01,3,0,6,6
Colville,2026-02-01,5,0,10,5
Coningham,2026-02-01,6,0,12,7
Coombe Hill,2026-02-01,1,0,2,2
Coombe Vale,2026-02-01,2,0,4,2
Coulsdon Town,2026-02-01,2,1,3,2
Courtfield,2026-02-01,3,0,6,4
Cranbrook,2026-02-01,5,2,8,5
Cranford,2026-02-01,4,3,5,4
Cranham,2026-02-01,2,1,3,2
Crayford,2026-02-01,4,3,5,3
Cricket Green,2026-02-01,7,1,13,7
Cricklewood,2026-02-01,7,4,10,8
Cricklewood & Mapesbury,2026-02-01,8,7,10,8
Crofton Park,2026-02-01,7,4,10,7
Crook Log,2026-02-01,3,0,6,8
Crouch End,2026-02-01,19,14,25,14
Crystal Palace & Anerley,2026-02-01,3,0,6,5
Crystal Palace & Upper Norwood,2026-02-01,9,6,11,7
Custom House,2026-02-01,4,3,5,3
Dalgarno,2026-02-01,4,2,6,4
Dalston,2026-02-01,8,5,11,7
Darwin,2026-02-01,2,2,2,2
De Beauvoir,2026-02-01,10,5,15,12
Deptford,2026-02-01,11,6,16,10
Dollis Hill,2026-02-01,8,3,13,8
Dormers Wells,2026-02-01,4,3,4,4
Downham,2026-02-01,2,0,4,2
Dulwich Hill,2026-02-01,2,0,4,2
Dulwich Village,2026-02-01,4,3,4,4
Dulwich Wood,2026-02-01,5,3,7,5
Ealing Broadway,2026-02-01,8,0,17,18
Ealing Common,2026-02-01,7,3,11,7
Earl's Court,2026-02-01,13,7,19,13
East Acton,2026-02-01,4,1,7,6
East Barnet,2026-02-01,5,2,9,8
East Finchley,2026-02-01,6,0,11,13
East Greenwich,2026-02-01,8,6,10,8
East Ham,2026-02-01,11,7,16,9
East Ham South,2026-02-01,5,4,6,5
East Putney,2026-02-01,4,1,7,8
East Sheen,2026-02-01,5,0,10,6
East Wickham,2026-02-01,5,4,6,5
Eastbrook & Rush Green,2026-02-01,1,0,2,1
Eastbury,2026-02-01,9,1,17,10
Eastcote,2026-02-01,4,3,4,4
Edgware,2026-02-01,21,13,29,17
Edgwarebury,2026-02-01,7,5,9,9
Edmonton Green,2026-02-01,10,6,15,12
Elm Park,2026-02-01,2,0,3,2
Eltham Page,2026-02-01,3,0,6,3
Eltham Park & Progress,2026-02-01,2,0,4,4
Eltham Town & Avery Hill,2026-02-01,7,0,14,17
Emerson Park,2026-02-01,1,0,2,1
Endlebury,2026-02-01,3,3,3,3
Enfield Lock,2026-02-01,4,0,7,9
Erith,2026-02-01,2,0,4,2
Evelyn,2026-02-01,5,3,8,5
Fairfield,2026-02-01,14,7,21,15
Fairlop,2026-02-01,2,1,2,2
Falconbrook,2026-02-01,4,1,7,4
Falconwood & Welling,2026-02-01,6,4,9,7
Faraday,2026-02-01,15,7,22,19
Farnborough & Crofton,2026-02-01,4,0,8,7
Feltham North,2026-02-01,4,0,8,4
Feltham West,2026-02-01,4,2,7,4
Figge's Marsh,2026-02-01,1,0,2,1
Finchley Church End,2026-02-01,15,9,21,15
Finsbury Park,2026-02-01,3,0,6,5
Forest,2026-02-01,7,5,10,5
Forest Gate North,2026-02-01,3,3,3,3
Forest Gate South,2026-02-01,9,5,13,8
Forest Hill,2026-02-01,7,5,9,5
Fortis Green,2026-02-01,7,2,13,12
Fortune Green,2026-02-01,9,6,11,7
Friern Barnet,2026-02-01,5,0,10,5
Frognal,2026-02-01,3,0,6,6
Fulham Reach,2026-02-01,6,3,8,6
Fulham Town,2026-02-01,5,4,6,5
Fullwell,2026-02-01,8,5,12,4
Fulwell & Hampton Hill,2026-02-01,2,1,3,2
Furzedown,2026-02-01,6,5,7,6
Garden Suburb,2026-02-01,7,0,14,8
Gascoigne,2026-02-01,3,1,5,5
Gipsy Hill,2026-02-01,6,2,10,6
Golborne,2026-02-01,2,0,4,3
Golders Green,2026-02-01,9,7,11,9
Goodmayes,2026-02-01,3,0,6,3
Goose Green,2026-02-01,2,0,4,7
Gooshays,2026-02-01,3,0,6,4
Goresbrook,2026-02-01,2,1,3,2
Gospel Oak,2026-02-01,6,1,11,6
Grange Park,2026-02-01,6,4,8,6
Graveney,2026-02-01,3,2,4,4
Green Lane & St James,2026-02-01,2,2,2,2
Green Street East,2026-02-01,5,3,7,5
Green Street West,2026-02-01,4,1,7,4
Greenford Broadway,2026-02-01,9,7,11,8
Greenhill,2026-02-01,8,2,13,6
Greenwich Creekside,2026-02-01,4,3,5,4
Greenwich Park,2026-02-01,4,3,5,4
Greenwich Peninsula,2026-02-01,13,5,22,22
Grove,2026-02-01,8,6,9,7
Grove Green,2026-02-01,4,3,5,4
Grove Park,2026-02-01,2,0,5,7
Hackbridge,2026-02-01,2,1,3,2
Hackney Central,2026-02-01,8,7,9,8
Hackney Downs,2026-02-01,2,0,4,2
Hackney Wick,2026-02-01,3,0,6,3
Hacton,2026-02-01,3,3,3,3
Haggerston,2026-02-01,5,2,9,9
Hainault,2026-02-01,1,0,2,1
Hale End & Highams Park South,2026-02-01,2,0,4,2
"Ham, Petersham & Richmond Riverside",2026-02-01,4,4,4,4
Hammersmith Broadway,2026-02-01,5,3,7,5
Hampstead Town,2026-02-01,3,1,5,4
Hampton,2026-02-01,2,0,4,3
Hampton North,2026-02-01,1,0,2,1
Hampton Wick & South Teddington,2026-02-01,6,2,10,4
Hanger Hill,2026-02-01,7,2,11,12
Hanwell Broadway,2026-02-01,8,3,12,7
Hanworth Park,2026-02-01,7,6,7,6
Hanworth Village,2026-02-01,6,3,9,6
Harefield Village,2026-02-01,1,0,2,1
Harlesden & Kensal Green,2026-02-01,10,6,13,10
Harold Wood,2026-02-01,4,0,8,7
Harringay,2026-02-01,4,2,6,4
Harrow Road,2026-02-01,9,7,11,9
Harrow Weald,2026-02-01,9,7,11,8
Harrow on the Hill,2026-02-01,2,0,4,2
Haselbury,2026-02-01,4,0,8,6
Hatch End,2026-02-01,3,0,6,3
Hatch Lane & Highams Park North,2026-02-01,5,4,6,5
Havering-atte-Bower,2026-02-01,4,3,5,4
Haverstock,2026-02-01,11,6,17,15
Hayes & Coney Hall,2026-02-01,3,0,6,3
Hayes Town,2026-02-01,17,12,22,12
Headstone,2026-02-01,8,4,13,6
Heath,2026-02-01,1,0,2,1
Heathfield,2026-02-01,2,0,5,7
Heathrow Villages,2026-02-01,9,4,13,9
Heaton,2026-02-01,3,0,6,4
Hendon,2026-02-01,14,7,20,20
Hermitage & Gardens,2026-02-01,2,2,2,2
Herne Hill & Loughborough Junction,2026-02-01,11,6,16,7
Heston Central,2026-02-01,8,5,10,7
Heston East,2026-02-01,3,0,6,3
Heston West,2026-02-01,6,2,10,6
High Barnet,2026-02-01,4,2,6,6
High Street,2026-02-01,4,0,8,5
Higham Hill,2026-02-01,6,5,7,6
Highbury,2026-02-01,7,4,9,4
Highfield,2026-02-01,7,5,9,8
Highgate,2026-02-01,22,15,28,17
Hillingdon East,2026-02-01,3,3,3,3
Hillingdon West,2026-02-01,4,3,5,3
Hillrise,2026-02-01,14,10,19,14
Hillside,2026-02-01,3,2,3,3
Hither Green,2026-02-01,6,6,7,7
Hoe Street,2026-02-01,11,5,16,10
Holborn & Covent Garden,2026-02-01,16,10,22,16
Holland,2026-02-01,5,3,8,7
Holloway,2026-02-01,9,5,13,10
Homerton,2026-02-01,8,5,11,8
Hook & Chessington North,2026-02-01,2,1,3,3
Hornsey,2026-02-01,6,5,7,6
Hounslow Central,2026-02-01,6,5,7,6
Hounslow East,2026-02-01,5,4,6,5
Hounslow Heath,2026-02-01,2,0,4,2
Hounslow South,2026-02-01,2,2,2,2
Hounslow West,2026-02-01,7,4,10,5
Hoxton East & Shoreditch,2026-02-01,22,14,29,21
Hoxton West,2026-02-01,5,0,10,5
Hyde Park,2026-02-01,12,8,16,11
Hylands & Harrow Lodge,2026-02-01,3,2,4,3
Ickenham & South Harefield,2026-02-01,1,0,2,3
Ilford Town,2026-02-01,7,4,10,7
Island Gardens,2026-02-01,4,1,6,4
Isleworth,2026-02-01,1,0,2,1
Jubilee,2026-02-01,13,9,18,10
Junction,2026-02-01,16,10,22,16
Kelsey & Eden Park,2026-02-01,8,7,9,8
Kenley,2026-02-01,1,0,2,3
Kennington,2026-02-01,5,2,9,7
Kentish Town North,2026-02-01,6,3,9,4
Kentish Town South,2026-02-01,10,6,14,10
Kenton,2026-02-01,8,6,10,7
Kenton East,2026-02-01,6,4,8,6
Kenton West,2026-02-01,2,1,3,3
Kew,2026-02-01,2,0,4,17
Kidbrooke Park,2026-02-01,4,2,6,4
Kidbrooke Village & Sutcliffe,2026-02-01,4,0,9,6
Kilburn,2026-02-01,14,0,27,20
King George's & Sunray,2026-02-01,2,2,2,2
King's Cross,2026-02-01,6,0,12,7
King's Park,2026-02-01,1,0,2,1
Kingsbury,2026-02-01,6,3,9,4
Kingston Gate,2026-02-01,2,1,2,2
Kingston Town,2026-02-01,4,2,6,4
Knight's Hill,2026-02-01,2,0,4,2
Knightsbridge & Belgravia,2026-02-01,9,6,12,9
Lady Margaret,2026-02-01,3,2,4,3
Ladywell,2026-02-01,3,0,6,3
Lancaster Gate,2026-02-01,10,6,15,12
Lansbury,2026-02-01,9,0,17,14
Larkswood,2026-02-01,3,0,7,7
Lavender,2026-02-01,4,0,9,7
Lavender Fields,2026-02-01,6,2,10,10
Laycock,2026-02-01,4,0,8,7
Lea Bridge,2026-02-01,8,0,16,9
Lee Green,2026-02-01,2,0,4,4
Lewisham Central,2026-02-01,2,0,4,2
Leyton,2026-02-01,5,1,9,5
Leytonstone,2026-02-01,9,6,11,7
Lillie,2026-02-01,4,3,5,4
Limehouse,2026-02-01,4,1,7,4
Little Ilford,2026-02-01,7,5,8,5
Little Venice,2026-02-01,4,2,6,4
London Bridge & West Bermondsey,2026-02-01,17,12,22,16
London Fields,2026-02-01,7,4,11,11
Longbridge,2026-02-01,3,2,4,4
Longlands,2026-02-01,1,0,2,1
Longthornton,2026-02-01,6,4,8,6
Lower Edmonton,2026-02-01,7,4,10,5
Lower Morden,2026-02-01,3,3,3,3
Loxford,2026-02-01,10,5,15,6
Maida Vale,2026-02-01,7,3,10,5
Manor Park,2026-02-01,3,0,6,3
Markhouse,2026-02-01,2,1,3,2
Marlborough,2026-02-01,2,1,3,2
Marshalls & Rise Park,2026-02-01,3,0,6,5
Maryland,2026-02-01,2,0,4,2
Marylebone,2026-02-01,32,16,48,23
Mawneys,2026-02-01,8,4,12,7
Mayesbrook,2026-02-01,1,0,2,2
Mayfield,2026-02-01,6,5,6,6
Merton Park,2026-02-01,3,3,3,3
Middle Park & Horn Park,2026-02-01,2,0,4,2
Mildmay,2026-02-01,3,0,6,3
Mile End,2026-02-01,9,4,15,13
Mill Hill,2026-02-01,9,1,17,10
Monkhams,2026-02-01,3,2,4,4
Mortlake & Barnes Common,2026-02-01,12,9,15,7
Motspur Park & Old Malden East,2026-02-01,1,0,2,4
Mottingham,2026-02-01,4,4,4,4
"Mottingham, Coldharbour & New Eltham",2026-02-01,1,0,2,3
Munster,2026-02-01,9,7,11,8
Muswell Hill,2026-02-01,1,0,2,1
Myatt's Fields,2026-02-01,1,0,2,1
New Addington North,2026-02-01,2,2,2,2
New Addington South,2026-02-01,4,3,5,4
New Cross Gate,2026-02-01,4,0,8,4
New Malden Village,2026-02-01,4,2,7,5
New Southgate,2026-02-01,4,3,5,4
Newbury,2026-02-01,11,6,16,7
Newington,2026-02-01,11,3,18,17
Nine Elms,2026-02-01,6,4,7,6
Noel Park,2026-02-01,10,8,12,9
Norbiton,2026-02-01,5,3,7,5
Norbury & Pollards Hill,2026-02-01,10,7,13,10
Norbury Park,2026-02-01,1,1,1,1
Norland,2026-02-01,2,0,4,3
North Acton,2026-02-01,10,7,14,11
North Bermondsey,2026-02-01,13,7,18,10
North Cheam,2026-02-01,1,1,1,1
North Greenford,2026-02-01,14,9,19,8
North Hanwell,2026-02-01,6,3,9,8
North Harrow,2026-02-01,3,3,3,3
North Richmond,2026-02-01,2,1,3,3
North Walworth,2026-02-01,9,3,15,11
Northbury,2026-02-01,7,4,9,3
Northcote,2026-02-01,3,2,4,3
Northfield,2026-02-01,6,4,7,6
Northolt Mandeville,2026-02-01,13,7,19,11
Northolt West End,2026-02-01,4,2,6,4
Northumberland Heath,2026-02-01,2,2,2,2
Northumberland Park,2026-02-01,10,7,14,11
Northwick Park,2026-02-01,2,0,4,2
Northwood,2026-02-01,10,6,13,9
Northwood Hills,2026-02-01,8,5,12,5
Norwood Green,2026-02-01,6,4,8,5
Notting Dale,2026-02-01,5,4,6,5
Nunhead & Queen's Road,2026-02-01,9,8,10,9
Oakwood,2026-02-01,2,1,4,4
Old Coulsdon,2026-02-01,3,3,3,3
Old Kent Road,2026-02-01,7,1,13,8
Old Malden,2026-02-01,2,2,2,2
Orpington,2026-02-01,2,0,4,3
Osterley & Spring Grove,2026-02-01,7,0,14,5
Oval,2026-02-01,3,0,6,3
Palace & Hurlingham,2026-02-01,2,0,4,2
Palmers Green,2026-02-01,5,3,8,8
Park Hill & Whitgift,2026-02-01,10,6,14,8
Parsloes,2026-02-01,4,2,6,6
Parsons Green & Sandford,2026-02-01,2,0,4,2
Peckham,2026-02-01,5,0,10,12
Peckham Rye,2026-02-01,6,4,9,3
Pembridge,2026-02-01,11,7,16,11
Penge & Cator,2026-02-01,7,4,10,7
Perivale,2026-02-01,8,6,10,8
Perry Vale,2026-02-01,7,4,10,7
Petts Wood & Knoll,2026-02-01,6,4,7,6
Pimlico North,2026-02-01,11,8,13,11
Pimlico South,2026-02-01,7,5,9,7
Pinkwell,2026-02-01,15,5,24,14
Pinner,2026-02-01,7,2,12,7
Pinner South,2026-02-01,8,5,10,5
Pitshanger,2026-02-01,8,3,12,5
Plaistow,2026-02-01,3,0,7,7
Plaistow North,2026-02-01,7,4,10,6
Plaistow South,2026-02-01,4,3,5,4
Plaistow West & Canning Town East,2026-02-01,9,8,10,8
Plashet,2026-02-01,1,0,2,1
Plumstead & Glyndon,2026-02-01,7,5,9,7
Plumstead Common,2026-02-01,9,6,12,9
Pollards Hill,2026-02-01,2,1,3,2
Ponders End,2026-02-01,13,8,18,13
Poplar,2026-02-01,3,2,4,4
Preston,2026-02-01,2,0,4,4
Primrose Hill,2026-02-01,13,7,18,15
Purley & Woodcote,2026-02-01,10,7,13,10
Purley Oaks & Riddlesdown,2026-02-01,3,1,6,6
Queen's Gate,2026-02-01,5,3,8,6
Queen's Park,2026-02-01,11,8,15,9
Queens Park,2026-02-01,5,1,10,7
Queensbury,2026-02-01,8,6,10,8
Rainham & Wennington,2026-02-01,5,5,5,5
Ravensbury,2026-02-01,8,4,12,7
Ravenscourt,2026-02-01,1,0,2,2
Rayners Lane,2026-02-01,4,3,5,4
Raynes Park,2026-02-01,7,2,11,4
Redcliffe,2026-02-01,6,0,12,7
Regent's Park,2026-02-01,19,13,24,22
Ridgeway,2026-02-01,5,3,8,8
Roehampton,2026-02-01,8,6,10,8
Rotherhithe,2026-02-01,13,7,19,3
Roundwood,2026-02-01,4,1,8,5
Roxbourne,2026-02-01,7,3,10,7
Roxeth,2026-02-01,7,6,8,7
Royal Albert,2026-02-01,1,0,3,5
Royal Hospital,2026-02-01,3,1,5,3
Royal Victoria,2026-02-01,5,1,9,5
Ruislip,2026-02-01,5,1,9,9
Ruislip Manor,2026-02-01,2,2,2,2
Rush Green & Crowlands,2026-02-01,4,0,8,4
Rushey Green,2026-02-01,9,2,15,12
Rye Lane,2026-02-01,13,7,19,17
Sanderstead,2026-02-01,2,0,4,2
Sands End,2026-02-01,2,1,3,2
Selhurst,2026-02-01,4,0,8,4
Selsdon & Addington Village,2026-02-01,3,1,5,3
Selsdon Vale & Forestdale,2026-02-01,7,4,9,7
Seven Kings,2026-02-01,7,2,12,7
Seven Sisters,2026-02-01,6,2,11,6
Shacklewell,2026-02-01,5,3,7,4
Shadwell,2026-02-01,7,3,11,7
Shaftesbury & Queenstown,2026-02-01,9,6,13,7
Shepherd's Bush Green,2026-02-01,7,4,10,8
Shirley North,2026-02-01,3,3,3,3
Shirley South,2026-02-01,3,2,4,3
Shooters Hill,2026-02-01,4,4,4,4
Shortlands & Park Langley,2026-02-01,4,2,7,7
Sidcup,2026-02-01,7,6,8,6
Slade Green & Northend,2026-02-01,3,0,6,3
South Acton,2026-02-01,4,0,9,7
South Balham,2026-02-01,3,2,5,3
South Beddington & Roundshaw,2026-02-01,4,3,5,4
South Bermondsey,2026-02-01,11,5,18,16
South Croydon,2026-02-01,9,3,14,9
South Hampstead,2026-02-01,6,0,12,18
South Hornchurch,2026-02-01,2,0,4,2
South Norwood,2026-02-01,3,0,7,5
South Richmond,2026-02-01,6,2,9,10
South Ruislip,2026-02-01,10,4,17,14
South Tottenham,2026-02-01,9,7,11,8
South Twickenham,2026-02-01,4,4,5,4
South Woodford,2026-02-01,5,3,7,4
Southall Broadway,2026-02-01,8,6,10,7
Southall Green,2026-02-01,5,0,9,12
Southall West,2026-02-01,3,3,3,3
Southbury,2026-02-01,8,6,10,8
Southfield,2026-02-01,7,5,9,7
Southfields,2026-02-01,1,0,2,1
Southgate,2026-02-01,3,0,6,3
Spitalfields & Banglatown,2026-02-01,15,7,22,21
Springfield,2026-02-01,5,1,10,6
Squirrels Heath,2026-02-01,1,0,2,4
St Alban's,2026-02-01,1,0,2,1
St Andrew's,2026-02-01,3,2,4,3
St Ann's,2026-02-01,2,0,4,2
St Dunstan's,2026-02-01,7,5,9,7
St Edward's,2026-02-01,3,0,7,6
St George's,2026-02-01,1,0,3,4
St Giles,2026-02-01,5,0,10,11
St Helier,2026-02-01,1,0,2,1
St Helier East,2026-02-01,1,1,1,1
St Helier West,2026-02-01,6,4,8,6
St James,2026-02-01,4,1,7,4
St James's,2026-02-01,18,6,31,20
St Katharine's & Wapping,2026-02-01,10,8,12,10
St Margarets & North Twickenham,2026-02-01,2,0,5,6
St Mark's & Seething Wells,2026-02-01,2,2,2,2
St Martin's,2026-02-01,6,0,11,3
St Mary Cray,2026-02-01,6,5,7,6
St Mary's,2026-02-01,5,0,10,7
St Mary's & St James,2026-02-01,6,4,8,5
St Mary's & St James',2026-02-01,5,1,9,8
St Pancras & Somers Town,2026-02-01,11,8,15,11
St Paul's Cray,2026-02-01,5,2,8,7
St Peter's & Canalside,2026-02-01,4,0,8,4
St. Helen's,2026-02-01,2,0,4,2
Stamford Hill West,2026-02-01,3,1,5,3
Stanley,2026-02-01,4,0,7,9
Stanmore,2026-02-01,9,5,12,8
Stepney Green,2026-02-01,7,5,9,8
Stockwell East,2026-02-01,5,4,6,5
Stockwell West & Larkhall,2026-02-01,5,3,8,5
Stoke Newington,2026-02-01,2,0,4,4
Stonebridge,2026-02-01,11,7,14,9
Stonecot,2026-02-01,4,3,5,4
Stratford,2026-02-01,14,3,25,9
Streatham Common & Vale,2026-02-01,5,2,8,5
Streatham Hill East,2026-02-01,2,0,4,2
Streatham Hill West & Thornton,2026-02-01,6,3,9,7
Streatham St Leonard's,2026-02-01,11,7,15,9
Streatham Wells,2026-02-01,2,1,3,2
Stroud Green,2026-02-01,7,4,10,6
Sudbury,2026-02-01,2,2,2,2
Surbiton Hill,2026-02-01,5,4,6,4
Surrey Docks,2026-02-01,5,4,6,5
Sutton Central,2026-02-01,6,4,7,4
Sutton North,2026-02-01,3,2,4,3
Sutton South,2026-02-01,2,0,4,2
Sutton West & East Cheam,2026-02-01,3,2,4,3
Sydenham,2026-02-01,4,1,7,5
Syon & Brentford Lock,2026-02-01,5,0,10,11
Teddington,2026-02-01,4,3,4,4
Telegraph Hill,2026-02-01,3,0,6,4
Thames View,2026-02-01,1,1,1,1
Thamesfield,2026-02-01,10,5,15,12
Thamesmead East,2026-02-01,3,1,5,3
Thamesmead Moorings,2026-02-01,3,2,3,3
The Wrythe,2026-02-01,2,0,5,7
Thornton Heath,2026-02-01,5,3,7,5
Tokyngton,2026-02-01,2,1,4,3
Tollington,2026-02-01,13,5,21,8
Tolworth,2026-02-01,6,4,8,4
Tooting Bec,2026-02-01,7,5,9,7
Tooting Broadway,2026-02-01,5,2,9,7
Tottenham Central,2026-02-01,6,4,8,6
Tottenham Hale,2026-02-01,8,5,12,8
Totteridge & Woodside,2026-02-01,12,8,15,12
Town,2026-02-01,9,5,12,8
Trinity,2026-02-01,6,5,7,6
Tudor,2026-02-01,3,3,3,3
Tufnell Park,2026-02-01,6,3,9,10
Twickenham Riverside,2026-02-01,7,4,11,8
Underhill,2026-02-01,2,0,4,2
Upminster,2026-02-01,3,2,4,3
Upper Edmonton,2026-02-01,12,10,14,12
Upper Walthamstow,2026-02-01,4,1,8,7
Uxbridge,2026-02-01,14,9,19,12
Valence,2026-02-01,3,0,6,6
Valentines,2026-02-01,1,0,2,1
Valley,2026-02-01,6,3,9,6
Vauxhall,2026-02-01,7,4,9,5
Victoria,2026-02-01,5,1,8,5
Village,2026-02-01,7,2,12,8
Vincent Square,2026-02-01,3,2,4,4
Waddon,2026-02-01,7,3,12,10
Walham Green,2026-02-01,4,0,8,4
Wall End,2026-02-01,6,4,8,6
Wallington North,2026-02-01,3,1,4,3
Wallington South,2026-02-01,7,5,9,6
Walpole,2026-02-01,6,3,9,5
Wandle,2026-02-01,5,3,7,5
Wandsworth Common,2026-02-01,2,0,4,2
Wandsworth Town,2026-02-01,4,0,9,7
Wanstead Park,2026-02-01,1,0,2,2
Wanstead Village,2026-02-01,4,0,8,4
Waterloo & South Bank,2026-02-01,16,11,20,19
Wealdstone North,2026-02-01,4,3,5,4
Wealdstone South,2026-02-01,8,5,11,7
Weavers,2026-02-01,7,0,13,18
Welsh Harp,2026-02-01,8,5,12,8
Wembley Central,2026-02-01,5,2,8,7
Wembley Hill,2026-02-01,5,5,5,5
Wembley Park,2026-02-01,5,5,5,5
Wendell Park,2026-02-01,1,1,1,1
West Barnes,2026-02-01,1,0,2,1
West Drayton,2026-02-01,5,2,8,5
West Dulwich,2026-02-01,4,0,7,4
West End,2026-02-01,34,15,53,67
West Finchley,2026-02-01,13,9,18,8
West Green,2026-02-01,2,0,4,4
West Ham,2026-02-01,4,2,6,4
West Hampstead,2026-02-01,11,5,16,12
West Harrow,2026-02-01,2,2,2,2
West Heath,2026-02-01,3,2,3,3
West Hendon,2026-02-01,9,3,15,13
West Hill,2026-02-01,5,3,6,5
West Kensington,2026-02-01,5,3,7,4
West Putney,2026-02-01,3,0,6,4
West Thamesmead,2026-02-01,1,1,1,1
West Thornton,2026-02-01,12,10,15,12
West Twickenham,2026-02-01,1,0,2,1
West Wickham,2026-02-01,2,0,4,3
Westbourne,2026-02-01,8,7,9,8
Whalebone,2026-02-01,3,1,5,4
Whetstone,2026-02-01,5,4,7,7
White City,2026-02-01,1,0,2,1
White Hart Lane,2026-02-01,7,6,8,7
Whitechapel,2026-02-01,11,0,21,27
Whitewebbs,2026-02-01,6,4,8,6
Whitton,2026-02-01,2,2,3,2
Willesden Green,2026-02-01,6,0,12,8
William Morris,2026-02-01,6,4,8,6
Wimbledon Park,2026-02-01,7,5,8,7
Wimbledon Town & Dundonald,2026-02-01,1,0,2,1
Winchmore Hill,2026-02-01,9,6,12,9
Wood End,2026-02-01,13,8,18,13
Wood Street,2026-02-01,4,3,5,4
Woodberry Down,2026-02-01,8,4,12,11
Woodhouse,2026-02-01,3,0,7,6
Woodside,2026-02-01,9,3,14,10
Woolwich Arsenal,2026-02-01,2,0,5,6
Woolwich Common,2026-02-01,2,0,4,2
Woolwich Dockyard,2026-02-01,4,1,8,8
Worcester Park North,2026-02-01,1,0,2,1
Worcester Park South,2026-02-01,1,0,2,1
Wormholt,2026-02-01,3,3,3,3
Yeading,2026-02-01,8,6,11,8
Yiewsley,2026-02-01,5,0,10,5
